callsign,count
Unknown,809
 Inc.,20
 S.A.,15
 ,11
 S.A. de C.V.,5
 S.L.,3
Rainbow Air,3
AFRICOMPANY,2
FIREFLY,2
CATOVAIR,2
DVINA,2
ANGOLA CHARTER,2
AIR PARTNER,2
ALPAV,2
ALLIED,2
PHOENIX,2
TYROLEAN,2
ABEX,2
CANADIAN,2
AIR ANDAMAN,2
GREEN BIRD,2
SUNEXPRESS,2
FLYING CARPET,2
PELICAN,2
NATIONAL,2
ALUNK,2
ERAH,2
LINK,2
REVAL,2
Mandarin,2
BEAUTY,2
ENTERPRISE LUHANSK,2
KESTREL,2
ROYAL NEPAL,2
SKYJET,2
INTERJET,2
SKYFOX,2
RELAX,2
EXPRESSWAYS,2
SKYKING,2
SIAM,2
VIRGIN,2
GOUMRAK,2
GEO-LINE,2
OA,2
GO CAT,2
AIGLE AZUR,1
ALOHA,1
ALASKA ISLAND,1
AMERICAN,1
AM CORP,1
ATLANTIS AIR,1
AEROVISTA GROUP,1
ASIANA,1
AL-AAS,1
AUSTASIA,1
ASTRO-PHIL,1
AFRIQIYAH,1
ABG,1
ALLEGIANT,1
ANGUS,1
ARTEM-AVIA,1
AFRICAN BUSINESS-,1
ABAN,1
SKYWINGS,1
ABAKAN-AVIA,1
ABSA Cargo,1
Abaet,1
ALBERTA CITYLINK,1
AEROEXPRESO,1
AEROBUENO,1
 Escuela de Formacion de Pioltos Privados de Avion,1
ANTRAK,1
ATA-BRAZIL,1
ACADEMY,1
AERO COMONDU,1
ASTRAL CARGO,1
BOREALIS,1
AFRISPIRIT,1
AERO ASIA,1
PARAIR,1
AIR TOGO,1
AIR SOMALIA,1
ATLAS CARGOLINES,1
AUSCAL,1
ANTONOV BUREAU,1
ATLAN-DOMINICAN,1
ADA AIR,1
AEREA TRAINING,1
AUDELI,1
ABICAR,1
ADCO,1
COTSWOLD,1
DOMINAIR,1
AERODIENST,1
AERODIPLOMATIC,1
AERODYNE,1
AIR DATA,1
ADRIA,1
SONORAV,1
AIR DORVAL,1
AIRDEAL,1
ADVANCE,1
ANDAX,1
EUROPA,1
AIRSOUTHWEST,1
AIRSPEC,1
AEROBEN,1
 Aerovias Del Cesar,1
AEGEAN,1
FUMIGACIONES SAM,1
INTERAM,1
KHAKI EXPRESS,1
AEROCON,1
AEROMADRID,1
AERO OCCIDENTE,1
AEROTEC,1
ATLANTIC,1
AIR EUROPE,1
AIR ALMA,1
LUNA,1
ACE AIR,1
ACES,1
AEROTHAI,1
FLYSTAR,1
AEROVENTAS,1
AEROSVIT,1
AVCO,1
AIR ITALY,1
AERIAL TRANZ,1
BLUE ALFA,1
AMERICAN FALCON,1
UNITY,1
UNI-LEONE,1
AUVIA,1
AFRICAN WEST,1
AIRFAST,1
ARIANA,1
FECTO,1
AFRICAWORLD,1
JAMBO,1
AFRICA LINKS,1
AEROFLOT,1
AERO EMPRESA,1
AIR BOSNA,1
AIR BRAVO,1
BRASD'OR,1
BOOMERANG,1
ALBA,1
AIRFRANS,1
AIRCALIN,1
WEST CAL,1
AIR GUAM,1
GOLF NOVEMBER,1
AFRIQUE VACANCE,1
PEGASUS,1
AIR ANGOL,1
REGAL EAGLE,1
NIGHT CARGO,1
ARSAM,1
AIR SENEGAL,1
AIR SANDY,1
NAMIBIA,1
INTERSALONIKA,1
AIR ANATOLIA,1
AIR SAIGON,1
AFRAIR,1
AFRICA CHARTERED,1
AFREIGHT,1
AGRICO,1
ATLANTIC GULF,1
COSTERA,1
ALGOMA,1
ALTAGNA,1
AIR TARA,1
GALASERVICE,1
AMADEUS,1
SARMA,1
AIR GLACIERS,1
AERO GAMBIA,1
GENEX,1
BLUE RIDGE,1
AEROLOZ,1
Aeroperu,1
ATLAS BLUE,1
AEROBANOBRAS,1
FLIGHT GROUP,1
AGROLET,1
AIR ALPHA,1
AZALAVIACARGO,1
 Muller & Co.,1
BIRD JET,1
ASPEN,1
AEROCHAGO,1
AIRHOLD,1
AIR HONG KONG,1
AEROCHIAPAS,1
ADRIATIC,1
AIRSAR,1
ABC HUNGARY,1
AEROMIST,1
AZAL,1
AVIES,1
AIRBUS INDUSTRIE,1
ALPINE CHILE,1
INTEGRA,1
ABC AEROLINEAS,1
AFRICAN AIRLINES,1
FLY CARGO,1
ALPINE AIR,1
ALIA,1
BAIR,1
PAKBLUE,1
THAI AIRMARK,1
AIRLIFT,1
AIR BAFFIN,1
BANDAMA,1
AIR BERLIN,1
AIR BROUSSE,1
CONTRACT,1
AIR ILLINOIS,1
AIRINDIA,1
BOURBON,1
ATLANTA,1
AIR INUIT,1
SURESTE,1
Air Srpska,1
TAHITI AIRLINES,1
AIRVIAS,1
BIRD EXPRESS,1
TARTAN,1
CRUISER,1
AIRCREW,1
ARKIA,1
AYJAY SERVICES,1
AERO JBR,1
JET EXPRESS,1
AVIACONSULT,1
AMERISTAR,1
ATLANTIC JET,1
BAMBI,1
JAMAICA,1
HERON,1
SAHARA,1
AIR MALTA,1
AEROEXO,1
AEROJETS,1
AEROEJECUTIVOS,1
AMERIJET,1
AIRJETSUL,1
AYJAY CARGO,1
ALPHAJET,1
AIR JAPAN,1
AYJET,1
LIVONIA,1
AIRCOACH,1
AIR JAMAHIRIYA,1
KARAB,1
ARCA,1
ANIKAY,1
AKHAL,1
AEROMIL,1
AKLAK,1
ALKAN AIR,1
ANGKORWAYS,1
ALFA WING,1
ABSOLUTE,1
ALBATROS,1
ALBION,1
AEROALAS,1
ACEFORCE,1
AEROLINEAS ALBATROS,1
AMERICAN FLYERS,1
AERO COACH,1
Chandler,1
BAVARIAN,1
AIRLOG,1
VALLARTA,1
ANTILLEAN,1
CHICAGO LINCOLN,1
CACTUS,1
AIR WISCONSIN,1
AEROUNION,1
TAXIS CESSNA,1
TEMPE,1
TATARSTAN,1
ALLEGHENY,1
ALPINER,1
ALTAIR,1
LUXORJET,1
ALVEN,1
ALYESKA,1
AIR SUNSHINE,1
ADIK,1
AEROLINEAS MEDELLIN,1
AMFLIGHT,1
KAUNAS,1
AIR MINAS,1
MANN,1
AIR MALDIVES,1
AVIATION AMOS,1
AMER AIR,1
MALAWI,1
AEROM,1
MONTENEGRO,1
AIR MONTREAL,1
ATSA,1
LIFELINE,1
AIR AM,1
AIR MUSKOKA,1
AMTRAN,1
AIR MACAO,1
AIR MIDWEST,1
SEYCHELLES,1
AIR SOFIA,1
AEROMEXICO,1
AIR AMBAR,1
AMIYA AIR,1
ALL NIPPON,1
AIR NAV,1
ANGLO,1
AIR NOSTRUM,1
NUIGINI,1
ARABIA,1
AIR CANADA,1
AEROBRA,1
ARBAS,1
AIRBALTIC,1
ALAJNIHAH,1
NIGALANTIC,1
ANK AIR,1
 Maintenance & Service GmbH,1
TOPEND,1
ANTIOQUIA,1
AEROANDES,1
AIR NORTH,1
AIR NEVADA,1
French Lines,1
NEW ZEALAND,1
TOBOL,1
SERVIEMPRESARIAL,1
AERO AVCOM,1
AERO CZECH,1
ATAIR,1
AVIP,1
AEROMUNDO,1
MURI,1
AEROMASTER,1
AERONORD,1
ANGKOR AIR,1
AERO ENTERPRISE,1
 Opened Joint Stock Company,1
AEROPILOTO,1
AEROENLACES,1
AEROVIZ,1
VISTA GULF,1
AIR VEGAS,1
ALMAVER,1
INTER-AFRO,1
ALIEXPRESS,1
ASIA OVERNIGHT,1
AIR TRACTOR,1
AEROVISION,1
AEROVALLE,1
CAN-AM,1
SERVIMONTE,1
AMAPOLA,1
AIR PEOPLE,1
 Lda.,1
BLACKJACK,1
AEROPETRO,1
Aero Fox,1
BAY JET,1
BARCOL,1
ALL CHARTER,1
AEROPRO,1
 S.A. (Apair),1
ASPEN BASE,1
AIR PLAN,1
BIG A,1
PARCEL EXPRESS,1
APA INTERNACIONAL,1
AQUILA,1
BUSHAIR,1
ALCOA SHUTTLE,1
QUARIUS,1
QUANZA,1
ARIK AIR,1
AVIAIR,1
AEROCONDOR,1
 Aerovias de Integracion Regional,1
ARGENTINA,1
ARROWHEAD,1
AEROVICS,1
SERVICIO SANLUIS,1
AEROSUPER,1
LINK SERVICE,1
AIRLEC,1
AMEX,1
ARROW,1
AIR KLAIPEDA,1
AIR ARMENIA,1
METSERVICE,1
AEROTAL,1
ARAVCO,1
ARIABIRD,1
ALANIA,1
HOTEL TANGO,1
LINEAS TEHUACAN,1
AEROHUITZILIN,1
AERO HUMAYA,1
GOSEY,1
AIR RESORTS,1
AIR SPRAY,1
AIR STAR,1
AIR SINAI,1
MOROZOV,1
AFRICAN STAR,1
SATELLITE,1
AWESOME,1
AERO NITRA,1
AIRSPRINT,1
ACEY,1
AEROESTE,1
AVIONES ARE,1
AIR NEPAL,1
TAXI CARGO,1
ARROW PANAMA,1
ASTRAVIA,1
AIR ASTRAKHAN,1
STARLITE,1
TANZANIA,1
AEROTOURS,1
 Ltd.,1
BACHYT,1
BURKINA,1
AIR TRAVEL,1
SNOOPY,1
AEROTACA,1
CENTRALMEX,1
AIRTAS,1
AIR TRANSPORT,1
ASTRAL,1
MULTI,1
FERINCO,1
AERO ALFE,1
AVIALESOOKHRANA,1
FOXTROT FOXTROT,1
ATLAS-AIR,1
AERTURAS,1
ATLANT HUNGARY,1
AVANTI AIR,1
AERO TRADES,1
AUSTRIAN,1
SWALLOW,1
AUGSBURG-AIR,1
AIRCORPORATE,1
TUPOLEVAIR,1
AIRBRIDGE CARGO,1
ATESA,1
COWBOY,1
AUGUSTA,1
SULTAN,1
ATLAMUR,1
AVIONES UNIDOS,1
AEROESPECIAL,1
AYLINE,1
AUSTRAL,1
AUSTRALIAN,1
BEAUPAIR,1
CARIBOO,1
DJIBOUTI FALCON,1
KENT HELI,1
ATOMIC,1
AVIATE-COPTER,1
AIR VAN,1
AVIATION WORK,1
AVCORP,1
ALFA-SPACE,1
LANFREIGHT,1
LIFTCO,1
AVIALSA,1
ASIAVIA,1
AVIASUD,1
AIRVANTAGE,1
AVIATOR,1
PASLAUGA,1
YUGAIR,1
BELOUGA,1
AIR BANGLA,1
BULGARIAN,1
AERO BG,1
BAHIA,1
MEDITERRANEE,1
AVIASERVICE,1
AESA,1
SWAZILINK,1
AIR MOOREA,1
AIR VALENCIA,1
AIRWORK,1
AUSSIEWORLD,1
AIR NIAMEY,1
AWOOD AIR,1
ARCTIC WINGS,1
STORK,1
ARAB WINGS,1
AIR WEST,1
SYLT-AIR,1
RED DRAGON,1
FRENCH WEST,1
EXPRESS INDIA,1
AIR SUDEX,1
FREIGHTEXPRESS,1
AEROMEXHAGA,1
EXPRESS JET,1
EXEL COMMUTER,1
ASIAN EXPRESS,1
ALEXANDROS,1
AEROMAX SPAIN,1
ACTION AIR,1
ALBERNI,1
AERO BONANZA,1
AEROBONA,1
ABAIR,1
ALTUS,1
AXAVIA,1
IMPEX,1
AXIS,1
AIRLINES ALADIA,1
AYEET,1
ATLANT-SOYUZ,1
ALITALIA,1
TUMARA,1
ARCUS AIR,1
AIR ZERMATT,1
AZALHELICOPTER,1
SKY AFRICA,1
AEROCOZUMEL,1
ARIZONA PACIFIC,1
ZITOTRANS,1
AZOV AVIA,1
AIR ZIMBABWE,1
AERO JOMACHA,1
AIR MEMPHIS,1
MEPHIS UGANDA,1
AIR MARRAKECH,1
AZIMA,1
AZZA TRANSPORT,1
NIGHT AIR,1
ANTANIK,1
NEWAIR,1
AEROBANANA,1
AMAKO AIR,1
AROSCA,1
ANGOSERVICE,1
ANGEL AIR,1
ANGEL FLIGHT,1
CITY EXPRESS,1
AERONOVA,1
EXPERT,1
INTER EXPRESS,1
AIR LIBYA,1
AIRVENTURE,1
AERO SERVICIOS,1
AIR VALLEE,1
AEROMOVER,1
VIAS EJECUTIVAS,1
PITY,1
PULKOVO,1
AIRPAL,1
PULLMANTUR,1
Avex,1
SERVIAVIONES,1
AVIO SLUZBA,1
SCORPIO UNIVERS,1
AIR SPIRIT,1
OLIGA,1
AVIATECA,1
PINE STATE,1
AEROPYCSA,1
BORIS,1
BAHRAIN,1
AEROSERV,1
BABEL AIR,1
AGYDAL,1
MERCY,1
EAGLE FLIGHT,1
PUELCHE,1
AZZURRA,1
FLIGHTVUE,1
AEROCOSTAXI,1
AEROVITRO,1
VILLARICA,1
AEROVEGA,1
AEROVILLA,1
VILLAVERDE,1
WILLIAMETTE,1
VENEJECUTIV,1
WABASH,1
VANGUARDIA,1
VALLES,1
AERO VILAMOURA,1
VIREL,1
AEROVUELOX,1
AERONAVES TSM,1
AIRIVOIRE,1
BOTSWANA,1
TINGA-TINGA,1
AIR-EVANS,1
AIR SOREL,1
WIND RIDER,1
FOYLE,1
VICTORY,1
AIR TAHITI,1
URGA,1
VARDAR,1
AIRWALSER,1
ROSAVIA,1
AIRLIMITED,1
AIRCORP,1
GARONNE,1
AIRWINGS,1
WOLFPACK,1
AIR-ARP,1
WESTPAC RESCUE,1
AIR AURORA,1
AUSTRO AEREO,1
WINGLET,1
VLADLIFT,1
AVIAMERICA,1
IALSI,1
WOLVERINE,1
WEST TOGO,1
AVIENT,1
IAZUR,1
AVIAPRAD,1
AVIREX-GABON,1
EXPRESSAVIA,1
ALLIANCE,1
REMONT AIR,1
ATRAN,1
AMERAVIA,1
AIR ANGKOR,1
AIR VICTOR,1
AIR AVALAIR,1
AVERITT,1
Avensa,1
AEROVOLAR,1
STARBIRD,1
AVESCA,1
AVIAPROM,1
VIATRANSPORT,1
AVIOSTART,1
ATACARGO,1
AUS-CARGO,1
CAR LINE,1
AIRCHINA FREIGHT,1
AEROCARIBE,1
TAXI CABO,1
AIR COLUMBUS,1
CABOAEREO,1
AIR CHINA,1
CARDAL,1
CONDOR-PERU,1
SKOL,1
AEROFAN,1
ACEF,1
CALAFIA,1
CARGO BELIZE,1
CLUBE ALGARVE,1
CHANGCHENG,1
AIR CHAIKA,1
ZAIRE CHARTER,1
CHARTAIR,1
ACID,1
AIR ARCTIC,1
CIRCLE CITY,1
AEROCASTILLO,1
CLUB PORTUGAL,1
COMPASSION,1
CONDOMINICANA,1
CONNECTOR,1
CHENANGO,1
AIR CONSUL,1
CANEX,1
TECHSERVICE,1
AIR CORRIDOR,1
AIR CENTRAL,1
AIR CRUZAL,1
AEROTRANSCORP,1
CREE,1
CHAR-TRAN,1
TENGLONG,1
CENTAURO,1
CUAHONTE,1
CHATHAM,1
AIR MARSHALLS,1
COASTWATCH,1
CITYLINER,1
COYOTE,1
CYCLONE,1
AEROCHEYENNE,1
AIR ALGERIE,1
DAP,1
DOUBLE-A,1
AIR NIAGARA,1
TIRPA,1
DEGGER,1
ADAM SKY,1
DAHL,1
ARCHER,1
AEROMEDICA,1
AERODIN,1
ANTINEA,1
AIR DJIB,1
DOLOMOTI,1
AEROMODELO,1
DEL SUR,1
DINAMICAMONT,1
AERODINAMICO,1
AERODESPACHOS,1
FLYINGOLIVE,1
DYNAJET,1
DONAVIA,1
ALADA AIR,1
DARTMOOR,1
AERONORESTE,1
ADDIS CARGO,1
SKYBANNER,1
DESERT,1
AERO DAVINCI,1
AERO DYNAMIC,1
AECA,1
AERO-PYRENEES,1
TRANS EUROPE,1
CALIXJET,1
AIRCITY,1
EJECTUIVOS RCG,1
AERO CASTELLANA,1
AERO COMERCIALES,1
ANDES,1
AESTE,1
FLIGHT TAXI,1
SHAMROCK,1
EJECCORPORATIVOS,1
ALPI EAGLES,1
ARRENDADORA,1
ELIOSSOLA,1
DONGHAI AIR,1
AERONOR,1
EOLE,1
AERO ERMES,1
EMPRESARIALES,1
EPPS AIR,1
AEROEMPRESARIAL,1
EQUATORIAL,1
AVIANERGO,1
ASERGIO,1
AEROSEC,1
EOMAAN,1
AEROSABA,1
ALESUR,1
ESPERANZA,1
TRANATTICO,1
AEROSIETE,1
SNOWBIRD,1
SUNBEAM,1
DIANA,1
EXCHANGE,1
FAROECOPTER,1
FUAER,1
FIJIAIR,1
FANBIRD,1
FAST CHECK,1
AEROFRISCO,1
AIR SANKORE,1
FLYDOC,1
FREIAERO,1
AEROSAFIN,1
AIR FINLAND,1
FLIGHT CHECKER,1
AIRFIX,1
PACIFIC,1
FAROELINE,1
AIR FLORIDA,1
RIAZOR,1
AERO FENIX,1
FORD,1
AFRIJET,1
AFRIFAST,1
CHARTER AFRIQUE,1
FAST TRACK,1
AFFAIRES TCHAD,1
FLY TYROL,1
FAXI,1
ORIENT PACIFIC,1
AEROGAUCHO,1
GLOBAL JET,1
ATLANTIC GABON,1
AEROCARTO,1
AEROGEM,1
AEROVIAS GOLFO,1
GIRA GLOBO,1
GEORGIAN,1
HANDLING,1
AIR GHANA,1
AFRICAN TRANSPORT,1
FUTURE EXPRESS,1
AFRILENS,1
TWINS,1
GASLIGHT,1
MAYAN EAGLES,1
AEROGUAMUCHIL,1
SERVICIOS GAMA,1
GINTA,1
ALBERTA,1
GREECE AIRWAYS,1
AIR GEORGIA,1
GREENLAND,1
ALLEGRO,1
AGROAR,1
GRODNO,1
GREEN SPEED,1
AGRAV,1
GOLDEN WINGS,1
GIANT,1
GRUPOTAMPICO,1
AGUASCALIENTES,1
IRINA,1
HAITI AVIA,1
AIR COMORES,1
TAXI BIRD,1
AEROHEIN,1
HIGHER,1
ATLANTIC HONDURAS,1
EJECUTIVA HIDALGO,1
AIRHAITI,1
AL-RAIS CARGO,1
HAWKHUNGARY,1
TAHOMA,1
HAMILTON,1
AERO HOMEX,1
ALMIRON,1
HIGHFLYER,1
HORIZON TOGO,1
INTER-CAMEROUN,1
HELLAS LIFT,1
GHANA SURVEY,1
ILEK,1
AIRTIME,1
TAXI CIMARRON,1
AERO-NACIONAL,1
AEROINGE,1
INTENOR,1
IPULL,1
ARVAND,1
ATLAS AVIA,1
ARAM,1
ARIA,1
AEROTAXI,1
AIR AVITA,1
AERO CITRO,1
COMPANY EXEC,1
AIR BAGAN,1
AEROJAL,1
AIRLINK,1
AMBJEK AIR,1
ALEXANDAIR,1
JAMAICA EXPRESS,1
JOBENI,1
EDIL,1
JASPER,1
AVIONESJETS,1
JUAREZ,1
JAZZ,1
AASCO,1
AIR KIROVOGRAD,1
ICO-AIR,1
AIRKUFRA,1
ARKHABAY,1
KRIFKA AIR,1
AIR KRAFT MIR,1
CONCORDE AIR,1
TWEETY,1
KHAKI BLUE,1
ATLASJET,1
TRANS MALI,1
AEROKALUZ,1
AIR KORYO,1
ALEKS,1
AEROSUCRE,1
KOKTA,1
KISSARI,1
AERONAVIGACIYA,1
KAVAIR,1
DOLPHIN,1
ASTANALINE,1
AEROLAGOS,1
ALBANIAN,1
ALBISA,1
ALBANWAYS,1
DURANGO,1
ALDONAS AIR,1
AEROLIDER,1
MEXEJECUTIV,1
LIFE FLIGHT CANADA,1
AEROLAGUNA,1
AL AHRAM,1
ALIDA,1
AL-DAWOOD AIR,1
LAKE POWELL,1
AIRLIN,1
LUCKY,1
AEROLIMA,1
ALAMIA AIR,1
AIR FLIGHT,1
ALMATY,1
LINEAS MEXICANAS,1
AGLEB,1
LAN ECUADOR,1
LINEAINT,1
ALOK AIR,1
AIR SAINTLOUIS,1
NETSTAR,1
ALROSA,1
AL RIDA,1
AURELA,1
ALSAIR,1
LATINO,1
STEF,1
ALIVEN,1
AVIAVILSA,1
LUXOR GOLF,1
AIRLUXOR,1
APATAS,1
DOC AIR,1
LAZUR BEE-GEE,1
AEROMAN,1
AIRMAURITIUS,1
AVAG AIR,1
AIR MANAS,1
MABECO,1
AEREM,1
WESTMID,1
AIR MED,1
MARCOS,1
NIGHT SHIP,1
AIR MADAGASCAR,1
MEDAIR,1
EMPENNAGE,1
MCFLY,1
MAGELLAN,1
AEROMAGAR,1
AEROPREMIER,1
AIR MOLDOVA,1
AMAL,1
AIR MALI,1
AIR MADELEINE,1
AERMARCHE,1
MERMAID,1
AVIAMERIDIAN,1
AMP-INC,1
PERUMAX,1
AEROAMANECER,1
AERO MONGOLIA,1
MONARCH CARGO,1
PUBLICITARIA,1
AEROMORELIA,1
RED COMET,1
AEROMEXPRESS,1
MUSKETEER,1
AEROMORELOS,1
MARITIME,1
ABAS,1
MIKE ROMEO,1
AIR SPORT,1
AEROMAS EXPRESS,1
MESO AMERICANAS,1
AERAFKAM,1
AEROMETROPOLIS,1
AEROMET,1
AIRMETACK,1
MONTY,1
MAXAERO,1
AERO YAQUI,1
MONTES AZULES,1
AL-AIR,1
ANCARGO AIR,1
AEROLAREDO,1
ANGOAVIA,1
AERONI,1
AERONIETO,1
AEROLINE,1
NOVOKUZNETSK,1
NEPTUNE,1
NORTH SLOPE,1
SOSA,1
INTER-IVOIRE,1
SERVICIOS NUEVOLEON,1
NEW AVIAL,1
NORWING,1
BLUE-DOLPHIN,1
AEROGISA,1
OLVE,1
OMEGA,1
EDER,1
ONTARIO,1
CORPSA,1
AVIATION SERVICE,1
AEROSAN,1
ALIPARMA,1
PARABET,1
AIR-BURUNDI,1
POSTAL CARGO,1
AIRPACK EXPRESS,1
AIR PALACE,1
PACIFICO CHIHUAHUA,1
PROFREIGHT,1
PHARAOH,1
PHOENIX SHARJAH,1
PIRATE,1
AEROCALPA,1
PAKISTAN AIRWAY,1
AEROPERSONAL,1
AERO PLATINUM,1
APOYO AEREO,1
AEROPRIV,1
PATRIOT,1
RADISAIR,1
SIPSE,1
CORSAN,1
TRANSPRIVADO,1
AEREO PARAZA,1
ACLA,1
AIR QUASAR,1
QUAKER CITY,1
QUEBEC LABRADOR,1
ZEBRA,1
QUIMMCO,1
AIR ALADA,1
DIASA,1
RAPTOR,1
RUM BENIN,1
AEROBAJIO,1
AIRBUS FRANCE,1
AIR ROBERVAL,1
ARUBA,1
RACER,1
AEROCER,1
AEROFLOT-CARGO,1
REACH,1
AIR CASSAI,1
AEROCOAHUILA,1
AEROCORPSA,1
REGIONAL CARGO,1
AIR COURIER,1
SERVICE CENTER,1
ADLINES,1
AIR ADA,1
AER ARANN,1
AERORENT,1
RESCUE,1
REUNION,1
AEROREY,1
AERO AFRICA,1
RAFHILER,1
ARGOS,1
AIRGOAT,1
ARCHIPELS,1
INTERMIN AVIA,1
AERIS,1
ASIAN SPIRIT,1
ASERJET,1
AIRAFRIC,1
AIRLINAIR,1
AEROLEONE,1
AERO LANKA,1
ALIZE,1
AIR AMDER,1
ARMENIAN,1
ARM-AERO,1
AEROMAX,1
AIR SALONE,1
AEROMNEM,1
RUNNER,1
ARMAVIA,1
ESTE-BOLIVIA,1
AEROGEN,1
AVIOR,1
AEROEL,1
BRAVO QUEBEC,1
AEROITALIA,1
AERODAN,1
AEROREPUBLICA,1
AEROPACSA,1
AEROROCA,1
AERO TORREON,1
AIR ROMANIA,1
TARASCAS,1
CONGOSERV,1
AEROSUR,1
LUZAVIA,1
ARTHELICO,1
ARTOAIR,1
TURQUOISE,1
AEROTUCAN,1
ANASTASIA,1
AIR RUM,1
CARGO TURK,1
AEROVIP,1
AIR-VET,1
ARROWEC,1
TYNWALD,1
AERO-EXTRA,1
REX AIR,1
AERO ZAMBIA,1
ZANO,1
RED ZONE,1
AEROSAAB,1
ASSOCIATED,1
SCREAMER,1
AERO DOMINGO,1
SUDPACIFICO,1
SERVIPACIFICO,1
AEROCALIFORNIA,1
AIR SAFAR,1
SEGOVIA,1
AIRSHARE,1
SIYUSA,1
AEROSILZA,1
SAN JUAN,1
SKIPPER,1
SAMI,1
AVAVIA,1
ALSOL,1
AIR SOLEIL,1
AEROSOGA,1
SPEEDLINE,1
AIR SKOPJE,1
EJECTUIV PACIFICO,1
THAI SPACE,1
SPEED SERVICE,1
ALSAQER AVIATION,1
AIRSAFARI,1
SERVICORP,1
SIERRA SULTAN,1
RAPID,1
SUNSTREAM,1
SAT PAK,1
PARADISE,1
AEROSURESTE,1
SURVEY,1
SLOVAKIA,1
SHOCKWAVE,1
AIR YAKUTIA,1
SKYTRACK,1
AERO COSTA,1
TRANS-AEROMAR,1
AEROTREBOL,1
AERO CABOS,1
KERRMONT,1
TRANSCOLOMBIA,1
TURBO DOG,1
TRIDENT,1
AIR TODAY,1
AEROAZTECA,1
ARKEFLY,1
ANTAIR,1
TRIPLE-A,1
AEREO AUTLAN,1
AEROUTIL,1
AEROTOLUCA,1
TAXICENTRO,1
TROPICMEX,1
TOMISKO CARGO,1
BALUS,1
AEROTANALA,1
AERO TROPICAL,1
AIRCAL,1
TCHAD-HORIZON,1
TAXI-POTOSI,1
AEROTURQUESA,1
TRANSTAR,1
CITRUS,1
TRANSAT,1
AIRTRA,1
AERO TURISTICAS,1
TETON,1
TUNGARU,1
TWINARROW,1
TAXI OESTE,1
ALFE,1
AEREOTAXIS,1
AERO TOMZA,1
ZAMBEZI,1
AFRALINE,1
AEROSTAR,1
GALETA,1
CHARTER UKRAINE,1
AIR L-A,1
AIR UKRAINE,1
AIR UMBRIA,1
ATUNEROS UNIDOS,1
AEROCLUB FLAPS,1
AEROGAL,1
GLO-AIR,1
MIRNY,1
PROVOST,1
BALKAN AGRO,1
AWAL,1
FELIX,1
BELGIAN AIRFORCE,1
BAKER AVIATION,1
BLACKHAWK,1
BRITANNIA,1
BUSINESS AIR,1
PENGUIN,1
BRADLEY,1
AIR BISSAU,1
BAY AIR,1
SPEEDBIRD,1
BAYON,1
BANAIR,1
BANGLADESH,1
BLUE CARGO,1
BEIBARS,1
BRAVO EUROPE,1
COBRA,1
BACH,1
BLUE ISLAND,1
BACKER,1
BOBCAT,1
BUSINESS AVIATION,1
BLUE DART,1
Air Bosna,1
BISSAU DISCOVERY,1
BELGIAN ARMY,1
BADR AIR,1
BEST AIR,1
BELOGORYE,1
BAR HARBOR,1
BALEAR EXPRESS,1
BLUECOPTER,1
BERKUT,1
BETA CARGO,1
BASLER,1
BEARFLIGHT,1
BUFFALO,1
BOMBARDIER,1
BURKLINES,1
BUSINESS FLIGHT,1
SUMMAN,1
BALKAN HOLIDAYS,1
BRITISH GULF,1
GULF INTER,1
BENIN GOLF,1
BUGAVIA,1
BUDGET AIR,1
BERGEN AIR,1
BUDDHA AIR,1
SHARIF,1
BRISTOW,1
BRISTOW HELICOPTERS,1
BHOJA,1
BELAIR,1
BIGHORN AIR,1
BAHAMAS,1
BRIGHTAIR,1
BOSPHORUS,1
BINAIR,1
BIG ISLE,1
BRINTEL,1
BILAIR,1
BISON-AIR,1
BIRD AIR,1
BIZZ,1
BAJA AIR,1
BALTIC JET,1
SOLUTION,1
BANKAIR,1
BAKERFLIGHT,1
BARKEN JET,1
BANGKOK AIR,1
BUKOVYNA,1
BLUEBIRD SUDAN,1
BELLESAVIA,1
BLUE BERRY,1
BLUEFIN,1
BELGAVIA,1
BLUE HORIZON,1
BLUEWAY,1
BALTIC AIRLINES,1
BLUE ARMENIA,1
BIAR,1
BEARSKIN,1
BALTAIR,1
BELLVIEW AIRLINES,1
MIDLAND,1
BRITISH MEDICAL,1
BRIGGS,1
MASAYU,1
BABY,1
BEMIDJI,1
BISMILLAH,1
BOWMAN,1
BMW-FLIGHT,1
BANXICO,1
BOND,1
BENINA AIR,1
VECTIS,1
NILE TRADING,1
BONAIR,1
BANCSTAR,1
BENTIU AIR,1
BENANE,1
BRITISH NORTH,1
KUMANOVO,1
UGABOND,1
BOEING,1
BORDAIR,1
BOOKAJET,1
BOURAQ,1
BLUE PANOROMA,1
VENERA,1
PIROL,1
BASE,1
BONUS,1
BRA-TRANSPAEREOS,1
BROCK AIR,1
AVIABREEZE,1
BERING AIR,1
BRIANSK-AVIA,1
BRANSON,1
COASTRIDER,1
BRAZILIAN AIR FORCE,1
BRITISH,1
BELARUS AVIA,1
BRAVO,1
BRIGHT SERVICES,1
Braniff,1
BUFF EXPRESS,1
BURAIR,1
BIG SHOT,1
AIRLINES STAR,1
BRASAIR,1
BLUE SWANN,1
BISSAU AIRSYSTEM,1
TUNCA,1
SKY BLUE,1
BIG SKY,1
BASHKIRIAN,1
BALTIJAS HELICOPTERS,1
BALTYKA,1
BALTIA FLIGHT,1
BOTIR-AVIA,1
BIZEX,1
BEETEE-SLAVUTA,1
BATAVIA,1
BULGARIAN CHARTER,1
BLUE AIRLINES,1
BURAL,1
BUZZ,1
BUFFALO AIR,1
BULGARIAN WINGS,1
SHOW-ME,1
BERJAYA,1
 Sierra Leone,1
BLUE WINGS,1
BLUE TAIL,1
BRITWORLD,1
BEXAIR,1
PALLISER,1
XENIA,1
BOXER,1
BERRY,1
BYLINA,1
BAYU,1
BERLIN BEAR,1
BRITAIR,1
BUZZARD,1
AUSTROJET,1
COSMOS,1
CLIFTON,1
SEELINE,1
CORPJET,1
CLIPPER CONNECTION,1
BEE-LINE,1
EASTERN,1
BOND AVIATION,1
BRAZILIAN ARMY,1
EXPRESS AIR,1
THAI HAWK,1
SCOOP,1
BONYAD AIR,1
RERUN,1
BLUE TRANSPORT,1
BEE MED,1
ALBAN-BELLE,1
SWEEPER,1
LITTORAL,1
FLEXJET,1
FLYING BULGARIA,1
BRAZILIAN NAVY,1
NORDFLIGHT,1
BELGIAN NAVY,1
BAKO AIR,1
PALEMA,1
PORTNET,1
BOJBAN,1
PIPESTONE,1
RED HEAD,1
RATTLER,1
RAPEX,1
BLACKBOX,1
SCANJET,1
SHUTTLE,1
SKYNEWS,1
TEXTRON,1
UKAY,1
AVOLAR,1
BLUE SPEED,1
AVRO,1
TARNISH,1
SANTA,1
BOSKY,1
SYRJET,1
CAPRI,1
TRANSPAC,1
RED WING,1
 Societe,1
CABI,1
AIRCAI,1
CAL,1
CAMEO,1
CATA,1
TOMCAT,1
CEDTA,1
HELIBIRD,1
HEMS,1
HELIBUS,1
CI-TOURS,1
CEE-EM STAIRS,1
KNET,1
COAPA,1
SPEEDSTER,1
HELI-MEX,1
IRON AIR,1
OXFORD,1
CITYLINK,1
CABAIR,1
KABEX,1
AMBASSADOR,1
CAL-GULF,1
CAL AIR,1
CALIFORNIA SHUTTLE,1
CALIMA,1
CALM AIR,1
AIR CAMAI,1
CAMBODIA AIRLINES,1
CAM-AIR,1
HELIASTURIAS,1
CANJET,1
PINNACLE,1
CANADIAN COAST GUARD,1
HAIDA,1
CANFORCE,1
BLIZZARD,1
TANKER,1
EMPRESS,1
CANADIAN REGIONAL,1
WARPLANE HERITAGE,1
CANADIAN WESTERN,1
CANAIR,1
CAN-AIR,1
CAIR,1
SEMO,1
CAPE SMYTHE AIR,1
CAPAIR,1
CAPITAL DELTA,1
CAPITAL SHUTTLE,1
CAPPY,1
CAP CITY,1
PRESTIGE,1
CAPITOL EXPRESS,1
CAPWINGS,1
CAMEL,1
CAMBRIAN,1
AIR VIRGINIA,1
CARGOLAAR,1
CARDS,1
CARE FLIGHT,1
CARGA AEREA,1
CARGAINTER,1
LONG-HAUL,1
MAURICARGO,1
CARGOIV,1
CARGO LINK,1
THIRD CARGO,1
WHITE PELICAN,1
CARGOJET,1
CARGOLUX,1
HOTEL CHARLIE,1
RED TAIL,1
WAVEBIRD,1
CARIBAIR,1
CARICARGO,1
CARIBBEAN,1
CARIBBEAN AIRLINES,1
CARIBJET,1
CARIB-X,1
CARIB STAR,1
CARIBINTAIR,1
CARILL,1
CARPATAIR,1
CARRANZA,1
ULSTER,1
CASEMENT,1
CASAIR,1
CASPER AIR,1
CASPIAN,1
CASTLE,1
EUROCAT,1
CATALINA AIR,1
CATEX,1
CATHAY,1
CAVERTON AIR,1
CAYMAN,1
CEBU AIR,1
CECIL,1
CEGA,1
CELTAIR,1
CELTIC,1
CENTEV,1
WYO-AIR,1
CENTENNIAL,1
CENTERVOL,1
CENTER-SOUTH,1
CENTRAFRICAIN,1
CENTRAL EXPRESS,1
CENTRAL COMMUTER,1
CENTRAL LEONE,1
AEROCENTRO,1
YOGAN AIR,1
DISCOS REYNOSA,1
EUROCENTRAL,1
CHARTER CENTRAL,1
CENTRAL MONGOLIA,1
GLACIER,1
SKYPORT,1
CENTRALWINGS,1
DUTCH VALLEY,1
GEO CENTRE,1
AVIACENTRE,1
HELICORPORATIVO,1
FORCAN,1
CHALLENGE CARGO,1
CENTURY AVIA,1
CETRACA,1
CHABAHAR,1
CHALLAIR,1
CHALKS,1
AIRISTO,1
CHALLENGE AVIATION,1
CHALLENGE AIR,1
SKY CHALLENGER,1
CHAMPAGNE,1
CHAMPION AIR,1
CHANCHANGI,1
CHANGAN,1
CHANNEL,1
MARLIN,1
CHAPARRAL,1
CHARI SERVICE,1
CHARLAN,1
HAMMOND,1
CHARTER WIEN,1
CHARTRIGHT,1
CHAUTAUQUA,1
CHEBAIR,1
CHERL,1
CHERAVIA,1
BLUE MAX,1
CHERRY,1
CHESAPEAKE AIR,1
CHEVRON,1
CHEYENNE AIR,1
WILD ONION,1
WINDY CITY,1
RIVERRAT,1
CHILCHOTA,1
CHILCOTIN,1
CHILLIWACKAIR,1
CHMINIR,1
DYNASTY,1
CARGO KING,1
CHINA EASTERN,1
CHINA EXPRESS,1
FEILONG,1
TONGHANG,1
CHINA NATIONAL,1
CHINA NORTHERN,1
CHINA NORTHWEST,1
CHINA HELICOPTER,1
CHINA POST,1
CHINA SOUTHERN,1
CHINA SOUTHWEST,1
LIANHANG,1
XINHUA,1
YUNNAN,1
CHINGUETTI,1
CHIPOLA,1
CHIPPEWA-AIR,1
CHITA,1
CHRISTMAN,1
CHRISTOPHORUS,1
CHROME AIR,1
CHURCHAIR,1
CIELOS,1
CIMBER,1
HELICIRRUS,1
NITE STAR,1
CIRRUS AIR,1
FIVE STAR,1
ZHONGXIN,1
SWEDESTAR,1
CONNEXION,1
CITY-IRELAND,1
AIR CHESTER,1
CITYFLY,1
FLYER,1
CITYHUN,1
HOOSIER,1
CIVFLIGHT,1
BOX KAR,1
CALIMERA,1
CIVAIR,1
CALIBRA,1
CLAESSENS,1
CLARKAIR,1
CALEDONIAN,1
CLAY-LACY,1
CLICK AIR,1
CLOUDLINE,1
CLOWES,1
SPACEJET,1
CLUBAIR,1
COAST CENTER,1
U.S. Virgin Islands,1
TRANS COASTAL,1
SID-AIR,1
COASTAL TRAVEL,1
COHLMIA,1
COLAEREOS,1
COLEMILL,1
COLGAN,1
HUMMINGBIRD,1
COLAIR,1
COLUMBIA HELI,1
KAY-LER,1
GRASSHOPPER EX,1
COMAIR,1
COMMERCIAL,1
COMEX,1
COMERAVIA,1
COMERCIAL AEREA,1
SUNSPY,1
FLYNN,1
COMLUX,1
COMMODORE,1
COTAM,1
COMMANDAIR,1
COMMANDERMEX,1
ACCESS,1
COMMONWEALTH,1
COMMUTAIR,1
CONTICOM,1
COMPRIP,1
CAMALI,1
CEBEGE,1
AEROTECNICAS,1
STELLAIR,1
EJECUTIVA,1
HELISURESTE,1
AEROPLANOS,1
MEXICARGO,1
TAS HELICOPTEROS,1
TAVISA,1
COMPANY FLIGHT,1
Compass Rose,1
COMPASS,1
CONAIR-CANADA,1
CONCORDAVIA,1
CONAERO,1
CONDOR BERLIN,1
CONDOR,1
CONFORT,1
CONGRESSIONAL,1
BASTION,1
CONQUEST AIR,1
CONROE AIR,1
AVIACSA,1
CONSORCIO HELITEC,1
CONSTANTA,1
CONTACTAIR,1
CONTINENTAL,1
CONTAIR,1
JETLINK,1
AIR MIKE,1
CONOCO,1
CONVIASA,1
COOK-AIR,1
SURVEYOR,1
COPA,1
AIRCAT,1
COPPER STATE,1
COPTERLINE,1
COPTRADE AIR,1
CORENDON,1
CORAL,1
PENTA,1
CENCOR,1
CORPORANG,1
AIR SPUR,1
CORPAIR,1
MOKAN,1
CORPORATE,1
CHECKMATE,1
VEGAS HEAT,1
VOLUNTEER,1
SEA JET,1
CORSAIR,1
CORSICA,1
COSMIC AIR,1
COUGAR,1
MOCKINGBIRD,1
COUNTRY AIR,1
DELIVERY,1
COURT AIR,1
COVAL,1
COWI,1
COYNE AIR,1
AERONAUT,1
CREE AIR,1
CRELAM,1
CREST,1
TRANS UNIVERSAL,1
CROATIA,1
CROATIAN AIRFORCE,1
CROSSAIR,1
Cigogne,1
CROW EXPRESS,1
CROWN AIR,1
CROWN AIRWAYS,1
REGAL,1
VOE CRUISER,1
CENTURY,1
CRYSTAL-AIR,1
CUBANA,1
CUMBERLAND,1
CATT,1
CYGNUS AIR,1
CYPRAIR,1
SKYBIRD,1
CYPRUS,1
CZECH AIR FORCE,1
AIRHANDLING,1
CSA-LINES,1
CZECHIA,1
DUSTY,1
DIRECT JET,1
HELIDAP,1
VOLANTE,1
DAIRAIR,1
DAS CONGO,1
DANISH,1
DATENT,1
GAUNTLET,1
DESNA,1
SAMAL,1
DGO JET,1
YELLOW,1
WORLD EXPRESS,1
WORLDSTAR,1
DILMUN,1
REDSKIN,1
DALO AIRLINES,1
DAGAL,1
TWIN STAR,1
DAIMLER,1
DALA AIR,1
DALAVIA,1
DALLAS EXPRESS,1
AIRDAM,1
DANBURY AIRWAYS,1
DANCOPTER,1
DANISH AIRFORCE,1
DANISH ARMY,1
DANISH NAVY,1
DANU,1
DARTA,1
DARWIN,1
DASAB AIR,1
DASH CHARTER,1
PILGRIM,1
DASNA,1
CLOVERLEAF,1
DASSAULT,1
DATA AIR,1
DAUAIR,1
DAWN AIR,1
DAYJET,1
DAYA,1
DEHAVILLAND,1
IASON,1
DECUR,1
DECCAN,1
DEKKANLANKA,1
DEER JET,1
JOHN DEERE,1
DELAWARE,1
JET SERVICE,1
SNOWBALL,1
ELITE JET,1
DELTA,1
KEMBLEJET,1
DELTA EXPRESS,1
DELTA STATE,1
DENIM,1
FALCON EXPRESS,1
DENVER JET,1
FORESTALES,1
DERAYA,1
MILAZ,1
DESTINY,1
CIVIL AIR AMBULANCE,1
LUFO,1
DI AIR,1
SPARKLE,1
DIDIER,1
DIGITAL,1
AERO DINAR,1
DIPFREIGHT,1
ENA,1
BLUE SKY,1
MID-TOWN,1
EXPRESS SKY,1
DIRGANTARA,1
DISCOVER,1
DISCOVERY AIRWAYS,1
DIX FLIGHT,1
TACAIR,1
DJIBOUTI AIR,1
DNIEPRO,1
FLYING DOLPHIN,1
ISLAND EXPRESS,1
DOME,1
MAYORAL,1
DOMINICANA,1
DOMODEDOVO,1
DONSEBAI,1
DONAIR,1
DONBASS AERO,1
DORADO AIR,1
DORNIER,1
DANA AIR,1
DOS MUNDOS,1
 Hong Kong Dragon Airlines,1
DREAM CATCHER,1
ROYAL BHUTAN,1
MICHIGAN,1
DUBAI,1
SEAGULL,1
LION KING,1
DUCHESS,1
LEOPARD,1
DUNAIR,1
PANHANDLE,1
WORLDFOCUS,1
FLY DUO,1
DURANGO JET,1
DUTCH ANTILLES,1
DUTCH CARIBBEAN,1
DUTCHBIRD,1
DWYAIR,1
DYNAMAIR,1
DYNAMIC,1
SPEEDWAY,1
PLATINUM AIR,1
AERO-ESCOLA,1
ECHOLINE,1
EFAOS,1
EVER FLIGHT,1
FLUGSERVICE,1
COOL,1
EPAG,1
ELISERVIZI,1
EUROAIRWAYS,1
UNION JET,1
EVA,1
ICARUS FLIGHTS,1
EAGLE SIERRA,1
THAI EAGLE,1
ARCTIC EAGLE,1
AFRICAN EAGLE,1
GYPSY,1
FRENCH EAGLE,1
SEN-EAGLE,1
EAGLE JET,1
EAGLEMED,1
EARTH AIR,1
CRANE,1
DUMA,1
TWIGA,1
EASTWAY,1
EASTCOAST JET,1
AIRE HAMPTON,1
BLUE GOOSE,1
COSTOCK,1
EAST STAR,1
EASTWEST,1
EASAIR,1
EASTEX,1
EASTFLIGHT,1
EASTERN CAROLINA,1
GENESIS,1
LARISA,1
EMAIR,1
EAST PAC,1
EASTERN SKYJETS,1
STINGER,1
FLYME,1
CIMMARON AIRE,1
ECLIPSE JET,1
SKYBRIDGE,1
AIR ECOMEX,1
ECOTOUR,1
XCALAK,1
EQUATOGUINEA,1
ECUA-CARGO,1
ECUAVIA,1
EDELWEISS,1
SLOW,1
SALTIRE,1
EDWARDS,1
EFATA,1
EGYPTAIR,1
EGYPTAIR CARGO,1
AIR EXPORTS,1
EIRJET,1
ELAL,1
EL CAMINANTE,1
QUILADA,1
EL SAL,1
SOLAMERICA,1
BURAQAIR,1
ELAN,1
MOTION,1
ELAVIA,1
DINDER,1
ELICAR,1
ELIDOLOMITI,1
ELILOBARDIA,1
ELIFRIULIA,1
LARIO,1
LOMBARDA,1
ELIMEDITERRANEA,1
ELIOS,1
ELIPIU,1
ESRA,1
ELAIR,1
ELITE DUBAI,1
ELITELLINA,1
ELLIOT,1
ELMAGAL,1
EMBASSY AIR,1
EMBASSY FREIGHT,1
EMBRAER,1
SATSLAB,1
GEMSTONE,1
EMERY,1
EMETEBE,1
EMIRATES,1
SABIAN AIR,1
EMPIRE,1
EMPIRE AIR,1
TESTER,1
ASPAR,1
AEROCARIBBEAN,1
EBBA,1
ECUATORIANA,1
SERAER,1
VENEZOLANA,1
GAVIOTA,1
INFRAERO,1
ENDECOTS,1
ENIMEX,1
ENKOR,1
GLEISNER,1
ENSENADA ESPECIAL,1
ENTERGY SHUTTLE,1
WORLD ENTERPRISE,1
NEW DAWN,1
EQUAFLIGHT,1
ZAMBIA CARGO,1
ERAM AIR,1
ERFOTO,1
AIR ERIE,1
ERITREAN,1
ARE AVIACION,1
ESPACE,1
ESSO,1
ESTONIAN,1
ESTRELLAS,1
ETHIOPIAN,1
ELCO ETI,1
ETIHAD,1
ETRAM,1
EURAVIATION,1
EURO CONTINENTAL,1
EURO SUN,1
EAKAZ,1
KAZEUR,1
EUROATLANTIC,1
GOJET,1
EUROSTAR,1
EUROAMERICAN,1
ECHELON,1
EUROCOPTER,1
EUROCYPRIA,1
E-FLY,1
EUROFLY,1
EUROGUINEA,1
JET ITALIA,1
JET LINE,1
JET-ARROW,1
EEJAY SERVICE,1
EUROLOT,1
EUROMANX,1
LANGUEDOC,1
FRENCH POST,1
FIESTA,1
STAR WING,1
EUROTRANS,1
EUROCHARTER,1
COASTAL CLIPPER,1
EURO EXEC,1
ECHO EXPRESS,1
EUROSENSE,1
CATFISH,1
EUROWINGS,1
EVERGREEN,1
EVERTS,1
AGENCY,1
EXPO,1
HELI EXCEL,1
EXCELLENT AIR,1
CANADIAN EXECAIRE,1
AVCON,1
MIDJET,1
VAMPIRE,1
AEROSPACE,1
LIFE FLIGHT,1
EXECAIR,1
ECHO,1
EXECUTIVE EAGLE,1
SACAIR,1
JESTER,1
EXEC,1
TRILLIUM,1
JET SPEED,1
TRAVELMAX,1
EXIMFLIGHT,1
EXIN,1
EXPERTOS ENCARGA,1
EXPOAVIA,1
EFFEX,1
EXCARGO,1
EXPRESSLINE,1
EXPRESSNET,1
LONGHORN,1
EXPRESS TOURS,1
JET LINK,1
SKYMAN,1
EASY,1
SOCKEYE,1
RED ANGLE,1
FLIGHT CHECK,1
KIEL AIR,1
DOT COM,1
QUICKFLOW,1
HUSKY,1
RUSHTON,1
SEABIRD,1
LEIPZIG FAIR,1
FAB AIR,1
MEXFACTS,1
FAIRAVIA,1
FAIR WIND,1
FAIRLINE,1
FAIROAKS,1
FAIRWAYS,1
FALCON,1
FALCAIR,1
PANTHER,1
FALCON AIRLINE,1
FALCON AVIATION,1
FALCONJET,1
FALWELL,1
Far Eastern,1
FARMINGDALE STATE,1
BLUE STRIP,1
FARNED,1
FARNER,1
FARNAS,1
HELIBLUE,1
ROCKROSE,1
FARWEST,1
FASO,1
FINDON,1
FAYBAN AIR,1
SKYTEM,1
FEDAIR,1
FEDERAL AIRLINES,1
DIPLOMATIC CLEARANCE,1
FEDARM,1
NIGHTHAWK,1
FEDEX,1
AURIKA,1
FERIA,1
SALAAMA,1
FINALAIR CONGO,1
FACTS,1
FINE AIR,1
FINISTAIR,1
FINNAIR,1
WESTBIRD,1
FINNFORCE,1
FIRST CAMBODIA,1
JETSET,1
FIRST CITY,1
JAWJA,1
FIRSTLINE AIR,1
FIRST SABRE,1
FISCHER,1
FLYING FISH,1
FLAG,1
FLAIR,1
FLAMENCO,1
FLAMINGO AIR,1
ILIAS,1
FLASH,1
BROADWAY,1
FLEETAIR,1
FLEXY,1
TUNDRA,1
NAV CHECKER,1
NAVAIR,1
FLIGHTCORP,1
FLIGHT EXPRESS,1
CHINA JET,1
SPECAIR,1
INVADER JACK,1
MATCO,1
OPTIONS,1
CALIBRATOR,1
FLIGHTSAFETY,1
CABLE CHECK,1
CYGNET,1
KLONDIKE,1
CASCADE,1
FLIGHTEXEC,1
FLIGHTLINE,1
FLIGHTPASS,1
FLIGHTSTAR,1
KUDZU,1
FLINT AIR,1
OHJAY,1
FLORIDA COASTAL,1
FORESTRY,1
FLORIDAJET,1
FLO WEST,1
WITCHCRAFT,1
YELLOW FLYER,1
EICHENBURGER,1
FLY WORLD,1
DEALER,1
FLY EURO,1
FLY EXCELLENT,1
NOUVINTER,1
FLYLINE,1
FLYBIRD,1
FLYWEX,1
XANADU,1
LITHUANIA AIR,1
NORDIC,1
BABOO,1
JERSEY,1
FLYCOLUMBIA,1
FLYCOM,1
BLUECRAFT,1
GLOBESPAN,1
EXTRANS,1
INSTRUCTOR,1
FLY HIGH,1
FLYING GROUP,1
FLYING CENTER,1
FLYLINK,1
FLYTEAM,1
FOCUS,1
FONNA,1
FORDAIR,1
FORMULA,1
HELISCOT,1
AIR FUTURE,1
FOSTER-AIR,1
YEOMAN,1
FOTOGRAFIA,1
ISLANDAIR,1
FOUR STAR,1
WINDS,1
WILDFOX,1
FRENCH CUSTOM,1
FREE BIRD,1
FREE AIR,1
FREEDOM,1
INTER FREEDOM,1
FREEDOM AIR,1
FREEDOM AIRWAYS,1
FREEWAY,1
FREIGHT RUNNERS,1
FRENCH AIR FORCE,1
FRENCH ARMY,1
FRENCH NAVY,1
FRESH AIR,1
WILDGOOSE,1
FRIENDSHIP,1
FRIEND AIR,1
FRONTIER FLIGHT,1
OUT BACK,1
FRONTIER-AIR,1
FINNGUARD,1
FUJAIRAH,1
FUJIAN,1
GRAND AIRE,1
FAASA,1
FUN FLYING,1
REGO,1
FUNTSHI,1
Applewood,1
FUTURA,1
GEEANDEL,1
BATMAN,1
GAK AVIATION,1
GATSA,1
ISLAND TIGER,1
GEEBEE AIRWAYS,1
GALION,1
FERRANTI,1
GECAS,1
GENSA-BRASIL,1
GETRA,1
GEE-EM HELICOPTERS,1
REGIONAL EXPRESS,1
GPM AEROSERVICIO,1
GRAVIA,1
MURAT,1
BIG-DEE,1
GAMHELICO,1
GABEX,1
GACELA AIR,1
GAIL FORCE,1
HERCULES JET,1
GALAIR,1
GALS,1
GALAXY,1
GALAX,1
GALENA AIR SERVICE,1
GAMA,1
GAMBIA INTERNATIONAL,1
NEWMILL,1
GAMISA,1
Gandalf,1
GANAIR,1
GARDEN STATE,1
AIR HURON,1
INDONESIA,1
GATARI,1
GAUTENG,1
GAVINA,1
GAZPROMAVIA,1
GEESAIR,1
GEMINI,1
GENDALL,1
BELGIAN GENERMERIE,1
FRANCE GENDARME,1
SKYWALKER,1
GENAIR,1
GONZO,1
GOTHAM,1
GENERAL MOTORS,1
SURVEY-CANADA,1
TAMAZI,1
GEORGIA FED,1
GEORGIAN AFRICA,1
GERMAN POLAR,1
GERMAN AIR FORCE,1
GERMAN ARMY,1
GERMAN NAVY,1
GERMAN SKY,1
GERMANIA,1
GERMAN WINGS,1
KITE,1
GESTAIR,1
STAR GESTAR,1
BANJET,1
GHANA,1
GHANA AIRLINES,1
NIGHT CHASE,1
RESPONSE,1
GLOBAL AIRGROUP,1
GLOBAL SERVE,1
GLOBE,1
AVIAGROUP,1
GLOBAL GEORGIAN,1
GLOBAL AUSTRIA,1
THUNDERCLOUD,1
SILVER ARROWS,1
GLOBAL SKY,1
JET LIFT,1
GOAIR,1
GATEWAY,1
GOF-AIR,1
SWISS HAWK,1
GOL TRANSPORTE,1
GOLD BELT,1
GOLDECK FLUG,1
GOLDEN,1
GOLDEN AIRLINES,1
GOLDEN PAC,1
GOLDEN RULE,1
GOLDEN STAR,1
GOLFAIR,1
GOLIAF AIR,1
GOMEL,1
RED STAR,1
GORKHA AIRLINES,1
GORLITSA,1
HONGKONG GOVERNMENT,1
COM FLIGHT,1
GRANITE,1
GRANAVI,1
GRAND EXPRESS,1
GRAND VEGAS,1
CANYON VIEW,1
HOOT,1
LANDMARK,1
GREAT AMERICAN,1
LAKES AIR,1
LAKES CARGO,1
GREAT PLAINS,1
GREAT WALL,1
G-W AIR,1
HELLENIC AIR FORCE,1
HELLENIC NAVY,1
GRIFFIN AIR,1
GRIXONA,1
GRIZODUBOVA AIR,1
GROSSMANN,1
GROSSJET,1
GROUND HANDLING,1
GRUPOMED,1
GRUPOEJECUTIVA,1
TACA-COSTARICA,1
VUELOS MED,1
GRUPOMONTERREY,1
GUARD AIR,1
BISSAU AIRLINES,1
GUINEA AIRWAYS,1
GUINEA CARGO,1
GUINEE AIRLINES,1
GEASA,1
GUIPAR,1
GUIZHOU,1
GUJA,1
GUJARATAIR,1
TRANSAUTO,1
GULF AFRICAN,1
GULF AIR,1
GULF BAHRAIN,1
GULF TRANS,1
GULF CENTRAL,1
SKY FLITE,1
AIR GULFPEARL,1
GULFSTREAM TEST,1
GULFSTAR,1
GULF FLIGHT,1
GULL-AIR,1
GUM AIR,1
RISING SUN,1
GWYN,1
HEAVYLIFT,1
FLITEWISE,1
COPTER TRANS,1
HELIAPRA,1
HADI,1
HAGELAND,1
AIRNET,1
ROOSTER,1
HAINAN,1
HAITI INTERNATIONAL,1
HAITI AIRLINE,1
HANAIR,1
HAITI TRANSAIR,1
HALISA,1
HAJVAIRY,1
HAK AIRLINE,1
HALA AIR,1
HALCYON,1
HAMBURG JET,1
BIZJET,1
HAMRA,1
WABASH VALLEY,1
HANG,1
HANGARD,1
HANSUNG AIR,1
YELLOW CAB,1
HAPAG LLOYD,1
HARBOR,1
HARMONY,1
NORBROOK,1
POYSTON,1
HAVILAH,1
HAWAIIAN,1
AIR HAW,1
HAWK MEXICO,1
HAWKEYE,1
HAZELTON,1
HEAVY CARGO,1
HEAVYLIFT INTERNATIONAL,1
HELICATALUNA,1
HELEN,1
HELENCORP,1
HELENIA,1
HELI BULGARIA,1
ALPIN HELI,1
HELIBERNINA,1
HELIFRANCE,1
HELIHUNGARY,1
HELIMIDWEST,1
HELI SAINT-TROPEZ,1
HELI TRIP,1
HELI UNION,1
HELI AIR,1
HELI HOLLAND,1
ERICA,1
HIFSA,1
INTER GUYANNE,1
HELI-LINK,1
HELIAMERICA,1
HELIAVIA,1
CADDY,1
HELIBRAVO,1
HELICAP,1
HELICENTRE,1
HELICOL,1
HELI CZECH,1
JOCKEY,1
MAVRIK,1
HELIPERSONAL,1
AGROFORESTAL,1
HELICOP INTER,1
HELINAC,1
HELICSA,1
HELIJET,1
HELIDRIFT,1
SWEDCOPTER,1
HELIOCEAN,1
HELIOS,1
HELIPISTAS,1
HELIPORTUGAL,1
HELICAMPECHE,1
HELIS,1
HELISWISS,1
HELITAFE,1
HELITALIA,1
OFAVI,1
SCANBIRD,1
HELITRANS,1
HELIWORKS,1
HELLAS JET,1
FLYHELLO,1
HELOG,1
HELVETIC,1
HEMUS AIR,1
SNOWSHOE,1
SPEEDMARK,1
FLAPJACK,1
ALLCONGO,1
HEX AIRLINE,1
HIJET,1
SKY FLYER,1
HIGH-LINE,1
HIWAY,1
HISPANIOLA,1
HOGAN AIR,1
NORTH AIR,1
AIR DO,1
HOLA,1
HOLDING GROUP,1
HOLIDAY,1
HOLSTEN,1
HOMAC,1
HONDURAS AIR,1
BAUHINIA,1
HONGKONG SHUTTLE,1
HONIARA CARGO,1
HOPA-JET,1
HOPE AIR,1
HORIZON AIR,1
KOKO,1
ALOFUKAIR,1
HORIZON,1
HORIZON PLUS,1
HUD,1
HORIZONTES AEREOS,1
DINAMICOS,1
HOUSTON HELI,1
GREGG AIR,1
HOZAVIA,1
HUB,1
HUESSLER,1
HUGHES EXPRESS,1
WHIRLEYBIRD,1
SILVER EAGLE,1
HUNGARIAN AIRFORCE,1
HYACK,1
HYDRO CARGO,1
HYDRO,1
CHASQUI,1
BLUE,1
AIR TRADER,1
INDIGO,1
EIFEL,1
FLIGHT RED,1
JET MANAGEMENT,1
IKIAIR,1
IKON,1
BLUENOSE,1
IPEC,1
SHIPEX,1
SILVERBIRD,1
ISDAVIA,1
IBERIA,1
IBERTOUR,1
IBERTRANS,1
IBEX,1
IBICENCA,1
TUZLA AIR,1
FRANCHE COMPTE,1
ICARO,1
ICARFLY,1
ICARUS,1
ICEJET,1
ICEAIR,1
ICELAND COAST,1
IKAROS,1
CIOCCO,1
ILAVIA,1
ILDEFONSO,1
ILIAMNA AIR,1
ILYICHAVIA,1
IMAER,1
IMPROTEX,1
IMTREC,1
INDEPENDENCE AIR,1
INDEPENDENT,1
IFLY,1
INDIA INTER,1
INDIAN AIRFORCE,1
INDAIR,1
INDICATOR,1
INDIGO BLUE,1
INTRA,1
WAGON AIR,1
INDO LINES,1
NUSANTARA,1
TITANLUX,1
INFINIT,1
INNOTECH,1
INSELAIR,1
CARTO,1
INTAIRCO,1
INTAL AVIA,1
INTELIJET,1
INTENSIVE,1
INTER WINGS,1
INTER-EURO,1
QUEBEC ROMEO,1
INTER-TROPIC,1
CAFEX,1
INTER-CANADIAN,1
UGLY VAN,1
INTER-MOUNTAIN,1
INTER-STATE,1
INLINE,1
INTERMEX,1
ASTAIR,1
INTERAVIA,1
CONTAVIA,1
CHOPER,1
INTERFLIGHT,1
INFLY,1
INTERFREIGHT,1
DIVINE AIR,1
TRI-BIRD,1
ISLANDWAYS,1
INTERCOPTER,1
INTERLINK,1
AIR CARGO EGYPT,1
EXPRESS INTERNATIONAL,1
STARFLEET,1
INTERAIR SERVICES,1
INTERBIZ,1
CENTRAL STAGE,1
INTERSERVI,1
INTEX,1
RED CROSS,1
 Trade and Public Works,1
IFTA,1
I-JET,1
HOSPITAL,1
SKYMEDIC,1
ATHENA,1
INTRANS NIGERIA,1
INTERPORT,1
GENERAL SKY,1
INTERSKY,1
FREEWAYAIR,1
INTERLOS,1
INVER,1
IONA,1
IOWA AIR,1
IRANAIR,1
NAFT,1
IRAQI,1
IRBIS,1
IRISH,1
IRISH TRANS,1
AUTHORITY,1
IRTYSH AIRLINES,1
KACEY,1
ISLANDMEX,1
ISLAND FLIGHT,1
RAINBIRD,1
SORIANO,1
ISLE AVIA,1
SANDY ISLE,1
METROCOPTER,1
JARLAND,1
ICEBIRD,1
PINTADERA,1
ISLA GRANDE,1
SCILLONIA,1
ISRAEL AIRCRAFT,1
ISRAIR,1
ISTANBUL,1
ITALI,1
RIVIERA,1
ITEK-AIR,1
IVOIRE AERO,1
IVOIRAIRWAYS,1
IVOIRE JET,1
X-BIRD,1
IZMIR,1
IZHAVIA,1
JAYSEEBEE,1
REFLEX,1
J AIR,1
JANEX,1
JALWAYS,1
JAY DEE,1
RED PELICAN,1
TACOMA,1
JAYEMMSEE,1
JS CHARTER,1
JAY-ESS AVIATION,1
JACKSON,1
JADE CARGO,1
JAW,1
JAMBOAFRICA,1
YANZAR,1
JANAIR,1
COMMUTER,1
JAPANAIR,1
J-BIRD,1
ASIA,1
JAI OCEAN,1
JAT,1
JATAYU,1
JAZEERA,1
JEJU AIR,1
JENAIR,1
JETPLAN,1
JETA,1
SISTEMA,1
JET AIRWAYS,1
JET ASPEN,1
JETAVIATION,1
BIZFLEET,1
JET CENTER,1
JET CHARTER,1
JET CONNECT,1
DON JUAN,1
JET EAST,1
JET EXECUTIVE,1
RAZOR,1
CASPER FREIGHT,1
JET GEE-AND-DEE,1
MOLDJET,1
JET OPS,1
HEARTLAND,1
JET NORTE,1
JET RENT,1
JEDI,1
JETSTAR ASIA,1
JET STREAM,1
JETRANS,1
MOSCOW JET,1
OPS-JET,1
CHANNEX,1
ARGAN,1
BEVO,1
JETBLUE,1
QANTAS JETCONNECT,1
JET MAGIC,1
Atlas Ukraine,1
JETALLIANCE,1
JETCLUB,1
JETCORP,1
JETCRAFT,1
JETFLITE,1
LINEFLYER,1
JIC-JET,1
KEN JET,1
JETNOVA,1
JETPRO,1
JETRAN AIR,1
JETRIDER,1
MEXJETS,1
JET PERSONALES,1
SERVIJETS,1
JETSGO,1
JETSTAR,1
STREAM-AIR,1
VANNIN,1
JETT PAQUETERIA,1
JETTIME,1
JETTRAIN,1
JETWAYS,1
JETBIRD,1
JIBAIRLINE,1
JIGSAW,1
HANKINS,1
SHANHIL,1
LADYBLUE,1
JOBAIR,1
AIR JOHNSON,1
JOHNSONSAIR,1
JOHNSTON,1
JOICOMAR,1
JOMARTAXI,1
 H Air Taxi,1
JORDAN AVIATION,1
ISLANDIC,1
JUNKERS,1
JAEMCO,1
JUBA CARGO,1
JUBBA,1
DUKE,1
JUNEYAO AIRLINES,1
MELODY,1
JUSTICE,1
KAY DEE,1
SKY CAMEL,1
KAY-MILE AIR,1
KALININGRAD AIR,1
CITY,1
KLM HELI,1
KLM,1
KABO,1
KAHAMA,1
KAISER,1
CONNIE,1
KALITTA,1
KALLAT EL SKER,1
KAMGAR,1
KAMPUCHEA,1
KANFEY HAEMEK,1
K-STATE,1
AVIAKARAT,1
KARIBU AIR,1
KARLOG,1
KARTHAGO,1
KARTIKA,1
KATAVIA,1
KATEKAVIA,1
KATO-AIR,1
AIR MINVODY,1
ANTOL,1
KAZWEST,1
KAZAVAIA,1
KAMA,1
KAKAIR,1
SPAKAZ,1
KEENAIR,1
KELIX,1
KELNER,1
FLIGHTCRAFT,1
KENDELL,1
KENMORE,1
BOREK AIR,1
DEKAIR,1
KENYA,1
KEVIS,1
KEY AIR,1
KEY LIME,1
FOOTPRINT,1
KEYSTONE,1
KHALIFA AIR,1
WEST-KHARKOV,1
KHAZAR,1
PHOTROS AIR,1
KHORIV-AVIA,1
AIRCOMPANY KHORS,1
KHYBER,1
AVIATION PLANT,1
KING,1
SEA BREEZE,1
KINGFISHER,1
KNIGHT FLIGHT,1
KINGSTON AIR,1
KINNARPS,1
KINSHASA AIRWAYS,1
VYATKA-AVIA,1
KISHAIR,1
AIR KITTYHAWK,1
CARGO HAWK,1
KIWI AIR,1
KNIGHTAIR,1
RIZZ,1
KNIGHT-LINER,1
KOANDA,1
KODA AIR,1
KOGALYM,1
COMJET,1
KOMI AVIA,1
KOMIINTER,1
KNAAPO,1
AUTOFLEX,1
KOREANAIR,1
KOSMAS CARGO,1
KOSMOS,1
KOSOVA,1
WOKAIR,1
KRASNOJARSKY AIR,1
KREMENCHUK,1
AVIAMONTAG,1
KROONK,1
Krylo,1
CRIMEA AIR,1
OPTIC,1
AIR KUBAN,1
KUNPENG,1
SWECOAST,1
KUWAITI,1
KUZU CARGO,1
PEGASO,1
KWENA,1
BERMET,1
DINARA,1
ALTYN AVIA,1
KYRGYZ,1
FLIGHT RESCUE,1
KEMIN,1
AIRKIBRIS,1
STAR SHIP,1
ELJAY,1
LADY RACINE,1
PHOTOFLIGHT,1
LEX,1
FLIGHT INTERNATIONAL,1
LAB,1
LACSA,1
LADE,1
AIR BARINAS,1
LAN,1
LAN AR,1
LAN CARGO,1
LANCANA,1
LANEX,1
LANPERU,1
INTERNACIONAL,1
LASTP,1
BUSRE,1
POLLOT,1
FUN JET,1
BILLA TRANSPORT,1
LTU,1
JET-FLEET,1
LUKOIL,1
AIR SASK,1
TAXIVALENCIANA,1
SKYLAB,1
LAB AIR,1
HAVASU,1
LAKELAND,1
LAKER,1
LAKER BAHAMAS,1
LAMAIR,1
TICOS,1
ISLANDIA,1
PROFLIGHT,1
Lankair,1
AEROLANZA,1
BARAKA,1
LAVIE,1
LAO,1
NAKLOA,1
LAOAG AIR,1
LAREDO AIR,1
LATCHARTER,1
LATVIAN AIRFORCE,1
LAUDA AIR,1
LAUDA ITALY,1
LAUGHLIN EXPRESS,1
LAUS AIR,1
LAWRENCE,1
LAYANG,1
LEASE-A-PLANE,1
LAT,1
LEBANESE AIR,1
LADCO-AIR,1
LECONTE,1
LIAT,1
LEGENDARY,1
LEISURE WORLD,1
LENTINI,1
LEO CHARTER,1
LEONAVIA,1
LIBYAN AIRWAYS,1
LIBAIR,1
LIBAC,1
CONGOLAISE,1
LATCHAD,1
LIMAIR EXPRESS,1
LINACONGO,1
LINDSAY AIR,1
COSTA NORTE,1
LINEAS DECARGA,1
SAPSA,1
AGUAS NEGRAS,1
LASER,1
AEREOTUY,1
AEROLAIRE,1
LINEAS AZTECA,1
CANEDO,1
LINEAS COMERCIALES,1
LINEAS DURANGO,1
ELDORADRO,1
FEDERALES,1
LINEAS MONARCA,1
LINEAS JOSE,1
HUMAYA,1
LECA,1
SANTOMENSES,1
MOZAMBIQUE,1
WORLDGATE,1
LION INTER,1
LIONSAIR,1
LITHUANIAN AIRFORCE,1
LITTLE RED,1
LIVINGSTON,1
LLOYDAEREO,1
ELNAIR,1
LOCKHEED,1
CATBIRD,1
LIGHTNING,1
LOGAN,1
AEROTRAINING,1
LOMAS,1
LONDON CITY,1
LONEX,1
LOVEAIR,1
MUSTANG,1
LONE STAR,1
LONG ISLAND,1
LONGTAIL,1
LORRAINE,1
CEDROS,1
LOTUS FLOWER,1
TWENTAIR,1
LUCKY AIR,1
LUGO,1
AIR SANTE,1
WALTER,1
LUFTHANSA,1
LUFTHANSA CARGO,1
HANSALINE,1
LUFTHANSA TECHNIK,1
Garfield,1
LUFT TRANSPORT,1
Silver Wings,1
UNIVERSITY,1
LUXAIR,1
RED LION,1
LUX RESCUE,1
LUX EXPRESS,1
LISBON JET,1
UKRAINE WEST,1
LYDDAIR,1
LYNCH AIR,1
LYNDEN,1
LYNX FLIGHT,1
LYNX AIR,1
LAPA,1
SURAMERICANO,1
JONAH,1
MAC FOTO,1
MANAG'AIR,1
MAPJET,1
TRAFALGAR,1
MAS CARGA,1
MAKAVIO,1
DISCOVERY,1
MAG AVACION,1
SALLINE,1
MONGOL AIR,1
MUNCIE,1
KRUGER-AIR,1
BLACK SEA,1
SKYRUNNER,1
MTC AVIACION,1
MAC AVIATION,1
MAC DAN,1
MACAIR,1
MADINA AIR,1
MAGIC BLUE,1
MAGNA AIR,1
MAHALO,1
MAHAN AIR,1
MAHFOOZ,1
MAINE-AV,1
MAGIC AIR,1
MAKAIR,1
MALAWI EXPRESS,1
AEROKEY,1
MALAYSIAN,1
MALI AIREXPRESS,1
AVION EXPRESS,1
MALI AIRWAYS,1
MALILA,1
MALL-AIRWAYS,1
SCANWING,1
LOGIC,1
Scanwings,1
MALTA CHARTER,1
MALTA WINGS,1
MALEV,1
MANAF,1
MANDALA,1
TULCA,1
MANHATTAN,1
MANITOULIN,1
TEEMOL,1
MANNION,1
MANTRUST,1
MANX,1
MAPLE AIR,1
MARCH,1
MARCOPOLO,1
MARGHI,1
MARKAIR,1
GOSHAWK,1
AVIAMARS,1
MARSHALL,1
MARSLANDAIR,1
MARTIN,1
MARTINAIR,1
MARTEX,1
SEAHORSE,1
MARVIN,1
TROOPER,1
RESEARCH,1
MASSEY,1
MASTER AIRWAYS,1
MASTERJET,1
MAURIA,1
NAVALE,1
MAUR-FRET,1
MAURITANIENNE,1
MAURI-TRANS,1
MAV-AIR,1
Mavial,1
MAX AVIA,1
MAXESA,1
MAX AVIATION,1
MAXAIR,1
CARGO MAX,1
MAX-JET,1
MAXSUS-AVIA,1
BEECHNUT,1
MYLAND,1
MAYAIR,1
MBACHI AIR,1
MACLINE,1
MCCALL,1
DACO,1
MID-SOUTH,1
MED-TRANS,1
MEDAVIA,1
MARS,1
MEDIC,1
MED-FREIGHT,1
MEDJET,1
MEGLA,1
MEGA AIR,1
MEKONG AIRLINES,1
MENAJET,1
MERCHANT,1
MERCAIR,1
AIR POLTAVA,1
MERIDIAN,1
HASSIMAIR,1
DIESEL,1
MERIDIAN CHERRY,1
MERAIR,1
AVALON,1
MERPATI,1
AIR SHUTTLE,1
MESABA,1
META,1
METMAN,1
METHOW,1
EAGLE EXPRESS,1
METRO,1
METROJET,1
METROPIX,1
METRO REGIONAL,1
MEX BLUE,1
MEJETS,1
MEXICANA,1
TRANSMEX,1
HURRICANE CHARTER,1
BISCAYNE,1
NIGHT OWL,1
MIAPET,1
WIZARD,1
NILE,1
MID PAC,1
MAJOR,1
CEDAR JET,1
MIDLINE FREIGHT,1
MIDSTATE,1
MIDWAY,1
PALM,1
FAIRFAX,1
NIGHTTRAIN,1
MIDWEST,1
HELICOPTERSMEXICO,1
MILLARDAIR,1
MILLEN,1
NIGERJET,1
MILLER TIME,1
MILL AIR,1
MIMINO,1
ORMINE,1
MINEBEA,1
MINES,1
MINILINER,1
MINISTIC,1
 Fisheries and Food,1
LISLINE,1
MIRAMICHI,1
MIRAS,1
MISSI,1
MISIONAIR,1
MARIANNE,1
BULLDOG,1
VALAIR,1
AIRMERCI,1
MOBIL,1
MOZAMBIQUE EXPRESS,1
MOFAZ AIR,1
MOLDAERO,1
MOLDAVIAN,1
MOLDOVA-STATE,1
SKYROVER,1
MONARCH,1
MONARCH AIR,1
EAST WIND,1
MONDEAIR CARGO,1
MONTERREY AIR,1
MONKY,1
MONTAIR,1
MONTSERRAT,1
MOONEY FLIGHT,1
MORNINGSTAR,1
WASATCH,1
MORRISON,1
GROMOV AIRLINE,1
MOSPHIL,1
MOTOR SICH,1
MOUNTCOOK,1
MOUNTAIN,1
MOUNTAIN LEONE,1
PIKES PEAK,1
MOUNTAIN AIR,1
MOUNTAIN BIRD,1
MOUNTAIN HIGH,1
MOUNTAIN PACIFIC,1
MOUNTAIN VALLEY,1
MOHAWK AIR,1
MUDANJIANG,1
MULTITAXI,1
WEBER,1
YORKAIR,1
MURMAN AIR,1
MURRAY AIR,1
MUSRATA AIR,1
MUSTIQUE,1
FRANKY,1
ASEISA,1
UNIONAIR,1
assignment postponed,1
MYFLUG,1
VIKING,1
NELCARGO,1
HELGA,1
WARBIRDS,1
AIR NACOIA,1
NADA AIR,1
NAHANNI,1
NAKHEEL,1
MED RESCUE,1
NAMIBIAN AIR FORCE,1
NINGHANG,1
ACK AIR,1
NANYAH,1
NAPIER,1
AIR BANE,1
NASAIRWAYS,1
NASHVILLE JET,1
NATALCO,1
NATCA,1
NASAIR,1
SHERLOCK,1
NATION AIR,1
RED ROCK,1
KUSWAG,1
AEROMED,1
NATCOM,1
NATIONAL FREIGHT,1
GRID,1
JETEX,1
AIR INDIANA,1
NATIONAL JET,1
NOAA,1
NAT AIRLINE,1
PANDER,1
NATIONS EXPRESS,1
NATIONWIDE,1
ZAMNAT,1
SCIENCE,1
NATUREAIR,1
NATURELINK,1
AIR NAURU,1
NAV CAN,1
NAV DISPATCH,1
NAYSA,1
NAVID,1
NAVIERA,1
NAVLINES,1
NEBRASKA,1
NECON AIR,1
NETHERLANDS COASTGUARD,1
NEFTEAVIA,1
NEILTOWN AIR,1
NELAIR,1
COLLEGE,1
RussianConnecty,1
MOONFLOWER,1
SKY KINGDOM,1
NERICAIR,1
EXECJET,1
NETWORK,1
ENGAIR,1
NEW ENGLAND,1
NEWHEIGHTS,1
NEW WORLD,1
NEW YORK,1
GRAY RIDER,1
KIWI RESCUE,1
HAVEN-AIR,1
NALAIR,1
NEXTJET,1
NEXTFLIGHT,1
NEXUS AVIATION,1
NICA,1
NICON AIRWAYS,1
NIGERIA,1
NIGERIAN AIRFORCE,1
AIR GLOBAL,1
EXECUTIVE,1
FLYNIKI,1
AIR NIKOLAEV,1
NILE SAFARIS,1
NILE WINGS,1
NIMBUS,1
NIPPON CARGO,1
VARTOSKAVIA,1
NORTHOLT,1
GRIFTER,1
NOBIL AIR,1
NOK AIR,1
NOLINOR,1
NOMAD AIR,1
NORDEX,1
NORDESTE,1
NORTH RIDER,1
NORDVIND,1
NORESTAIR,1
COUNTY,1
NORONTAIR,1
LIFEGUARD SWEDEN,1
NORSE AIR,1
NORSEMAN,1
NORSKE,1
HELIDOC,1
TIC-TAC,1
NORTH-ADRIA,1
NORTHAM,1
HAMMER,1
JET GROUP,1
MASS AIR,1
NORTH ATLANTIC,1
TEESAIR,1
NORTH CARIBOU,1
NORTH COAST,1
NORTH FLYING,1
NORTH SEA,1
SKY BOX,1
NORVAN,1
HALANT,1
PHOTO,1
NORTHEAST SWAN,1
VYBORG AIR,1
NORTHWRIGHT,1
NORTHAFRICAN AIR,1
GREAT LAKES,1
NORTON,1
TOP HAT,1
NORTHEAST,1
NORTHEAST EXPRESS,1
YUKON,1
BEIYA,1
NORTHERN DAKOTA,1
LANNA AIR,1
NEATAX,1
ILLINOIS COMMUTER,1
NORTAX,1
THUNDERBIRD,1
KOKEE,1
NORTHSTAR,1
NORTHUMBRIA,1
NORTHWAY,1
NORTHWEST,1
TERRITORIAL,1
POLARIS,1
NORTHWINDS,1
MANITOBA,1
NOR SHUTTLE,1
SPRIT,1
NOUVELAIR,1
NOVANILE,1
PATROL,1
NAVIGATOR,1
SADKO AVIA,1
NARPAIR,1
NAKAIR,1
NOVSIB,1
NOY AVIATION,1
AERO CONTINENTE,1
NUEVO HORIZONTE,1
NUNASI,1
NURVINDO,1
NYASA,1
NAS EXPRESS,1
O-BIRD,1
OCONNOR,1
J-PAT,1
OASIS,1
BLUE OCEAN,1
OCEANCARGO,1
OCEANSKY,1
TUCKERNUCK,1
OCEANAIR,1
ODESSA AIR,1
ODYSSEY,1
FOCA,1
OKADA AIR,1
OKAPI,1
OKAYJET,1
OKLAHOMA,1
OLIMEX,1
PONTA,1
OLYMPIC,1
OLAVIA,1
OMAN AIR,1
OMAN,1
OMNI,1
OMNI-EXPRESS,1
OMNIFLYS,1
OMSK,1
ON AIR,1
THAI EXPRESS,1
ZEDTIME,1
MEDICAL,1
ONUR AIR,1
MISTRAL,1
TURISTICA AURORA,1
OPERADORA,1
OPERADORA AEREO,1
OPERADORA DE VUELOS,1
APOLLO,1
ORANGE SERVICES,1
ORANGE SIERRA,1
ORANGE AVIATION,1
OREX,1
ORCA TAXI,1
BLUELIGHT,1
ORPRISE,1
ORENBURG,1
ORGANIZACION,1
MAMBRA,1
ORIENTSYR,1
ORIENTROC,1
ORIENT LINER,1
ORIENT THAI,1
ORIENTAL BRIDGE,1
ORIENTAL AIR,1
ORIGIN,1
ORION CHARTER,1
ORIONIX,1
ORLAN,1
ORANGE,1
ORSCOM,1
OSH AVIA,1
AIR COLLEGE,1
OLTRA,1
FINN FLIGHT,1
OUR AIRLINE,1
OOTBAS,1
OVERLAND,1
OXOE,1
WOODSTOCK,1
OZARK,1
AUSJET,1
KNOTTSBERRY,1
PACAIR,1
GENERAL,1
PEEBEE AIR,1
DISPATCH,1
OSPREY,1
PLUNA,1
MULTITRADE,1
PRONTO,1
BLUE STREAK,1
KING STAR,1
WISCAIR,1
PACE,1
AIR BOATS,1
PACIFIC CHARTER,1
PACIFIC EXPRESS,1
PAK EXPRESS,1
PACIFIC AIRLINES,1
PACIFIC ALASKA,1
PACAV,1
BLUEBIRD,1
SAGE BRUSH,1
PASCO,1
PAC-EAST CARGO,1
PACIFIC SING,1
ROAD RUNNERS,1
PACIFIC ISLE,1
PACIFIC JET,1
PACIFIC PEARL,1
PACRIM,1
SMILEY,1
TSUNAMI,1
PACIFIC WEST,1
RACE CITY,1
PAISAJES,1
PLATINUM WEST,1
PAKISTAN,1
PAKKER AVIO,1
LINEASPAL,1
PALAU ASIAPAC,1
TRANS PACIFIC,1
PALESTINIAN,1
PALMER,1
PAMIR,1
PANAFRICAN,1
PANNEX,1
CLIPPER,1
PANANK,1
PAN MALAYSIA,1
PANAIRSA,1
PANWAYS,1
PANAGRA,1
PANAMEDIA,1
KUBAN LIK,1
PANNON,1
PANORAMA,1
LANI,1
AIRFED,1
PANTANAL,1
PAPAIR TERMINAL,1
SEA RAY,1
PARADISE ISLAND,1
PARAGON EXPRESS,1
PARAMOUNT,1
PARAWAY,1
AIR PARCEL,1
PARIZAIR,1
PARSAVIA,1
TURISMO REGIONAL,1
PASCAN,1
PASSAREDO,1
PATRIA,1
BYTE,1
ENTEL,1
PAWAN HANS,1
PAYAMAIR,1
GOLDCREST,1
PEARL LINE,1
PEARL SERVICES,1
PEARL AIRWAYS,1
PEAU,1
PECOTOX,1
SUNTURK,1
PEGAVIATION,1
HELIFALCON,1
PELICAN AIRWAYS,1
PELICAN EXPRESS,1
PELITA,1
PEM-AIR,1
PENDLEY,1
PENINSULA,1
PENINTER,1
PENA DEL AIRE,1
CVETA,1
PERFORADORA CENTRAL,1
PERIMETER,1
PERM AIR,1
PERSONSPAQ,1
PEMEX,1
PETROLEUM,1
HELICOPTERS,1
PETROKAM,1
PETTY,1
NEW BIRD,1
PHETCHABUN AIR,1
PHILIPPINE,1
PHILAIR,1
BEACHBALL,1
PADA,1
PHILLIPS,1
PHOEBUS,1
CARZAM,1
GRAY BIRD,1
PHOENIX BRASIL,1
PAPAGO,1
WINDYCITY,1
PHOENIX ARMENIA,1
PHOENIX GROUP,1
PHUKET AIR,1
PIEDMONT,1
PILATUS WINGS,1
PILATUS MEXICO,1
MIKISEW,1
PINEAPPLE AIR,1
PINFRAMAT,1
PINNACLE GROUP,1
FLAGSHIP,1
PIONEER,1
PRINAIR EXPRESS,1
PLANAR,1
PLANEMASTER,1
PLANET,1
PLAYERS AIR,1
LIBELLE,1
LIZARD,1
POCONO,1
PODILIA,1
POINTAIR NIGER,1
POINT AIRLINE,1
POINTAIR BURKINA,1
POINTSCALL,1
POLAR,1
POLAR MEXICO,1
POLESTAR,1
POLET,1
AIRPOL,1
SPECIAL,1
POLISH AIRFORCE,1
POLISH NAVY,1
HUMMEL,1
POLICE PHOENIX,1
POLICE IKARUS,1
SPERBER,1
BUSSARD,1
POLICE EDELWEISS,1
ADEBAR,1
IBIS,1
POLICE MERLIN,1
PASSAT,1
HABICHT,1
CHUKKA,1
POLYAIR,1
POLYNESIAN,1
POLYBLUE,1
POND AIR,1
PONT,1
POOLEX,1
TOWNSEND,1
PORTEADORA,1
PORTER AIR,1
PORTUGALIA,1
PORTUGUESE AIR FORCE,1
PORTUGUESE ARMY,1
PORTUGUESE NAVY,1
DISTRICT,1
POTOSINA,1
POWELL AIR,1
PRAIRIE,1
PRATT,1
PRECISION AIR,1
PRECISION,1
BALLISTIC,1
PREMIERE,1
ADUR,1
BLUE SHUTTLE,1
PREMIUM,1
PRESIDENTIAL,1
PRIESTER,1
PRIMAVIA,1
WHITECAP,1
PRIMAC,1
CARRIERS,1
PRIME AIR,1
PRAVI,1
COMET,1
PRINCELY JETS,1
PRINCETON,1
PRIORITY AIR,1
PAT,1
BANKCHECK,1
PRIVATAIR,1
PEE JAY,1
PRIVATE FLIGHT,1
PRIVATE WINGS,1
PRIVILEGE,1
PROHAWK,1
POP-AIR,1
PROBIZ,1
AIR PROFESSIONAL,1
VOLARE,1
TOTOLAPA,1
PROPAIR,1
PROFLIGHT-ZAMBIA,1
AIR PROP,1
PROTEUS,1
PLANTATION,1
SPEEDAIR,1
PROVINCIAL,1
PSKOVAVIA,1
UDARA,1
PTARMIGAN,1
PUBLISERVICIOS,1
PUBLIVOO,1
TAXIVALLARTA,1
PUMA BRASIL,1
PUNTAVIA,1
MANGO,1
PYAIR,1
QANAT SHARQ,1
QANTAS,1
QATAR CARGO,1
QATARI,1
AMIRI,1
QESHM AIR,1
AIR QUANTEX,1
QUEBEC,1
QUEEN AIR,1
LABQUEST,1
DAGOBERT,1
QUICK,1
QUISQUEYA,1
QURINEA AIR,1
QWEST AIR,1
Q-CHARTER,1
RA JET,1
CHURCH FENTON,1
COLT,1
TYPHOON,1
COTTESMORE,1
CRANWELL,1
KINLOSS,1
JAVELIN,1
LEUCHARS,1
LINTON ON OUSE,1
LOSSIE,1
MARHAM,1
SCAMPTON,1
SAINT ATHAN,1
TOPCLIFFE,1
ANGLESEY,1
VULCAN,1
STRIKER,1
MITAVIA,1
RAKAIR,1
RHEINTRAINER,1
RABBIT,1
Fastcargo,1
GREENBRIER AIR,1
RAJI,1
RALEIGH SERVICE,1
RAM EXPRESS,1
RAM FLIGHT,1
RANGEMILE,1
RASLAN,1
RATH AVIATION,1
LORRY,1
RAVEN,1
RAVEN U-S,1
RAY AVIATION,1
RAYTHEON,1
NEWPIN,1
KANSAS,1
BALEARES,1
AEROREUS,1
AEROCLUB,1
REAL,1
REBUS,1
PASSION,1
RED BARON,1
RED DEVILS,1
RED AVIATION,1
RED SKY,1
STARLINE,1
REDAIR,1
REED AVIATION,1
REEF AIR,1
REEM AIR,1
REEVE,1
CALYPSO,1
REGENCY,1
REGENT,1
GERMAN LINK,1
REGIONAIR,1
TRANSCANADA,1
REGIONAL WINGS,1
MAROC REGIONAL,1
REGIONAL SERVICES,1
REX,1
GEODATA,1
CORP-X,1
RELIANCE AIR,1
RELIANT,1
RELIEF,1
RENAN,1
RENO AIR,1
RENOWN,1
BRICKYARD,1
PUBLIC EXPRESS,1
REPUBLICAIR,1
RESORT AIR,1
RHOADES EXPRESS,1
RIAU AIR,1
RICHAIR,1
RIVER CITY,1
RICHARDSON,1
RICHLAND,1
HELIPRO,1
RICO,1
AKRID,1
SPORT CLUB,1
RIJNMOND,1
RIMROCK,1
RIO EXPRESS,1
RIO,1
GRANDE,1
RIO SUL,1
RIVER,1
GARDEN CITY,1
RIVNE UNIVERSAL,1
ROADAIR,1
ROBIN,1
ROBLEX,1
ROCKWELL,1
ROCKY MOUNTAIN,1
LIFECARE,1
RODZE AIR,1
AIR FRONTIER,1
ROLLRIGHT,1
MERLIN,1
ROLLS,1
ROMAF,1
AEROMAVIA,1
RONSO,1
RORAIMA,1
ROSBALT,1
ENERGY,1
ROSS CHARTER,1
CATCHER,1
ROSWELL,1
ROTATUR,1
ROCKET,1
ROTTERDAM JETCENTER,1
ROVERAIR,1
ROVOS,1
ROYAL CARGO,1
RAFAIR,1
MAJAN,1
AIR CADET,1
ASCOT,1
KITTY,1
VORTEX,1
AIR ROYAL,1
ROYALAIR MAROC,1
ROYAL PAKISTAN,1
ROYAL AMERICAN,1
ROYAL ARUBAN,1
AUSSIE,1
ROY EXPRESS,1
ROYAL BAHRAIN,1
BRUNEI,1
DARLINES,1
ROYAL GHANA,1
ROYALJET,1
JORDANIAN,1
JORDAN AIR FORCE,1
KHMER AIR,1
ANGKASA,1
NAVY,1
NETHERLANDS NAVY,1
NETHERLANDS AIR FORCE,1
KIWI,1
NORWEGIAN,1
PHNOM-PENH AIR,1
ROYAL RWANDA,1
ARSAF,1
ROYAL SKY,1
SWAZI NATIONAL,1
TONGA ROYAL,1
ROYAL WEST,1
RUBYSTAR,1
RUMUGU AIR,1
CGI-RUSAIR,1
RUSLINE AIR,1
MIG AVIA,1
RUSSIAN AIRFORCE,1
RADUGA,1
ROSTUERTOL,1
RUTACA,1
RUTLAND,1
RWANDAIR,1
ARCTIC TRANPORT,1
RYAN AIR,1
RYAN INTERNATIONAL,1
RYANAIR,1
RYAZAN AIR,1
RYNES AVIATION,1
REGIONAL EUROPE,1
SOUTH ASIAN,1
AIR AZORES,1
SPRINGBOK,1
SKY WORKER,1
SASCO,1
SINGA,1
MEDICAL AIR,1
SAYAKHAT,1
SHAHEEN AIR,1
SAJEN,1
RED ARROWS,1
SAM,1
AEREOS,1
SAVSER,1
SECRETARIA DEMARINA,1
SPRINGBANK,1
SCANDINAVIAN,1
SHAMWING,1
SABAH AIR,1
SUCKLING,1
SWISS AMBULANCE,1
STA-MALI,1
SABER EXPRESS,1
S-BAR,1
SIBERIAN AIRLINES,1
SOBGHANA,1
SKY BAHAMAS,1
STABAIR,1
SKIBBLE,1
FREIGHTER,1
SEABORNE,1
BLACK FIN,1
STARAV,1
SCIBE AIRLIFT,1
AIRMIL,1
SOUTH CENTRAL,1
SEA-COASTER,1
SCENIC,1
SOCOFER,1
SAN CRISTOBAL,1
SKYCAM,1
SWIFTAIR,1
SOUTH AMERICAN,1
AEROCHISA,1
SRILANKAN,1
CAROLINA,1
SCORPIO,1
SICHART,1
SOUTHERN CHARTERS,1
SAAB-CRAFT,1
SACSA,1
SUN COUNTRY,1
SAINT ANDREWS,1
SU-CRAFT,1
SUNDANCE,1
SKY DANCE,1
SUNDORPH,1
ARCOS,1
SADELCA,1
SKYDRIFT,1
BLUE NILE,1
SUD LINES,1
SELVA,1
SERVICIO TECNICO,1
SUDANA,1
SOUTHEAST AIR,1
SERVILUCE,1
SEDONA AIR,1
SHAHEEN CARGO,1
AIR CRETE,1
SPICEJET,1
SKALA,1
SENTEL,1
SELCON AIR,1
SKY EYES,1
SERVISAL,1
SAETA,1
CARGOPRESS,1
SEFA,1
SHUSWAP,1
SEFOFANE,1
SWIFTWING,1
AERO GULF,1
STARFLYER,1
SOUTHFLIGHT,1
SAFIRAN,1
SAFE AIR,1
CARGO,1
SOUTHERN FRONTIER,1
SKYFREIGHT,1
SAINTS,1
SWAMP FOX,1
SONGBIRD,1
SOUTHERNRIGHT,1
AIR BISHKEK,1
STAC,1
SERVISAIR,1
SERAGRI,1
SKYWARD,1
SIGMA,1
NEXTIME,1
SAGOLAIR,1
SASKATCHEWAN,1
SKYGATE,1
RAUSHAN,1
SKAGWAY AIR,1
SHABAIR,1
SKY HARBOR CHEYENNE,1
SHELL,1
SHOP AIR,1
SEOUL AIR,1
SHARJAH,1
SAMSON,1
SHELTAM,1
SUGAR ALFA,1
SAF,1
SHANGHAI CARGO,1
SHOOTER,1
SHURA AIR,1
SATAIR,1
SATA,1
SHAVANO,1
SHAWNEE,1
SLIM AIR,1
ANTALYA BIRD,1
SINGAPORE,1
SIBAVIA,1
SEREX,1
BLUEJET,1
SERVICIOS INTEGRALES,1
SIRIO,1
SALAIR,1
SLOVENIAN,1
SIRIO EXECUTIVE,1
SERVICIOJAL,1
SERVIEJECUTIVO,1
SUNBIZ,1
SPIRIT JET,1
SERVICIOS JALISCO,1
SWISS JET,1
SRIWIJAYA,1
NAJIM,1
SALDUERO,1
SPEED AVIATION,1
SPUTTER,1
SERVICIOS PRIVADOS,1
SPEEDWING,1
SLOVAK AEROCLUB,1
SINGCARGO,1
SLOVAK AIRFORCE,1
ALQUILER,1
SAIR,1
SEARCA,1
SIEMREAP AIR,1
CHKALOVSK-AVIA,1
Starline,1
SERVICIOS PERSONAL,1
SIRAIR,1
SAEREO,1
SEAIR,1
WHITESTAR,1
PHOTO CHARLIE,1
STAR-UP,1
SARIA,1
SIERRA EX,1
STRATO,1
SASIR,1
SOUTHERN SKIES,1
STAR SERVICE,1
SUNSET,1
SEVERSTAL,1
SLOVAK GOVERNMENT,1
BLACKBIRD,1
SKYSTAR,1
DOPE,1
STARSPEED,1
SUNSTATE,1
SAESA,1
SUNFLIGHT,1
SASCA,1
SKYTOUR,1
STREAMLINE,1
SIERRA SKY,1
SPECSAVERS,1
STAR,1
STATUS-ALPHA,1
STADIUM,1
AERO AGUASCALINETES,1
SEMITRANS,1
 Marshall,1
SONTAIR,1
STELLAVIA,1
STAPLEFORD,1
SLOPS,1
STERA,1
FUEGUINO,1
STARSOM,1
SOUTHERN AVIATION,1
SIERRA WHISKEY,1
STARSAWAY,1
STYRIAN,1
AIR SILESIA,1
SUB AIR,1
SUDANAIR,1
SUNFLOWER,1
SUNU AIR,1
LIGHT AIR,1
SWISS AIR FORCE,1
SKYCARGO,1
SUMES,1
SUNSCAN,1
SISTEMAS AERONAUTICOS,1
SUNSTAR,1
DANCEAIR,1
SAUDIA,1
GRENADINES,1
SWEDEFORCE,1
SAHEL AIRLINES,1
SILVER,1
SETRA,1
SEVAVIA,1
SAVANAIR,1
SERVIORIENTE,1
AEREOS SAAR,1
SIERRA SERVICES,1
SECURITY AIR,1
SOUTHWEST,1
SWISSBOOGIE,1
SAINT CLAIR,1
SOUTHERN WINDS,1
SWEDELINE,1
AIR SEATTLE,1
SUNWING,1
SUNWORLD,1
STATES,1
SIVA,1
STAR WORK,1
SWIFTFLIGHT,1
SWISS,1
Swissair,1
SUNNY WEST,1
SWIFT,1
EUROSWISS,1
FLYING SWEDE,1
WAY AERO,1
SWAZI EXPRESS,1
SWISSLINK,1
 Private Charter,1
FERRY,1
SKY EXEC,1
DOGWOOD EXPRESS,1
SERVIMEX,1
SERTA,1
SATELLITE EXPRESS,1
SAFARI EXPRESS,1
LINEAS CARDINAL,1
SYSTEC,1
SKY FIRST,1
SYNERGY,1
AEROCAB,1
SYNCRUDE,1
SYRIANAIR,1
SHAWBURY,1
SPECIAL SYSTEM,1
SKYWAY-EX,1
SILK LINE,1
SKY COACH,1
AERO ZEE,1
AVIASPEC,1
BLARNEY,1
BARNACLE AIR,1
BERYOZA,1
SPARK,1
CALIBRATION,1
SHANDONG,1
SPECDAS,1
CENTRA AEREOS,1
SWEDISH,1
SEAGLE,1
SIRIUS AERO,1
CHINOOK,1
SCANOR,1
AIR SPRING,1
SI CHUAN,1
SHANGHAI AIR,1
SHUANGYANG,1
SHENZHEN AIR,1
SHANXI,1
DAKOTA,1
DAKOY,1
AERO DENIM,1
SWISS EAGLE,1
NIGERIA EXPRESS,1
ECHO ROMEO,1
CARGO UNIT,1
CLOUD RUNNER,1
FIRST FLIGHT,1
PEACE AIR,1
ENVOY,1
MILE HIGH,1
SOUTHCOAST,1
GADEL,1
GOLDEN GATE,1
SEBA,1
SERVIGANA,1
STARDUST,1
SKYHAUL,1
STARSA,1
GOSA,1
SPEND AIR,1
HALO,1
HELIRIM,1
MATRA,1
HIGHSWEDE,1
HELISKY,1
IGUANA,1
SERVICIOS ILSA,1
SINCOM AVIA,1
SAFAT AIR,1
SAHA,1
SUNTRACK,1
SECUREAIR,1
SARK,1
SPANAIR,1
KOKSHE,1
COPTERS,1
SAEP,1
SKY AIROPS,1
SKY AERONAUTICAL,1
LAGUNA,1
LEO LOPOZ,1
SERVIESTRELLA,1
SOUTH AFRICAN,1
SKY LIMO,1
AIR TONY,1
MEDICOPTER,1
MIDNIGHT,1
MILENIO,1
MUSAAD AIR,1
MORITANI,1
MARINER,1
SAR-REGIONAL,1
SEGURIDAD,1
SEULAWAH,1
NAZAS,1
COMMUTER-CANADA,1
SPIRIT WINGS,1
SERVICIOS LATINO,1
MONARREZ,1
TRANS-SOCIETE,1
SATENA,1
SERVINORTE,1
INTERGRALES,1
SLOK GAMBIA,1
SOKO AIR,1
SOLARCARGO,1
SOLO,1
SONNIG,1
SOSOLISO,1
NOTICIOSOS,1
SOUTHLINE,1
OZWEST,1
AEROSOKOL,1
PALMETTO,1
SERVICIOS PREMIER,1
PENAS,1
POBLANOS,1
PROSERVICIOS,1
POSTMAN,1
SPURWING,1
PHAZER,1
CAI HONG,1
REGIONAL LINK,1
REGAIR,1
ROMANIAN ACADEMY,1
REGIOMONTANO,1
S-AIRLINES,1
SERAMSA,1
RED SEA,1
SKYBUS,1
SKYMASTER AIR,1
SKY DAWG,1
SKYISLE,1
SAKSERVICE,1
SKYCRAFT,1
SKYCRAFT-CANADA,1
SECUREX,1
SKYLINK,1
SKYCHARTER,1
SKYLINER,1
SKYWORK,1
SKYSCAPES,1
SKY SERVICE,1
SANTA BARBARA,1
SKY YOU,1
AEROSKY,1
SKYWEST,1
SKY EXPRESS,1
SKYMARK,1
SKYWAY-INC,1
SELAIR,1
SLOK AIR,1
SILVERLINE,1
SLIPSTREAM,1
ELISTARFLY,1
LIFEGUARD,1
SILVERHAWK,1
AEROANGEL,1
SILKAIR,1
SLOV LINE,1
SURINAM,1
SLOANE,1
SALPA,1
SERVICIOS SLAINTE,1
AVISTELLA,1
SALMA AIR,1
SETE,1
SKYCO,1
LUZA,1
SESAME,1
SAMER,1
SERVICIOS MARQUESA,1
SEMICH,1
GORDON,1
SMITHAIR,1
ERTIS,1
SMITH AIR,1
SUMMIT-AIR,1
SAMAR AIR,1
SOMON AIR,1
SKYLIMIT,1
SENATOR,1
STERLING,1
SANSA,1
SHANS AIR,1
SENSERVICE,1
SAVANAHLINE,1
NEWSKY,1
SUN KING,1
SOONAIR,1
SERVIZI AEREI,1
SUN PACIFIC,1
EXECU-QUEST,1
SUNCOAST,1
SUDANESE,1
SUN WEST,1
SUNEX,1
STABO,1
SOUTHERN OHIO,1
SOAVAIR,1
SOLOMON,1
SOMALAIR,1
SUNSHINE TOURS,1
SOUTHERN AIR,1
SOLINAIR,1
SONAIR,1
SOUTH COURIER,1
SOUTHERN EXPRESS,1
SARATOV AIR,1
SOWIND,1
SOLIDAIR,1
SATCO,1
SIERRA PACIFIC,1
SPRING CLASSIC,1
PORT,1
SPRAGUE,1
SPACE WORLD,1
SPRING AIR,1
SAPPHIRE-CHARTER,1
SOUTH PACIFIC,1
CORPORATIVOS LAGUNA,1
AIR SKORPIO,1
SAPPHIRE,1
SERVICOS PALENQUE,1
TRIBASA,1
MERCURY,1
TARGET,1
THAI SABAI,1
TIRIAC AIR,1
STARSTREAM,1
AEROTRON,1
TOUT-AIR,1
TAMAZULA,1
SHARINK,1
PYSHMA,1
UNIVERSITARIO,1
SKIF-AIR,1
SAMAS,1
SOGDIANA,1
AVANDARO,1
SMART,1
SILVERBACK,1
VAIRSA,1
VLASTA,1
VIXEN,1
WEST COAST,1
SWIFTCOPTERS,1
SKYWATCH,1
SAFARILINK,1
SENEAM,1
TEXTRA,1
EXTER,1
YELLOW BIRD,1
FLYANT,1
FLIGHT ACADEMY,1
TRANSJET,1
TURBOT,1
TRANS DOMINICAN,1
TAME,1
BIG APPLE,1
TAG U-S,1
TALAIR,1
TAM,1
AUSCARGO,1
AIR PORTUGAL,1
TUNAIR,1
TRANSTAURO,1
TRAVELAIR,1
QUALITY,1
TRANSBRASIL,1
ORCA,1
TAB INTERNATIONAL,1
TABAN AIR,1
TEEBAH,1
TUBELAIR,1
TABEX,1
TROPICANA,1
TRANSCARIBE,1
TRANSCAL,1
TCHADLINES,1
TRANS-COLORADO,1
THAI CARGO,1
TRANS GULF,1
TELEDYNE,1
TRANSCON,1
TRANSCORP,1
TRANS-CONT,1
TRANSGLOBAL,1
THOMAS COOK,1
TWIN CITY,1
TADAIR,1
TELLURIDE,1
TRANSIXTLAN,1
TANDEM,1
TRADO,1
TRADEAIR,1
TAXI EVORA,1
TRADEWINDS EXPRESS,1
TENIR AIR,1
Teamline,1
TECFOTO,1
TEMPELHOF,1
TELFORD,1
TECHMONT,1
TENNESSEE,1
TERRI-AIRE,1
TAES,1
TRANSEURLINE,1
TEPAVIA,1
TRANS FLORIDA,1
ROYAL TEE-AIR,1
TALON FLIGHT,1
PIJO,1
THAI HELICOPTER,1
TRANSPORTES PACIFICO,1
THAI FLYING,1
SAN RAFEAL,1
TAYSIDE,1
THANET,1
TASA,1
TRANSPORTE REGIONAL,1
TAG ESPANA,1
TRIGANA,1
ZAP,1
TRANSPORT,1
MILE-AIR,1
TRANSGABON,1
TRANS GUYANA,1
THAI,1
TARHEEL,1
TOUMAI AIR,1
TOURAINE HELICO,1
THAI GLOBAL,1
THAI JET,1
HUR KUS,1
THAI ASIA,1
LEMPIRA,1
TEHRAN AIR,1
AIR THUNDER,1
TURKAIR,1
LYON HELIJET,1
TRANS INTERNATIONAL,1
TRAVEL INTERNATIONAL,1
TIME AIR,1
TICAIR,1
TIL,1
TEAM BRASIL,1
TAINO,1
TESIS,1
TIACA,1
TAJIKAIR,1
NERON,1
TYROLJET,1
TWINJET,1
TIKAL,1
ISLAND BIRD,1
TROPEXPRESS,1
THAI SKY,1
TRANSLIFT,1
TRANS-LEONE,1
ATLANTIC LEONE,1
TALON AIR,1
TULIPAIR,1
TUNISAVIA,1
TEALSY,1
TURTLE,1
PAJAROS,1
TELESIS,1
TOPFLY,1
TANGO LIMA,1
TRILINES,1
TAXIMARAKAME,1
TAMIRWAYS,1
TOMAHAWK,1
TAM AIRLINE,1
WILLOW RUN,1
TRAM AIR,1
TIMBER,1
TEMSCO,1
TRANS MIDWEST,1
TRAMON,1
MUNDO MAYA,1
TRANS AMAZON,1
TRANS-BENIN,1
TAXINOROESTE,1
TRANSFAS,1
TRANSINTER,1
SKY HORSE,1
TIARA,1
TRANSPED,1
TAN AIR,1
TRANS NORTH,1
TRANSNORTHERN,1
TRANS-NATION,1
TRAINER,1
TWINCAL,1
TOBRUK AIR,1
TOJ AIRLINE,1
TOL AIR,1
TOMSON,1
AIR TOP,1
TORONTAIR,1
TROPISER,1
TEE AIR,1
TOYOTA,1
TAMPA,1
TOP SPEED,1
TAXIPACIFICO,1
TRANSPEGASO,1
INTERPILOT,1
TRANSPAIS,1
AEREA DELNORTE,1
TRANS EXPRESS,1
TAXIS PARRAL,1
TAPSA,1
TASSA,1
TRANS PERU,1
THAI PACIFIC,1
TRANSXALAPA,1
TRANS PROVINCIAL,1
TRANSPAZ,1
TAQUAN,1
TRANSQUERETARO,1
TransAsia,1
TRANSAVIA,1
TRACKER,1
CABOVERDE,1
TRANS ISLAND,1
TAXI JET,1
HIGH TIDE,1
SOTRANS,1
MOLOKAI,1
HUNTER,1
TRAMSON,1
TRANS ARABIAN,1
TRI AIR,1
TRANS-WEST,1
TRISTAR AIR,1
TRANS-MERIDIAN,1
AIRTRAF,1
TAFI,1
TRANSMILE,1
TRANS-CONGO,1
TRANSPORTAIR,1
TRAST AERO,1
TOMSK-AVIA,1
THAI AVIATION,1
TAFTAN,1
ATHABASKA,1
AIR TRANS,1
TRANSOVIET,1
TRANSPO-INTER,1
TRANS SERVICE,1
TRI-STATE,1
TRAST,1
TROPIC,1
SWISSTRANS,1
THAI STAR,1
TRIPLE STAR,1
KANIMANBO,1
TRANSTECO,1
TOTAL,1
MIGHTY WING,1
TRANSPORTACIONES,1
TECNICO,1
TURKMENISTAN,1
TURICHILE,1
URSAL,1
TUMTEL,1
TURISTICO,1
TULPA,1
TUNA,1
TRANS-AMERICA,1
TRAVASA,1
TIRAMAVIA,1
TRAVEL SERVICE,1
TRANS-BALLERIO,1
TAVREY,1
SKYTRAVEL,1
TWA,1
TRANSWEDE,1
TRADEWINDS CANADA,1
COLIBRI,1
WELWITCHIA,1
OKAY AIR,1
TRANSEXPORT,1
TRANSAIR EXPRESS,1
TAXI COZATL,1
TAXIMEX,1
TEXAS NATIONAL,1
TAXIS SINALOA,1
TAXIREY,1
TEXAIR,1
TEXAS CHARTER,1
TEX STAR,1
TAYFLITE,1
TRYGG,1
TYROL AMBULANCE,1
TRANSPORTE SAENZ,1
TAJIKSTAN,1
BLUELINE,1
BLUESCAN,1
BOL,1
BOX,1
CHECK AIR,1
CLINTON AIRWAYS,1
CAROLUS,1
CORTAS,1
TEXAS AIRWAYS,1
DON CARLOS,1
DOT TEL,1
TRITON AIR,1
DTA,1
TASSILI AIR,1
EJECUTIVO-AEREO,1
AEREOS SELVA,1
TRANSAVIASERVICE,1
TAG AVIATION,1
GRIFFON,1
SKY TRUCK,1
GOODSPEED,1
HARBOR AIR,1
HELITAF,1
HELI TANGO,1
TURKISH AIRFORCE,1
TA-AIR,1
TARAIR,1
TRADING CARGO,1
TRANS-KIEV,1
JETEL,1
REGATA,1
TRANSBALTIKA,1
KOTAIR,1
PARAGUAYA,1
LANCAIR,1
LEGACY,1
TOPINTER,1
WATERSKI,1
LANTRA,1
TRANS CORTES,1
AERO EMM-GEE-EMM,1
MOTH,1
AMPARO,1
MAUI,1
MEXIQUENSES,1
NITRO,1
OPEN SKIES,1
PACIFIC ORIENT,1
PROGRESS,1
RED BIRD,1
TRANS-RECO,1
TASS AIR,1
TAROM,1
ROBINSON CRUSOE,1
SIERRA ALTA,1
AIRFERRY,1
AERO TRANSAM,1
TRANS SAHARA,1
TRANSPORTE SIERRA,1
TRASER,1
TURAN,1
TRIP,1
TUSHETI,1
AVIATAPS,1
TRANS-ULGII,1
ARABIAN TRANSPORT,1
TRANSAVEN AIRLINE,1
SOVEREIGN,1
TBILAVIA,1
VERACRUZ,1
TRAVEL EXPRESS,1
TAXI NORTE,1
INTERIOR,1
EXAM,1
TRANSPORT AFRICAIN,1
GOLDEN KNIGHTS,1
GETAWAY,1
UNITED ARABIAN,1
UNITED,1
UNITAIR,1
UNITED CARRIERS,1
UNITED EAGLE,1
MINAIR,1
KITTYHAWK,1
SPARROWHAWK,1
STANDARDS,1
RAINBOW,1
COASTGUARD AUXAIR,1
AGRICULTURE,1
KHARKIV UNIVERSAL,1
HELIMED,1
JET USA,1
LEADAIR,1
MARSHALAIR,1
SIOUX,1
PACIFIC NORTHERN,1
UGANDA ROYAL,1
UNISERVE,1
SVERDLOVSK AIR,1
KIROVTRANS,1
UNIFORCE,1
UNAIR,1
UGANDA CARGO,1
US CHARTER,1
UCOAVIACION,1
AVIASYSTEM,1
FEEDER EXPRESS,1
UGANDA,1
URGEMER,1
UKRAINE COPTERS,1
PILOT AIR,1
UNIVERSAL JET,1
UNI-JET,1
KHALIQ,1
UKRAINE ALLIANCE,1
UKRAINE MEDITERRANEE,1
ENTERPRISE UKRAINE,1
POLICE,1
CARGOTRANS,1
ULTRAIR,1
TOPAZ,1
UNICOPTER,1
UNION FLIGHTS,1
PROJET,1
UNSPED,1
UNIEURO,1
PILOT SCHOOL,1
UPS,1
URAI,1
U S AIR,1
STAR CHECK,1
AFRICA EXPRESS,1
US-HELI,1
USJET,1
AIR EXPRESS,1
UTAIR,1
UTAGE,1
AIRUT,1
AIRRUH,1
UNIVERSAL,1
GUYANA JET,1
UVAVEMEX,1
AIR CHIEF,1
UNITED AVIATION,1
UZBEK,1
UKRAINE INTERNATIONAL,1
AIRGO,1
KANGA,1
VEEBEE,1
VEE-AVIA,1
VEEBIRD-AVIA,1
VACATIONAIR,1
ROADWATCH,1
NALAU,1
VALAN,1
ROTOR,1
VALUAIR,1
EUROVAN,1
VANGUARDIA COLIMA,1
VANGUARD AIR,1
VASCO AIR,1
SEGA,1
WEGA FRANKO,1
 Ukrainian Aviation Company,1
VERATAXIS,1
NET RAIL,1
VOYAGEUR,1
NIGHT RIDER,1
VIET NAM AIRLINES,1
VOZAIR,1
MOV AIR,1
ENDEAVOUR,1
VISCOUNT AIR,1
SUPER JET,1
FOX FLIGHT,1
NICOL,1
PAREX,1
VISIONAIR,1
VICA,1
CARMEN,1
VOLARIS,1
VOLGA-DNEPR,1
VEGA AIRLINES,1
VECAR,1
VICTOR ECHO,1
GREEN ISLE,1
REDWOOD,1
VIEQUES,1
VIRGIN EXPRESS,1
ZETA FLIGHTS,1
VIRGIN NIGERIA,1
VOLOGDA AIR,1
AIR V-H,1
EARLY BIRD,1
VITUS,1
VIP-EJECUTIVO,1
VIP EMPRESARIAL,1
VIENNA FLIGHT,1
VEGA AVIATION,1
VICHI,1
SWEDJET,1
VINAIR,1
QUARTET,1
VIAJES MEXICANOS,1
VISTA,1
JACKPOT,1
VOLA,1
VUELING,1
VLADAIR,1
VELOG,1
VERTICAL,1
VERO MONMOUTH,1
VIAGGIO,1
VOYAGER AIR,1
BLUEY,1
VIP TAXI,1
VETERAN,1
VIP AVIA,1
VERITAIR,1
UKRAINE VOLARE,1
VOAR LINHAS,1
VARIG,1
VICKERS,1
VISIG,1
VISION,1
VASO,1
VASP,1
WATERBIRD,1
VUELOS TOLLOCAN,1
VUELOS TEHUACAN,1
VOSTOK,1
VITALA,1
VOINTEH,1
VIPEC,1
VUELA BUS,1
VZLYET,1
RUBENS,1
TITAN AIR,1
VICTORIA UGANDA,1
DONUT,1
WDL,1
WRAP AIR,1
CHARGE,1
WALSTEN,1
GOTHIC,1
WAPITI,1
WARBELOW,1
AIRTAX,1
WASAYA,1
WAYRAPER,1
WATCO,1
WEB-BRASIL,1
THUNDER BAY,1
WELCOMEAIR,1
BLUESTAR,1
KILO YANKEE,1
WESTAF AIRTRANS,1
WESTAF CARGO,1
WEST LUX,1
AIR SWEDEN,1
WEST CARIBBEAN,1
WHISKY INDIA,1
WEST-LEONE,1
TEEBIRD,1
WESTWIND,1
WESTJET,1
WESTAIR WINGS,1
WESTCAR,1
PAC VALLEY,1
BLUE FLAME,1
WESTERN BAHAMAS,1
NORPAC,1
WESTERN EXPRESS,1
WESTERN,1
WESTERN ARCTIC,1
WESTAVIA,1
WEST EX,1
KOMSTAR,1
WESTPAC,1
WEST LINE,1
WESTATES,1
WESTLAND,1
WESTPOINT,1
WESTWARD,1
YOUNG SKY,1
WHITE EAGLE,1
WIDEROE,1
WIGGINS AIRWAYS,1
WEEKING,1
WILBURS,1
WILLIAMS AIR,1
GRAND PRIX,1
WIMBI DIRA,1
WINAIR,1
GHIBLI,1
WIND SPIRIT,1
QUADRIGA,1
WINDWARD,1
WINGS ABADI,1
WING SHUTTLE,1
WINGJET,1
WINGS EXPRESS,1
WINGS ALASKA,1
WING LEBANON,1
WINLINK,1
WISMAN,1
WIZZ AIR,1
WIZZBUL,1
WONDAIR,1
CAUSEWAY,1
WORLD,1
MANAS WING,1
CHARTER SYSTEMS,1
WORLDWIDE,1
WRIGHT-AIR,1
WRIGHT FLYER,1
WUHAN AIR,1
WYCOMBE,1
WYOMING,1
STARWAY,1
XP PARCEL,1
AERO XABRE,1
EXCLUSIVE JET,1
XEROX,1
XIAMEN AIR,1
XINJIANG,1
XRAY,1
RUBY MOUNTAIN,1
YAK-SERVICE,1
YAK AVIA,1
YAMAL,1
VICAIR,1
YANGTZE RIVER,1
YELLOW WINGS,1
YEMENI,1
YEREVAN-AVIA,1
YOUNG AIR,1
PLUTON,1
YUZMASH,1
ZEDAVIA,1
ZAGROS,1
ZASAIR,1
ZAIREAN,1
ZAMBIANA,1
ZAMBEZI WINGS,1
ZANAIR,1
ZANTOP,1
ZAS AIRLINES,1
ZENAIR,1
ZENMOUR,1
RECOVERY,1
ZHEJIANG,1
ZHETYSU,1
ZHONGFEI,1
ZHONGYUAN,1
ZIPPER,1
ZIMEX,1
ZOOM,1
ZED AIR,1
ZOREX,1
MALI LOSINJ,1
SKYSTORM,1
Six Tango,1
Sierra Hotel,1
Air Busan,1
Arctic Norway,1
Braathens,1
Kazakh,1
Air System,1
Rheintal,1
Sherwood,1
Carnival Air,1
UNITED BANGLADESH,1
SWIFT TANGO,1
FRENCH SUN,1
Glory,1
NORDLAND,1
AIR RED,1
Hellenic Star,1
GABON AIRLINES,1
CALSON,1
Maldivo,1
Hotel Kilo,1
Eastar,1
Jin Air,1
Air Arabia,1
Baltic,1
Ciel,1
CaNational,1
Epic,1
Airspup,1
Jetwind,1
FLB,1
Bluebird,1
SZA,1
TXW,1
DSY,1
atifly,1
CAX,1
SHARP,1
WEA,1
LOCAIR,1
SASQUATCH,1
ENERJET AIR,1
TACA PERU,1
ORBEST,1
Grenadines,1
PAWA,1
PRIMERA,1
FLIGHT SOL,1
REGIOPAR,1
ANDINOS,1
EASYFLY,1
Andalus,1
DUCARD,1
MAURITANIA AIRWAYS,1
CEIBA LINE,1
CREOLE,1
AFRICAN BUSINESS,1
ZAMBIA SKIES,1
ALMASRIA,1
EGYPTAIR EXPRESS,1
KORAL BLUE,1
WIND ROSE,1
SEVENAIR,1
IMPERIAL,1
AMSTEL,1
DANACO,1
SAOTOME AIRWAYS,1
POBEDA,1
TURKU,1
ATHENSAIR,1
DELPHI,1
NORLAND,1
ELEGANT,1
GADAIR,1
MANILA SKY,1
CHONG QING,1
GRAND CHINA,1
WEST CHINA,1
JOY AIR,1
MDLR,1
JAGSON,1
ISLAND AVIATION,1
FARS AIR,1
JUPITERAIR,1
FUJI DREAM,1
EZNIS,1
KOROR,1
Nova,1
IPV,1
EuropeSky,1
BRAZIL AIR,1
KSY,1
SLOW FROG,1
WIZZAIR UKRAINE,1
T&,1
slowbird,1
LIX,1
Domenican,1
ConneX,1
Atlantic,1
Moscow frog ,1
Lakeair,1
AIRMAX,1
MARSHAK AIR,1
Stallion,1
Aereos Selva,1
Solar Air,1
Air Mekong,1
Air Hamburg,1
BAIKAL ,1
YCS,1
Winair,1
FBL,1
AUOS,1
Air Minvody,1
Himalayan,1
Indya1,1
sunwing,1
TWD,1
Sky Regional,1
TurAvrupa,1
moose,1
russian sky,1
Loadmaster,1
Mongol_AIr ,1
TWAY AIR,1
XB,1
sovet,1
USKY,1
HNX,1
Hellenic,1
snowball,1
russiancloud,1
Canadian,1
Pim Air,1
Smartwings,1
RUSSIAN SKY,1
WHITEJET,1
Vickjet,1
SALSA,1
Kan Air,1
Cudlua,1
12N,1
Orbit,1
Asian Star,1
EAGLES,1
MEDALS,1
NILEBIRD,1
Copex,1
Compair,1
Dexter,1
AIPL,1
Sam,1
Eastern,1
AOC,1
BINIZA,1
Volotea,1
Go Flight,1
Air Peach,1
STATE AERO,1
MWI,1
MJG,1
KORONGO,1
aws,1
Nordic Global,1
STARLING,1
ZENITH,1
Orbitaz,1
Engiadina,1
Nico,1
Skippy,1
VIETJETAIR,1
RUBY,1
WING ASIA,1
RAW,1
FLYHIRELAND,1
Hebei Air,1
Air KBZ,1
T.J. Air,1
CRITTER,1
cheapflying,1
BizEx,1
Nesma Airlines,1
EAST HORIZON,1
RSA,1
Air Majoro,1
ROTANA,1
russian doll,1
DNM,1
Malindo,1
9F,1
HERMES,1
3 Valleys,1
Maryland Flight,1
FINNCOMM,1
APACHE,1
Taunusair,1
JETHAPPY,1
Golden Myanmar,1
Brian,1
EAVA,1
SUPERGREEN,1
Comfort Express,1
caribbean Wings,1
Fast Jet,1
KeyAir,1
XAIR,1
Freight,1
XPTO,1
BBN,1
VINTAGE,1
AIR SERBIA,1
Kocoglu,1
LITUANICA,1
Envoy,1
Rainbow,1
Rainbow CAN,1
ALBATROS ESPANA,1
DOBROLET,1
Spike Air,1
FlyPortugal,1
DENSE,1
DC2,1
Red Stripe,1
Greenheart,1
Abby Air,1
THAI SMILE,1
ADLER EXPRESS,1
FA,1
Roy,1
TENDER AIR,1
Fresh Express,1
FAREFLIGHT,1
Hebradran,1
ANSETT,1
CITY AIR,1
NORSTAR,1
TRANSNUSA,1
SKY ANGKOR,1
MANN ROYAL,1
Rexair,1
Encore,1
Maple,1
CELLOJET,1
Moonexpress,1
Italian Airforce,1
5B,1
ORANGE LINER,1
TROPICAL SKY,1
SUNRISE,1
ARMYAIR,1
BOLIVIANA,1
NORTRANS,1
ATALAR,1
Red Phoenix,1
ENZO,1
COBALT,1
LIGHTSPEED,1
UAY,1
Stingray,1
BOPY,1
THAIVIET JET,1
Toa Domes,1
SPRAY,1
Shasta,1
AFREX,1
