icao,count
AYGA,1
AYMD,1
AYMH,1
AYNZ,1
AYPY,1
AYWK,1
BGBW,1
BGGH,1
BGSF,1
BGTL,1
BIAR,1
BIEG,1
BIHN,1
BIHU,1
BIIS,1
BIKF,1
BIPA,1
BIRK,1
BISI,1
BIVM,1
CYAM,1
CYAV,1
CYAW,1
CYAY,1
CYAZ,1
CYBB,1
CYBC,1
CYBG,1
CYBK,1
CYBL,1
CYBR,1
CYCB,1
CYCD,1
CYCG,1
CYCH,1
CYCL,1
CYCO,1
CYCT,1
CYCW,1
CYCY,1
CYZS,1
CYDA,1
CYDB,1
CYDC,1
CYDF,1
CYDL,1
CYDN,1
CYDQ,1
CYEG,1
CYEK,1
CYEN,1
CYET,1
CYEU,1
CYEV,1
CYFB,1
CYFC,1
CYFE,1
CYFO,1
CYFR,1
CYFS,1
CYGK,1
CYGL,1
CYGP,1
CYGQ,1
CYGR,1
CYHB,1
CYHD,1
CYHI,1
CYHK,1
CYHM,1
CYHU,1
CYHY,1
CYHZ,1
CYIB,1
CYIO,1
CYJN,1
CYJT,1
CYKA,1
CYKF,1
CYKL,1
CYKY,1
CYKZ,1
CYLD,1
CYLJ,1
CYLL,1
CYLT,1
CYLW,1
CYMA,1
CYMJ,1
CYMM,1
CYMO,1
CYMW,1
CYMX,1
CYNA,1
CYND,1
CYNM,1
CYOC,1
CYOD,1
CYOJ,1
CYOW,1
CYPA,1
CYPE,1
CYPG,1
CYPK,1
CYPL,1
CYPN,1
CYPQ,1
CYPR,1
CYPY,1
CYQA,1
CYQB,1
CYQF,1
CYQG,1
CYQH,1
CYQK,1
CYQL,1
CYQM,1
CYQQ,1
CYQR,1
CYQT,1
CYQU,1
CYQV,1
CYQW,1
CYQX,1
CYQY,1
CYQZ,1
CYRB,1
CYRI,1
CYRJ,1
CYRM,1
CYRT,1
CYSB,1
CYSC,1
CYSJ,1
CYSM,1
CYSR,1
CYSU,1
CYSY,1
CYTE,1
CYTH,1
CYTR,1
CYTS,1
CYTZ,1
CYUB,1
CYUL,1
CYUT,1
CYUX,1
CYUY,1
CYVC,1
CYVG,1
CYVM,1
CYVO,1
CYVP,1
CYVQ,1
CYVR,1
CYVT,1
CYVV,1
CYWA,1
CYWG,1
CYWK,1
CYWL,1
CYWY,1
CYXC,1
CYXD,1
CYXE,1
CYXH,1
CYXJ,1
CYXL,1
CYXP,1
CYXR,1
CYXS,1
CYXT,1
CYXU,1
CYXX,1
CYXY,1
CYYB,1
CYYC,1
CYYD,1
CYYE,1
CYYF,1
CYYG,1
CYYH,1
CYYJ,1
CYYL,1
CYYN,1
CYYQ,1
CYYR,1
CYYT,1
CYYU,1
CYYW,1
CYYY,1
CYYZ,1
CYZD,1
CYZE,1
CYZF,1
CYZH,1
CYZP,1
CYZR,1
CYZT,1
CYZU,1
CYZV,1
CYZW,1
CYZX,1
CZFA,1
CZFM,1
DAAB,1
DAAD,1
DAAE,1
DAAG,1
DAAJ,1
DAAK,1
DAAN,1
DAAP,1
DAAQ,1
DAAT,1
DAAV,1
DAAY,1
DAAZ,1
DABB,1
DABC,1
DABS,1
DAFH,1
DAOB,1
DAOE,1
DAOF,1
DAOI,1
DAOL,1
DAON,1
DAOO,1
DAOS,1
DAOV,1
DAUA,1
DAUB,1
DAUE,1
DAUG,1
DAUH,1
DAUI,1
DAUK,1
DAUL,1
DAUT,1
DAUU,1
DAUZ,1
DBBB,1
DFFD,1
DFOO,1
DGAA,1
DGLE,1
DGLW,1
DGSN,1
DGTK,1
DIAP,1
DIBK,1
DIDL,1
DIKO,1
DIMN,1
DISP,1
DIYO,1
DNAA,1
DNAK,1
DNBE,1
DNCA,1
DNEN,1
DNGU,1
DNIB,1
DNIL,1
DNJO,1
DNKA,1
DNKN,1
DNMA,1
DNMK,1
DNMM,1
DNMN,1
DNPO,1
DNSO,1
DNYO,1
DNZA,1
DRRM,1
DRRN,1
DRRT,1
DRZA,1
DRZD,1
DRZF,1
DRZR,1
DTMB,1
DTTA,1
DTTB,1
DTTD,1
DTTF,1
DTTG,1
DTTI,1
DTTJ,1
DTTR,1
DTTX,1
DTTZ,1
DXNG,1
DXXX,1
EBAW,1
EBBE,1
EBBL,1
EBBR,1
EBBX,1
EBCI,1
EBCV,1
EBFN,1
EBFS,1
EBKT,1
EBLG,1
EBOS,1
EBSL,1
EBST,1
EBSU,1
EBUL,1
EBWE,1
EBZR,1
EDAB,1
EDAC,1
EDAD,1
EDAE,1
EDAK,1
EDAM,1
EDAQ,1
EDAU,1
EDAX,1
EDAY,1
EDAZ,1
EDBH,1
EDBJ,1
EDBK,1
EDBM,1
EDBR,1
EDCA,1
EDCD,1
EDCM,1
EDDB,1
EDDC,1
EDDE,1
EDDF,1
EDDG,1
EDDH,1
EDDI,1
EDDK,1
EDDL,1
EDDM,1
EDDN,1
EDDP,1
EDDR,1
EDDS,1
EDDT,1
EDDV,1
EDDW,1
EDFE,1
EDFH,1
EDFM,1
EDFQ,1
EDFV,1
EDFZ,1
EDGE,1
EDGS,1
EDHI,1
EDHK,1
EDHL,1
EDKV,1
EDKZ,1
EDLA,1
EDLE,1
EDLI,1
EDLN,1
EDLP,1
EDLS,1
EDLW,1
EDMA,1
EDMB,1
EDME,1
EDMN,1
EDMO,1
EDMS,1
EDMV,1
EDNL,1
EDNY,1
EDOP,1
EDOV,1
EDPA,1
EDQD,1
EDQE,1
EDQM,1
EDQT,1
EDRK,1
EDRT,1
EDRY,1
EDRZ,1
EDTD,1
EDTF,1
EDTM,1
EDTY,1
EDUS,1
EDVE,1
EDVK,1
EDVM,1
EDWB,1
EDWE,1
EDWF,1
EDWI,1
EDWR,1
EDWY,1
EDXF,1
EDXR,1
EDXW,1
EEEI,1
EEKA,1
EEKE,1
EEPU,1
EETN,1
EETU,1
EFET,1
EFEU,1
EFHA,1
EFHF,1
EFHK,1
EFHM,1
EFHN,1
EFHV,1
EFIK,1
EFIM,1
EFIT,1
EFIV,1
EFJO,1
EFJY,1
EFKA,1
EFKE,1
EFKI,1
EFKJ,1
EFKK,1
EFKM,1
EFKS,1
EFKT,1
EFKU,1
EFLA,1
EFLP,1
EFMA,1
EFME,1
EFMI,1
EFNU,1
EFOU,1
EFPI,1
EFPO,1
EFPU,1
EFPY,1
EFRH,1
EFRN,1
EFRO,1
EFRY,1
EFSA,1
EFSE,1
EFSO,1
EFTP,1
EFTS,1
EFTU,1
EFUT,1
EFVA,1
EFVR,1
EFYL,1
EGAA,1
EGAB,1
EGAC,1
EGAE,1
EGBB,1
EGBE,1
EGBG,1
EGBJ,1
EGBO,1
EGBP,1
EGBT,1
EGBW,1
EGCC,1
EGCD,1
EGDC,1
EGHQ,1
EGDL,1
EGDM,1
EGDR,1
EGDX,1
EGDY,1
EGFE,1
EGFF,1
EGFH,1
EGGD,1
EGGP,1
EGGW,1
EGHD,1
EGHH,1
EGHI,1
EGHL,1
EGJA,1
EGJB,1
EGJJ,1
EGKA,1
EGKB,1
EGKK,1
EGLC,1
EGLF,1
EGLJ,1
EGLK,1
EGLL,1
EGMC,1
EGMD,1
EGMH,1
EGNB,1
EGNC,1
EGNE,1
EGNH,1
EGNJ,1
EGNL,1
EGNM,1
EGNO,1
EGNR,1
EGNS,1
EGNT,1
EGNV,1
EGNX,1
EGOD,1
EGOE,1
EGOS,1
EGOW,1
EGPA,1
EGPB,1
EGPC,1
EGPD,1
EGPE,1
EGPF,1
EGPH,1
EGPI,1
EGPK,1
EGPL,1
EGPM,1
EGPN,1
EGPO,1
EGPU,1
EGQL,1
EGQS,1
EGSC,1
EGSF,1
EGSH,1
EGSS,1
EGSX,1
EGSY,1
EGTC,1
EGTE,1
EGTG,1
EGTK,1
EGUB,1
EGUL,1
EGUN,1
EGUW,1
EGUY,1
EGVA,1
EGVN,1
EGVO,1
EGWC,1
EGWU,1
EGXC,1
EGXD,1
EGXE,1
EGXG,1
EGXH,1
EGXJ,1
EGXP,1
EGXT,1
EGXU,1
EGXW,1
EGXZ,1
EGYD,1
EGYE,1
EGYM,1
EGYP,1
EHAM,1
EHBD,1
EHBK,1
EHDL,1
EHDR,1
EHEH,1
EHGG,1
EHGR,1
EHKD,1
EHLE,1
EHLW,1
EHRD,1
EHSB,1
EHTW,1
EHVB,1
EHWO,1
EICK,1
EICM,1
EIDW,1
EIKN,1
EIKY,1
EIME,1
EINN,1
EISG,1
EIWF,1
EKAH,1
EKBI,1
EKCH,1
EKEB,1
EKGH,1
EKKA,1
EKLS,1
EKMB,1
EKOD,1
EKPB,1
EKRK,1
EKRN,1
EKSB,1
EKSP,1
EKSV,1
EKTS,1
EKVD,1
EKVG,1
EKVH,1
EKVJ,1
EKYT,1
ELLX,1
ENAL,1
ENAN,1
ENAT,1
ENBM,1
ENBN,1
ENBO,1
ENBR,1
ENBS,1
ENCN,1
ENDI,1
ENDU,1
ENEV,1
ENFG,1
ENFL,1
ENGM,1
ENHD,1
ENHK,1
ENKB,1
ENKJ,1
ENKR,1
ENLI,1
ENML,1
ENMS,1
ENNA,1
ENNO,1
ENOL,1
ENRO,1
ENRY,1
ENSB,1
ENSN,1
ENSO,1
ENST,1
ENTC,1
ENTO,1
ENVA,1
ENZV,1
EPBC,1
EPGD,1
EPKK,1
EPKM,1
EPKT,1
EPML,1
EPPO,1
EPRZ,1
EPSC,1
EPSK,1
EPSN,1
EPWA,1
EPWR,1
EPZG,1
ESCF,1
ESCK,1
ESCM,1
ESDF,1
ESFR,1
ESGG,1
ESGJ,1
ESGK,1
ESGL,1
ESGP,1
ESGR,1
ESGT,1
ESIA,1
ESIB,1
ESKB,1
ESKK,1
ESKM,1
ESKN,1
ESKV,1
ESMA,1
ESMG,1
ESMK,1
ESML,1
ESMO,1
ESMP,1
ESMQ,1
ESMS,1
ESMT,1
ESMV,1
ESMX,1
ESNA,1
ESNC,1
ESND,1
ESNG,1
ESNH,1
ESNJ,1
ESNK,1
ESNL,1
ESNM,1
ESNN,1
ESNO,1
ESNP,1
ESNQ,1
ESNR,1
ESNS,1
ESNT,1
ESNU,1
ESNV,1
ESNX,1
ESOE,1
ESOW,1
ESPA,1
ESPE,1
ESQO,1
ESSA,1
ESSB,1
ESSD,1
ESSF,1
ESSK,1
ESSL,1
ESSP,1
ESSU,1
ESSV,1
ESUK,1
ETAD,1
ETAR,1
ETEU,1
ETHB,1
ETHC,1
ETHE,1
ETHF,1
ETHL,1
ETHM,1
ETHN,1
ETHR,1
ETHS,1
ETIC,1
ETID,1
ETIH,1
ETIN,1
ETMN,1
ETND,1
ETNG,1
ETNH,1
ETNJ,1
ETNL,1
ETNN,1
ETNS,1
ETNT,1
ETNW,1
ETOI,1
ETOR,1
ETOU,1
ETSA,1
ETSB,1
ETSE,1
ETSF,1
ETSH,1
ETSI,1
ETSL,1
ETSN,1
ETUO,1
FAAB,1
FAAG,1
FABB,1
FABE,1
FABL,1
FABM,1
FABO,1
FACT,1
FACV,1
FALE,1
FAEL,1
FAEO,1
FAFB,1
FAGC,1
FAGG,1
FAGR,1
FAGT,1
FAGY,1
FAHA,1
FAHR,1
FAHS,1
FAHV,1
FAOR,1
FAKD,1
FAKM,1
FAKR,1
FAKS,1
FAKU,1
FAKZ,1
FALA,1
FALI,1
FALM,1
FALW,1
FALY,1
FAMB,1
FAMG,1
FAMI,1
FAMJ,1
FAMN,1
FAMS,1
FAMU,1
FANC,1
FANY,1
FAOB,1
FAOH,1
FAPE,1
FAPG,1
FAPH,1
FAPI,1
FAPJ,1
FAPM,1
FAPN,1
FAPP,1
FAPS,1
FAPY,1
FAQT,1
FARB,1
FARG,1
FARS,1
FASB,1
FASC,1
FASD,1
FASI,1
FASK,1
FASS,1
FASX,1
FASZ,1
FATF,1
FATP,1
FATT,1
FATZ,1
FAUL,1
FAUP,1
FAUT,1
FAVB,1
FAVG,1
FAVR,1
FAVV,1
FAWB,1
FAWI,1
FAWK,1
FAWM,1
FAYP,1
FAZR,1
FBFT,1
FBJW,1
FBKE,1
FBMN,1
FBSK,1
FBSP,1
FCBB,1
FCOO,1
FCOU,1
FCPP,1
FDMS,1
FEFF,1
FEFT,1
FGBT,1
FGSL,1
FHAW,1
FIMP,1
FIMR,1
FJDG,1
FKKC,1
FKKD,1
FKKL,1
FKKM,1
FKKN,1
FKKR,1
FKKU,1
FKKV,1
FKKY,1
FLKE,1
FLLI,1
FLLS,1
FLMF,1
FLMG,1
FLND,1
FLSO,1
FMCH,1
FMCI,1
FMCV,1
FMCZ,1
FMEE,1
FMEP,1
FMMI,1
FMMN,1
FMMS,1
FMMT,1
FMMV,1
FMNA,1
FMNC,1
FMND,1
FMNE,1
FMNH,1
FMNL,1
FMNM,1
FMNN,1
FMNQ,1
FMNR,1
FMNS,1
FMNV,1
FMNW,1
FMNZ,1
FMSD,1
FMSF,1
FMSG,1
FMSK,1
FMSM,1
FMSR,1
FMST,1
FNBC,1
FNBG,1
FNCA,1
FNHU,1
FNKU,1
FNLB,1
FNLU,1
FNMA,1
FNME,1
FNNG,1
FNPA,1
FNSA,1
FNSO,1
FNUB,1
FNUE,1
FNUG,1
FNXA,1
FOGO,1
FOGQ,1
FOGR,1
FOOB,1
FOOG,1
FOOH,1
FOOK,1
FOOL,1
FOON,1
FPPR,1
FPST,1
FQBR,1
FQIN,1
FQLC,1
FQLU,1
FQMA,1
FQMD,1
FQMP,1
FQMR,1
FQNC,1
FQNP,1
FQPB,1
FQQL,1
FQSG,1
FQTT,1
FQUG,1
FQVL,1
FSAL,1
FSDR,1
FSFA,1
FSIA,1
FSPP,1
FSSC,1
FTTC,1
FTTD,1
FTTJ,1
FTTY,1
FVBU,1
FVCP,1
FVCZ,1
FVFA,1
FVHA,1
FVKB,1
FVMT,1
FVMU,1
FVMV,1
FVSH,1
FVTL,1
FVWN,1
FWCL,1
FWKA,1
FWKG,1
FWKI,1
FWUU,1
FXMM,1
FXMU,1
FZAA,1
FZAB,1
FZAG,1
FZAI,1
FZBO,1
FZCA,1
FZEA,1
FZFD,1
FZFK,1
FZFP,1
FZGA,1
FZIC,1
FZJH,1
FZKA,1
FZKJ,1
FZMA,1
FZNA,1
FZOA,1
FZQA,1
FZQM,1
FZRF,1
FZSA,1
FZUA,1
FZWA,1
GABS,1
GAGO,1
GAKY,1
GAMB,1
GATB,1
GATS,1
GBYD,1
GCFV,1
GCHI,1
GCLA,1
GCLP,1
GCRR,1
GCTS,1
GCXO,1
GEML,1
GFLL,1
GGCF,1
GLMR,1
GLRB,1
GMAD,1
GMAT,1
GMFF,1
GMFI,1
GMFK,1
GMFM,1
GMFO,1
GMMB,1
GMME,1
GMMN,1
GMMX,1
GMMY,1
GMMZ,1
GMTA,1
GMTN,1
GMTT,1
GOGG,1
GOGS,1
GOOK,1
GOOY,1
GOSS,1
GOTB,1
GOTK,1
GOTT,1
GQNA,1
GQND,1
GQNF,1
GQNI,1
GQNK,1
GQNO,1
GQNS,1
GQPA,1
GQPP,1
GQPT,1
GUFA,1
GUFH,1
GULB,1
GVAC,1
GVBA,1
GVMA,1
GVSN,1
GVSV,1
HAAB,1
HAAL,1
HAAM,1
HAAX,1
HABD,1
HADR,1
HAGM,1
HAGN,1
HAJM,1
HALL,1
HAMK,1
HASO,1
HBBA,1
HCMH,1
HCMI,1
HCMK,1
HEAX,1
HEBL,1
HECA,1
HECW,1
HEGN,1
HEGR,1
HELX,1
HEMM,1
HEPS,1
HESC,1
HESN,1
HETR,1
HKEL,1
HKKG,1
HKKI,1
HKKT,1
HKLO,1
HKLU,1
HKMO,1
HKNV,1
HKNW,1
HKRE,1
HKWJ,1
HLFL,1
HLGL,1
HLGT,1
HLKF,1
HLLB,1
HLLS,1
HLLT,1
HLMB,1
HLNF,1
HLON,1
HLRA,1
HLTD,1
HLZA,1
HRYG,1
HRYR,1
HRZA,1
HSDN,1
HSDZ,1
HSFS,1
HSKA,1
HSLI,1
HSOB,1
HSSJ,1
HSSM,1
HSSS,1
HTAR,1
HTDA,1
HTDO,1
HTIR,1
HTKJ,1
HTLM,1
HTMT,1
HTMW,1
HTPE,1
HTTG,1
HTZA,1
HUEN,1
HUSO,1
LATI,1
LBBG,1
LBGO,1
LBPD,1
LBSF,1
LBSZ,1
LBWN,1
LCLK,1
LCPH,1
LCRA,1
LDDU,1
LDOC,1
LDOS,1
LDPL,1
LDRG,1
LDRI,1
LDSP,1
LDVA,1
LDZA,1
LDZD,1
LDZU,1
LEAB,1
LEAL,1
LEAM,1
LEAS,1
LEBA,1
LEBB,1
LEBL,1
LEBZ,1
LECO,1
LEGA,1
LEGE,1
LEGR,1
LEGT,1
LEIB,1
LEJR,1
LELC,1
LEMD,1
LEMG,1
LEMH,1
LEMO,1
LEOC,1
LEPP,1
LERI,1
LERS,1
LERT,1
LESA,1
LESB,1
LESL,1
LESO,1
LEST,1
LESU,1
LETO,1
LEVC,1
LEVD,1
LEVT,1
LEVX,1
LEXJ,1
LEZG,1
LEZL,1
LFAC,1
LFAG,1
LFAI,1
LFAO,1
LFAQ,1
LFAT,1
LFAV,1
LFAY,1
LFBA,1
LFBC,1
LFBD,1
LFBE,1
LFBF,1
LFBG,1
LFBI,1
LFBK,1
LFBL,1
LFBM,1
LFBN,1
LFBO,1
LFBP,1
LFBR,1
LFBT,1
LFBU,1
LFSL,1
LFBX,1
LFBZ,1
LFCC,1
LFCG,1
LFCH,1
LFCI,1
LFCK,1
LFCL,1
LFCM,1
LFCQ,1
LFCR,1
LFCU,1
LFCW,1
LFCY,1
LFCZ,1
LFDA,1
LFDB,1
LFDH,1
LFDI,1
LFDJ,1
LFDM,1
LFDN,1
LFED,1
LFEH,1
LFES,1
LFFI,1
LFFN,1
LFGA,1
LFGF,1
LFGJ,1
LFGK,1
LFGW,1
LFHO,1
LFHP,1
LFHQ,1
LFHS,1
LFHV,1
LFHY,1
LFIF,1
LFIG,1
LFJL,1
LFKB,1
LFKC,1
LFKF,1
LFKJ,1
LFKO,1
LFKS,1
LFKT,1
LFLA,1
LFLB,1
LFLC,1
LFLD,1
LFLE,1
LFLH,1
LFLI,1
LFLL,1
LFLM,1
LFLN,1
LFLO,1
LFLP,1
LFLS,1
LFLT,1
LFLU,1
LFLV,1
LFLW,1
LFLX,1
LFLY,1
LFMA,1
LFMC,1
LFMD,1
LFMH,1
LFMI,1
LFMK,1
LFML,1
LFMN,1
LFMO,1
LFMP,1
LFMQ,1
LFMS,1
LFMT,1
LFMU,1
LFMV,1
LFMY,1
LFMZ,1
LFNB,1
LFNH,1
LFOA,1
LFOB,1
LFOC,1
LFOD,1
LFOE,1
LFOH,1
LFOI,1
LFOJ,1
LFOK,1
LFOP,1
LFOT,1
LFOU,1
LFOV,1
LFOZ,1
LFPB,1
LFPC,1
LFPG,1
LFPK,1
LFPM,1
LFPN,1
LFPO,1
LFPT,1
LFPV,1
LFQA,1
LFQB,1
LFQC,1
LFQE,1
LFQF,1
LFQG,1
LFQI,1
LFQJ,1
LFQM,1
LFQP,1
LFQQ,1
LFQT,1
LFQV,1
LFQW,1
LFRB,1
LFRC,1
LFRD,1
LFRE,1
LFRF,1
LFRG,1
LFRH,1
LFRI,1
LFRJ,1
LFRK,1
LFRL,1
LFRM,1
LFRN,1
LFRO,1
LFRQ,1
LFRS,1
LFRT,1
LFRU,1
LFRV,1
LFRZ,1
LFSB,1
LFSC,1
LFSD,1
LFSF,1
LFSG,1
LFSH,1
LFSI,1
LFSM,1
LFSN,1
LFSO,1
LFSP,1
LFSR,1
LFST,1
LFSX,1
LFTF,1
LFTH,1
LFTW,1
LFVM,1
LFVP,1
LFXA,1
LFYD,1
LGAD,1
LGAG,1
LGAL,1
LGAX,1
LGBL,1
LGEL,1
LGHI,1
LGIO,1
LGIR,1
LGKA,1
LGKC,1
LGKF,1
LGKL,1
LGKM,1
LGKO,1
LGKP,1
LGKR,1
LGKS,1
LGKV,1
LGKZ,1
LGLE,1
LGLM,1
LGLR,1
LGMG,1
LGMK,1
LGMT,1
LGPZ,1
LGRD,1
LGRP,1
LGRX,1
LGSA,1
LGSK,1
LGSM,1
LGSP,1
LGSR,1
LGST,1
LGSV,1
LGSY,1
LGTG,1
LGTL,1
LGTP,1
LGTS,1
LGTT,1
LGZA,1
LHBP,1
LHDC,1
LHKE,1
LHNY,1
LHOY,1
LHSA,1
LHSN,1
LIBA,1
LIBC,1
LIBD,1
LIBF,1
LIBG,1
LIBN,1
LIBP,1
LIBR,1
LIBV,1
LICA,1
LICC,1
LICD,1
LICG,1
LICJ,1
LICP,1
LICR,1
LICT,1
LICZ,1
LIEA,1
LIED,1
LIEE,1
LIEO,1
LIET,1
LIMA,1
LIMB,1
LIMC,1
LIME,1
LIMF,1
LIMG,1
LIMJ,1
LIML,1
LIMN,1
LIMP,1
LIMS,1
LIMZ,1
LIPA,1
LIPB,1
LIPC,1
LIPE,1
LIPH,1
LIPI,1
LIPK,1
LIPL,1
LIPN,1
LIPO,1
LIPQ,1
LIPR,1
LIPS,1
LIPT,1
LIPU,1
LIPX,1
LIPZ,1
LIQS,1
LIRA,1
LIRE,1
LIRF,1
LIRG,1
LIRJ,1
LIRL,1
LIRM,1
LIRN,1
LIRP,1
LIRQ,1
LIRS,1
LIRU,1
LIRV,1
LIRZ,1
LJCE,1
LJLJ,1
LJMB,1
LJPZ,1
LJSG,1
LKCS,1
LKCV,1
LKHK,1
LKHV,1
LKKB,1
LKKU,1
LKKV,1
LKLN,1
LKMH,1
LKMT,1
LKNA,1
LKPD,1
LKPM,1
LKPO,1
LKPR,1
LKTB,1
LKVO,1
LLBG,1
LLBS,1
LLEK,1
LLES,1
LLET,1
LLEY,1
LLHA,1
LLHS,1
LLIB,1
LLMG,1
LLMZ,1
LLNV,1
LLOV,1
LLRD,1
LLRM,1
LLSD,1
LMML,1
LOAN,1
LOLW,1
LOWG,1
LOWI,1
LOWL,1
LOWS,1
LOWW,1
LOXZ,1
LPAR,1
LPAZ,1
LPBG,1
LPBJ,1
LPBR,1
LPCO,1
LPCS,1
LPCV,1
LPEV,1
LPFL,1
LPFR,1
LPGR,1
LPHR,1
LPLA,1
LPMR,1
LPMT,1
LPOV,1
LPPD,1
LPPI,1
LPPM,1
LPPR,1
LPPS,1
LPPT,1
LPSJ,1
LPST,1
LPTN,1
LPVR,1
LPVZ,1
LQMO,1
LQSA,1
LRAR,1
LRBC,1
LRBM,1
LRBS,1
LRCK,1
LRCL,1
LRCS,1
LRCV,1
LRIA,1
LROD,1
LROP,1
LRSB,1
LRSM,1
LRSV,1
LRTC,1
LRTM,1
LRTR,1
LSGC,1
LSGG,1
LSGK,1
LSGS,1
LSMA,1
LSMD,1
LSME,1
LSMF,1
LSMM,1
LSMP,1
LSZA,1
LSZB,1
LSZG,1
LSZH,1
LSZR,1
LSZS,1
LTAB,1
LTAC,1
LTAD,1
LTAE,1
LTAF,1
LTAG,1
LTAH,1
LTAI,1
LTAJ,1
LTAK,1
LTAN,1
LTAO,1
LTAP,1
LTAR,1
LTAT,1
LTAU,1
LTAV,1
LTAW,1
LTAY,1
LTBA,1
LTBF,1
LTBG,1
LTBI,1
LTBJ,1
LTBK,1
LTBL,1
LTBM,1
LTBN,1
LTBP,1
LTBQ,1
LTBS,1
LTBT,1
LTBV,1
LTBX,1
LTCA,1
LTCC,1
LTCD,1
LTCE,1
LTCG,1
LTCI,1
LTCJ,1
LTCL,1
LTFA,1
LTFB,1
LUBL,1
LUKK,1
LWOH,1
LWSK,1
LXGB,1
LYBE,1
LYNI,1
LYPG,1
BKPR,1
LYTV,1
LYVR,1
LZIB,1
LZKZ,1
LZMC,1
LZPP,1
LZSL,1
LZTN,1
LZTT,1
MBNC,1
MBPV,1
MBSC,1
MDAB,1
MDBH,1
MDCR,1
MDLR,1
MDPC,1
MDPP,1
MDSD,1
MDSI,1
MDST,1
MGBN,1
MGCB,1
MGGT,1
MGRT,1
MGSJ,1
MHLC,1
MHLM,1
MHNJ,1
MHRO,1
MHTE,1
MHTG,1
MHTJ,1
MKBS,1
MKJP,1
MKJS,1
MKKJ,1
MKTP,1
MMAA,1
MMAN,1
MMAS,1
MMBT,1
MMCB,1
MMCC,1
MMCE,1
MMCG,1
MMCH,1
MMCL,1
MMCM,1
MMCN,1
MMCP,1
MMCS,1
MMCU,1
MMCV,1
MMCZ,1
MMDO,1
MMEP,1
MMES,1
MMGL,1
MMGM,1
MMHC,1
MMHO,1
MMIA,1
MMIM,1
MMIO,1
MMIT,1
MMLC,1
MMLM,1
MMLO,1
MMLP,1
MMLT,1
MMMA,1
MMMD,1
MMML,1
MMMM,1
MMMT,1
MMMV,1
MMMX,1
MMMY,1
MMMZ,1
MMNG,1
MMNL,1
MMOX,1
MMPA,1
MMPB,1
MMPC,1
MMPE,1
MMPG,1
MMPN,1
MMPR,1
MMPS,1
MMQT,1
MMRX,1
MMSD,1
MMSF,1
MMSP,1
MMTA,1
MMTB,1
MMTC,1
MMTG,1
MMTJ,1
MMTM,1
MMTN,1
MMTO,1
MMTP,1
MMUN,1
MMVA,1
MMVR,1
MMZC,1
MMZH,1
MMZM,1
MMZO,1
MMZP,1
MNBL,1
MNBR,1
MNLN,1
MNMG,1
MNPC,1
MPBO,1
MPCH,1
MPDA,1
MPHO,1
MPMG,1
MPSA,1
MPTO,1
MRBA,1
MRCC,1
MRCH,1
MREC,1
MRFI,1
MRGF,1
MRGP,1
MRLB,1
MRLC,1
MRLM,1
MRNS,1
MROC,1
MRPD,1
MRPM,1
MRQP,1
MRSG,1
MRSV,1
MSLP,1
MSSS,1
MTCA,1
MTCH,1
MTJA,1
MTPP,1
MUBA,1
MUBY,1
MUCA,1
MUCC,1
MUCF,1
MUCL,1
MUCM,1
MUCU,1
MUFL,1
MUGM,1
MUGT,1
MUHA,1
MUHG,1
MULM,1
MUMO,1
MUMZ,1
MUNG,1
MUPB,1
MUPR,1
MUSA,1
MUSC,1
MUSL,1
MUSN,1
MUSS,1
MUVR,1
MUVT,1
MWCB,1
MWCR,1
MYAB,1
MYAF,1
MYAM,1
MYAN,1
MYAP,1
MYAS,1
MYAT,1
MYBC,1
MYBG,1
MYBS,1
MYEF,1
MYEG,1
MYEH,1
MYEM,1
MYEN,1
MYER,1
MYES,1
MYGF,1
MYIG,1
MYLD,1
MYLS,1
MYMM,1
MYNN,1
MYRD,1
MYRP,1
MYSM,1
MZBZ,1
NCAI,1
NCRG,1
NFFN,1
NFNA,1
NFTF,1
NFTV,1
NGTA,1
NGTE,1
NLWW,1
NSFA,1
NSTU,1
NTAR,1
NTAT,1
NTGA,1
NTGB,1
NTGC,1
NTGE,1
NTGF,1
NTGI,1
NTGJ,1
NTGK,1
NTGM,1
NTGP,1
NTGT,1
NTGU,1
NTGV,1
NTKR,1
NTMD,1
NTTB,1
NTTG,1
NTTH,1
NTTM,1
NTTO,1
NTTP,1
NTTR,1
NVVV,1
NWWD,1
NWWK,1
NWWL,1
NWWM,1
NWWR,1
NWWU,1
NWWV,1
NWWW,1
NZAA,1
NZAP,1
NZAR,1
NZCH,1
NZCI,1
NZDN,1
NZGS,1
NZGT,1
NZHK,1
NZHN,1
NZHS,1
NZKK,1
NZKT,1
NZLX,1
NZMC,1
NZMO,1
NZMS,1
NZNP,1
NZNS,1
NZNV,1
NZOH,1
NZOU,1
NZPM,1
NZPP,1
NZQN,1
NZRO,1
NZRU,1
NZSP,1
NZTG,1
NZTU,1
NZUK,1
NZWB,1
NZWD,1
NZWF,1
NZWG,1
NZWK,1
NZWN,1
NZWO,1
NZWP,1
NZWR,1
NZWS,1
NZWU,1
OAHR,1
OAJL,1
OAKB,1
OAKN,1
OAMN,1
OAMS,1
OASD,1
OASG,1
OAUZ,1
OBBI,1
OBBS,1
OEAB,1
OEAH,1
OEBA,1
OEBH,1
OEBQ,1
OEDF,1
OEDR,1
OEGN,1
OEGS,1
OEGT,1
OEHL,1
OEJB,1
OEJF,1
OEJN,1
OEKK,1
OEMA,1
OENG,1
OEPA,1
OEPC,1
OEPF,1
OEPJ,1
OERB,1
OERF,1
OERK,1
OERM,1
OERR,1
OERT,1
OESH,1
OESL,1
OETB,1
OETF,1
OETH,1
OETN,1
OETR,1
OEWJ,1
OEYN,1
OIAA,1
OIAD,1
OIAG,1
OIAH,1
OIAI,1
OIAJ,1
OIAM,1
OIAW,1
OIBA,1
OIBB,1
OIBH,1
OIBI,1
OIBK,1
OIBL,1
OIBQ,1
OIBS,1
OIBV,1
OICC,1
OICS,1
OIFE,1
OIFH,1
OIFK,1
OIFM,1
OIFP,1
OIGG,1
OIHR,1
OIIA,1
OIIC,1
OIID,1
OIIG,1
OIII,1
OIIK,1
OIIM,1
OIKB,1
OIKJ,1
OIKK,1
OIKP,1
OIKQ,1
OIKY,1
OIMB,1
OIMC,1
OIMJ,1
OIMT,1
OINE,1
OINR,1
OISF,1
OISJ,1
OISR,1
OISS,1
OITK,1
OITT,1
OITZ,1
OIYY,1
OIZB,1
OIZC,1
OIZH,1
OIZI,1
OIZS,1
OJAI,1
OJAM,1
OJAQ,1
OJHF,1
OJJR,1
OJMF,1
OKBK,1
OLBA,1
OLKA,1
OMAA,1
OMAD,1
OMAH,1
OMAJ,1
OMAM,1
OMAR,1
OMAS,1
OMAZ,1
OMDB,1
OMFJ,1
OMRK,1
OMSJ,1
OOKB,1
OOMA,1
OOMS,1
OOSA,1
OOTH,1
OPBG,1
OPFA,1
OPGD,1
OPGT,1
OPJA,1
OPKC,1
OPLA,1
OPLH,1
OPMA,1
OPMF,1
OPMI,1
OPMJ,1
OPMR,1
OPMT,1
OPNH,1
OPOK,1
OPPG,1
OPPI,1
OPPS,1
OPQS,1
OPQT,1
OPRK,1
OPRN,1
OPRS,1
OPRT,1
OPSK,1
OPSS,1
OPSU,1
OPTH,1
OPWN,1
OPZB,1
ORMM,1
OSAP,1
OSDI,1
OSDZ,1
OSLK,1
OSPR,1
OTBD,1
PCIS,1
PGRO,1
PGSN,1
PGUA,1
PGUM,1
PGWT,1
PKMJ,1
PKRO,1
PKWA,1
PLCH,1
PMDY,1
PTKK,1
PTPN,1
PTRO,1
PTSA,1
PTYA,1
RCBS,1
RCDC,1
RCDI,1
RCFN,1
RCGI,1
RCKH,1
RCKU,1
RCLY,1
RCMQ,1
RCNN,1
RCPO,1
RCQC,1
RCQS,1
RCSQ,1
RCSS,1
RCTP,1
RCWA,1
RCYU,1
RJAA,1
RJAF,1
RJAH,1
RJAM,1
RJAW,1
RJBD,1
RJBK,1
RJCB,1
RJCC,1
RJCH,1
RJCJ,1
RJCM,1
RJCN,1
RJCT,1
RJCW,1
RJDB,1
RJDC,1
RJDT,1
RJEB,1
RJEC,1
RJEO,1
RJER,1
RJFA,1
RJFC,1
RJFE,1
RJFF,1
RJFG,1
RJFK,1
RJFM,1
RJFN,1
RJFO,1
RJFR,1
RJFT,1
RJFU,1
RJFY,1
RJFZ,1
RJKA,1
RJKB,1
RJKN,1
RJNF,1
RJNG,1
RJNH,1
RJNK,1
RJNO,1
RJNT,1
RJNY,1
RJOA,1
RJOB,1
RJOC,1
RJOF,1
RJOH,1
RJOK,1
RJOM,1
RJOO,1
RJOR,1
RJOS,1
RJOT,1
RJOY,1
RJOZ,1
RJSA,1
RJSC,1
RJSD,1
RJSH,1
RJSI,1
RJSK,1
RJSM,1
RJSS,1
RJST,1
RJTA,1
RJTE,1
RJTH,1
RJTJ,1
RJTK,1
RJTL,1
RJTO,1
RJTR,1
RJTT,1
RJTY,1
RKJJ,1
RKJU,1
RKJY,1
RKND,1
RKNN,1
RKPC,1
RKPE,1
RKPK,1
RKPU,1
RKSG,1
RKSM,1
RKSO,1
RKSS,1
RKSW,1
RKTH,1
RKTN,1
RKTY,1
ROAH,1
RODE,1
RODN,1
ROIG,1
ROKJ,1
ROMD,1
ROMY,1
RORK,1
RORS,1
RORT,1
RORY,1
ROTM,1
ROYN,1
RPLL,1
RPMC,1
RPML,1
RPMP,1
RPMR,1
RPMZ,1
RPUB,1
RPUD,1
RPUF,1
RPUG,1
RPUH,1
RPUL,1
RPUM,1
RPUQ,1
RPUR,1
RPUZ,1
RPVA,1
RPVB,1
RPVD,1
RPVE,1
RPVG,1
RPVI,1
RPVK,1
RPVP,1
RPVS,1
SAAC,1
SAAG,1
SAAJ,1
SAAP,1
SAAR,1
SAAV,1
SABE,1
SACO,1
SACT,1
SADF,1
SADJ,1
SADL,1
SADM,1
SADP,1
SAHC,1
SAHR,1
SAME,1
SAMM,1
SAMR,1
SANC,1
SANE,1
SANI,1
SANL,1
SANO,1
SANT,1
SANU,1
SAOC,1
SAOD,1
SAOL,1
SAOM,1
SAOR,1
SAOU,1
SARC,1
SARE,1
SARF,1
SARI,1
SARL,1
SARM,1
SARP,1
SASA,1
SASJ,1
SASO,1
SASQ,1
SATD,1
SATG,1
SATO,1
SATR,1
SATU,1
SAVB,1
SAVC,1
SAVE,1
SAVT,1
SAVV,1
SAVY,1
SAWB,1
SAWD,1
SAWE,1
SAWG,1
SAWH,1
SAWJ,1
SAWP,1
SAWU,1
SAZB,1
SAZC,1
SAZF,1
SAZG,1
SAZH,1
SAZI,1
SAZM,1
SAZN,1
SAZP,1
SAZR,1
SAZS,1
SAZT,1
SAZV,1
SAZW,1
SAZY,1
SBAA,1
SBAF,1
SBAM,1
SBAQ,1
SBAR,1
SBAT,1
SBAU,1
SBBE,1
SBBG,1
SBBH,1
SBBI,1
SBBQ,1
SBBR,1
SBBU,1
SBBV,1
SBBW,1
SBCA,1
SBCC,1
SBCF,1
SBCG,1
SBCH,1
SBCI,1
SBCM,1
SBCO,1
SBCP,1
SBCR,1
SBCT,1
SBCV,1
SBCX,1
SBCY,1
SBCZ,1
SBDN,1
SBEG,1
SBEK,1
SBES,1
SBFI,1
SBFL,1
SBFN,1
SBFU,1
SBFZ,1
SBGL,1
SBGM,1
SBGO,1
SBGP,1
SBGR,1
SBGW,1
SBHT,1
SBIC,1
SBIH,1
SBIL,1
SBIP,1
SBIT,1
SBIZ,1
SBJC,1
SBJF,1
SBJP,1
SBJV,1
SBKG,1
SBKP,1
SBLJ,1
SBLN,1
SBLO,1
SBLP,1
SBLS,1
SBMA,1
SBMD,1
SBMG,1
SBMK,1
SBMN,1
SBMO,1
SBMQ,1
SBMS,1
SBMT,1
SBMY,1
SBNF,1
SBNM,1
SBSG,1
SBOI,1
SBPA,1
SBPB,1
SBPC,1
SBPF,1
SBPK,1
SBPL,1
SBPN,1
SBPP,1
SBPV,1
SBRB,1
SBRF,1
SBRJ,1
SBRP,1
SBSC,1
SBSJ,1
SBSL,1
SBSP,1
SBSR,1
SBST,1
SBSV,1
SBTB,1
SBTE,1
SBTF,1
SBTK,1
SBTL,1
SBTS,1
SBTT,1
SBTU,1
SBUA,1
SBUF,1
SBUG,1
SBUL,1
SBUR,1
SBVG,1
SBVH,1
SBVT,1
SBYA,1
SBYS,1
SCAR,1
SCBA,1
SCBQ,1
SCCC,1
SCCF,1
SCCH,1
SCCI,1
SCCY,1
SCDA,1
SCEL,1
SCFA,1
SCFM,1
SCFT,1
SCGE,1
SCGZ,1
SCIE,1
SCIP,1
SCJO,1
SCLL,1
SCRG,1
SCRM,1
SCSE,1
SCTB,1
SCTC,1
SCTE,1
SCTN,1
SCVD,1
SEAM,1
SECM,1
SECO,1
SECU,1
SEGS,1
SEGU,1
SEGZ,1
SEIB,1
SEKK,1
SELJ,1
SELT,1
SEMA,1
SEMC,1
SEMH,1
SEMO,1
SEMT,1
SEMX,1
SEPS,1
SEPV,1
SEQE,1
SEQM,1
SERB,1
SERO,1
SESA,1
SESD,1
SETA,1
SETE,1
SETR,1
SETU,1
SGAS,1
SGAY,1
SGCO,1
SGIB,1
SGME,1
SGPI,1
SKAR,1
SKAS,1
SKBC,1
SKBG,1
SKBO,1
SKBQ,1
SKBS,1
SKBU,1
SKCC,1
SKCG,1
SKCL,1
SKCO,1
SKCZ,1
SKEJ,1
SKFL,1
SKGI,1
SKGP,1
SKGY,1
SKIB,1
SKIP,1
SKLC,1
SKLM,1
SKLT,1
SKMD,1
SKMG,1
SKMR,1
SKMU,1
SKMZ,1
SKNV,1
SKOC,1
SKOT,1
SKPB,1
SKPC,1
SKPE,1
SKPI,1
SKPP,1
SKPS,1
SKPV,1
SKQU,1
SKRG,1
SKRH,1
SKSJ,1
SKSM,1
SKSP,1
SKSV,1
SKTM,1
SKUC,1
SKUI,1
SKUL,1
SKVP,1
SKVV,1
SLBJ,1
SLCB,1
SLCH,1
SLCO,1
SLLP,1
SLOR,1
SLPO,1
SLPS,1
SLSA,1
SLSU,1
SLTJ,1
SLTR,1
SLVM,1
SLVR,1
SLYA,1
SMJP,1
SOCA,1
SOOG,1
SPAB,1
SPAS,1
SPAY,1
SPBR,1
SPCL,1
SPEO,1
SPEP,1
SPEQ,1
SPHI,1
SPHO,1
SPHY,1
SPHZ,1
SPIM,1
SPJI,1
SPJJ,1
SPJL,1
SPLO,1
SPLP,1
SPME,1
SPMS,1
SPOL,1
SPPY,1
SPQT,1
SPQU,1
SPRM,1
SPRU,1
SPSO,1
SPST,1
SPTN,1
SPTU,1
SPUR,1
SPYL,1
SPZO,1
SUAA,1
SUDU,1
SUMU,1
SUSO,1
SVAC,1
SVAN,1
SVAT,1
SVBC,1
SVBI,1
SVBL,1
SVBM,1
SVCB,1
SVCD,1
SVCJ,1
SVCL,1
SVCN,1
SVCO,1
SVCP,1
SVCR,1
SVCS,1
SVCU,1
SVCZ,1
SVED,1
SVEZ,1
SVGD,1
SVGI,1
SVGU,1
SVHG,1
SVIE,1
SVJC,1
SVJM,1
SVLF,1
SVLO,1
SVMC,1
SVMD,1
SVMG,1
SVMI,1
SVMT,1
SVPA,1
SVPC,1
SVPM,1
SVPR,1
SVPT,1
SVSA,1
SVSB,1
SVSE,1
SVSO,1
SVSP,1
SVSR,1
SVST,1
SVSZ,1
SVTC,1
SVTM,1
SVVA,1
SVVL,1
SVVP,1
SYLD,1
SYLT,1
TAPA,1
TBPB,1
TDCF,1
TDPD,1
TFFF,1
TFFG,1
TFFR,1
TGPY,1
TIST,1
TISX,1
TJBQ,1
TJFA,1
TJIG,1
TJMZ,1
TJPS,1
TJSJ,1
TKPK,1
TLPC,1
TLPL,1
TNCA,1
TNCB,1
TNCC,1
TNCE,1
TNCM,1
TQPF,1
TTCP,1
TTPP,1
TUPJ,1
TVSC,1
TVSM,1
TVSA,1
UAAA,1
UAAH,1
UACC,1
UADD,1
UAFM,1
UAFO,1
UAII,1
UARR,1
UASP,1
UASS,1
UATT,1
UBBB,1
UEEE,1
UERR,1
UHBB,1
UHHH,1
UHMD,1
UHMM,1
UHMP,1
UHPP,1
UHSS,1
UHWW,1
UIAA,1
UIBB,1
UIII,1
UIUU,1
UKBB,1
UKCC,1
UKDD,1
UKFF,1
UKKK,1
UKLL,1
UKOO,1
ULLI,1
ULMM,1
UMGG,1
UMII,1
UMKK,1
UMMM,1
UMMS,1
UNAA,1
UNBB,1
UNEE,1
UNOO,1
URKK,1
URML,1
URMM,1
URMT,1
URRP,1
URSS,1
URWA,1
URWW,1
USCC,1
USCM,1
USNN,1
USPP,1
USRR,1
USSS,1
UTAA,1
UTAK,1
UTAV,1
UTDD,1
UTSB,1
UTSS,1
UTTT,1
UUBP,1
UUEE,1
UUEM,1
UUOO,1
UUWW,1
UUYY,1
UWKD,1
UWOO,1
UWUU,1
UWWW,1
VAAH,1
VAAK,1
VAAU,1
VABB,1
VABI,1
VABJ,1
VABM,1
VABO,1
VABP,1
VABV,1
VADN,1
VADS,1
VAGN,1
VAGO,1
VAID,1
VAJB,1
VAJM,1
VAKE,1
VAKJ,1
VAKP,1
VAKS,1
VANP,1
VAOZ,1
VAPO,1
VAPR,1
VARK,1
VARP,1
VASL,1
VASU,1
VAUD,1
VCBI,1
VCCA,1
VCCB,1
VCCC,1
VCCG,1
VCCJ,1
VCCT,1
VDKH,1
VDPP,1
VDSR,1
VDST,1
VEAN,1
VEAT,1
VELP,1
VEBD,1
VEBK,1
VEBS,1
VECC,1
VECO,1
VEDB,1
VEGY,1
VEHK,1
VEIM,1
VEJH,1
VEJS,1
VEJT,1
VEKR,1
VEKU,1
VELR,1
VEMN,1
VEMZ,1
VENP,1
VEPH,1
VEPT,1
VEPU,1
VERC,1
VERK,1
VEUK,1
VEVZ,1
VEZO,1
VGCB,1
VGEG,1
VGIS,1
VGJR,1
VGRJ,1
VGSD,1
VGSY,1
VGTJ,1
VGZR,1
VHHH,1
VHSK,1
VIAG,1
VIAL,1
VIAR,1
VIBK,1
VIBL,1
VIBN,1
VIBR,1
VIBT,1
VIBW,1
VIBY,1
VICG,1
VICX,1
VIDD,1
VIDN,1
VIDP,1
VIGR,1
VIHR,1
VIJN,1
VIJO,1
VIJP,1
VIJR,1
VIJU,1
VIKA,1
VIKO,1
VILD,1
VILH,1
VILK,1
VIPK,1
VIPL,1
VIPT,1
VIRB,1
VISP,1
VISR,1
VIST,1
VLLB,1
VLPS,1
VLPV,1
VLSK,1
VLSN,1
VLVT,1
VMMC,1
VNBW,1
VNJP,1
VNKT,1
VNPK,1
VNSI,1
VNVT,1
VOAT,1
VOBL,1
VOBI,1
VOBR,1
VOBZ,1
VOCB,1
VOCI,1
VOCL,1
VOCP,1
VOCX,1
VODG,1
VOHY,1
VOMD,1
VOML,1
VOMM,1
VONS,1
VOPB,1
VOPC,1
VORY,1
VOSM,1
VOTJ,1
VOTP,1
VOTR,1
VOTV,1
VOTX,1
VQPR,1
VRMM,1
VTBD,1
VTBK,1
VTBL,1
VTBU,1
VTBW,1
VTCL,1
VTCP,1
VTPH,1
VTPI,1
VTPL,1
VTPN,1
VTPP,1
VTPY,1
VTSA,1
VTSC,1
VTSG,1
VTSH,1
VTSK,1
VTSM,1
VTSN,1
VTSP,1
VTSR,1
VTSS,1
VTST,1
VTUD,1
VTUI,1
VTUJ,1
VTUL,1
VTUN,1
VTUR,1
VVDN,1
VVGL,1
VVKP,1
VVNB,1
VVNT,1
VVPB,1
VVPQ,1
VVTS,1
VYAN,1
VYAS,1
VYBG,1
VYCI,1
VYHH,1
VYHL,1
VYKG,1
VYKP,1
VYLS,1
VYLY,1
VYMD,1
VYME,1
VYMK,1
VYMO,1
VYMS,1
VYNP,1
VYNS,1
VYPA,1
VYPT,1
VYPY,1
VYST,1
VYSW,1
VYTD,1
VYTL,1
VYTO,1
VYYY,1
WAAA,1
WABB,1
WABI,1
WABP,1
WAJJ,1
WAJW,1
WAKK,1
WAMG,1
WAML,1
WAMM,1
WAMP,1
WAMR,1
WAMT,1
WAMW,1
WAPP,1
WASF,1
WASK,1
WASO,1
WASR,1
WAXX,1
WBGB,1
WBGG,1
WBGJ,1
WBGM,1
WBGR,1
WBGS,1
WBKD,1
WBKK,1
WBKL,1
WBKW,1
WBSB,1
WIBB,1
WIBD,1
WIII,1
WIMB,1
WIME,1
WIPT,1
WIMK,1
WIMS,1
WIOG,1
WIOK,1
WIOO,1
WIPA,1
WIPL,1
WIPP,1
WIPR,1
WITL,1
WITT,1
WMAP,1
WMKA,1
WMKB,1
WMKC,1
WMKD,1
WMKE,1
WMKF,1
WMKI,1
WMKJ,1
WMKK,1
WMKL,1
WMKM,1
WMKN,1
WMKP,1
WPDB,1
WPDL,1
WPEC,1
WSAG,1
WSAP,1
WSAT,1
WSSL,1
WSSS,1
YBAF,1
YBAM,1
YBAS,1
YBBN,1
YBCG,1
YBCS,1
YBCV,1
YBMA,1
YBMC,1
YBMK,1
YBPN,1
YBRK,1
YBTL,1
YBWP,1
YMAV,1
YMAY,1
YMEN,1
YMES,1
YMHB,1
YMLT,1
YMMB,1
YMML,1
YMPC,1
YPAD,1
YPED,1
YPJT,1
YPKA,1
YPKG,1
YPKU,1
YPLM,1
YPPD,1
YPPF,1
YPPH,1
YPWR,1
YPXM,1
YSBK,1
YSCB,1
YSCH,1
YSCN,1
YSDU,1
YSNF,1
YSRI,1
YSSY,1
YSTW,1
YSWG,1
ZBAA,1
ZBLA,1
ZBTJ,1
ZBYN,1
ZGGG,1
ZGHA,1
ZGKL,1
ZGNN,1
ZGSZ,1
ZHCC,1
ZHHH,1
ZKPY,1
ZLLL,1
ZLXY,1
ZMUB,1
ZPJH,1
ZPPP,1
ZSAM,1
ZSCN,1
ZSFZ,1
ZSHC,1
ZSNB,1
ZSNJ,1
ZSOF,1
ZSQD,1
ZSSS,1
ZSYT,1
ZUCK,1
ZUGY,1
ZUUU,1
ZUXC,1
ZWSH,1
ZWTN,1
ZWWW,1
ZYHB,1
ZYMD,1
ZYTL,1
ZSPD,1
WMBT,1
WMSA,1
RJNW,1
HEBA,1
PABA,1
PAWT,1
PALU,1
PPIZ,1
PHTO,1
KORL,1
PABT,1
PACL,1
PAIM,1
PFYU,1
PASV,1
PAFR,1
PATL,1
PACZ,1
KBED,1
PASN,1
PAEH,1
PAPB,1
PAIL,1
PAPM,1
PABM,1
KOSC,1
KOAR,1
KMHR,1
KBYS,1
KNXP,1
KFSM,1
PAMR,1
KGNT,1
KPNC,1
KSVN,1
KGFK,1
KPBF,1
KNSE,1
PHHN,1
KPRC,1
KTTN,1
KBOS,1
KSUU,1
KRME,1
KENV,1
KBFM,1
KOAK,1
KOMA,1
KNOW,1
PHOG,1
KICT,1
KMCI,1
KMSN,1
PADL,1
KHRO,1
KPHX,1
KBGR,1
KFXE,1
KGGG,1
KAND,1
KGEG,1
KHWO,1
KSFO,1
KCTB,1
KARA,1
KGNV,1
KMEM,1
KDUG,1
PABI,1
KCNW,1
PANT,1
KCAR,1
KLRF,1
KHUA,1
KPOB,1
KDHT,1
KDLF,1
KLAX,1
KANB,1
KCLE,1
KDOV,1
KCVG,1
KFME,1
KNID,1
KHON,1
PAJN,1
KLFT,1
KEWR,1
KBOI,1
KINS,1
KGCK,1
KMOT,1
PHHI,1
KMXF,1
KRBM,1
KDAL,1
KFCS,1
KHLN,1
KNKX,1
KLUF,1
KHRT,1
KHHR,1
KHUL,1
KEND,1
KNTD,1
KEDW,1
KLCH,1
PHKO,1
KMYR,1
KNLC,1
KACK,1
KFAF,1
KHOP,1
KDCA,1
KNHK,1
KPSX,1
KBYH,1
KACY,1
KTIK,1
KECG,1
KPUB,1
KPQI,1
KGRF,1
PADQ,1
PHUP,1
KFLL,1
KMKO,1
KINL,1
KSLC,1
KCDS,1
KBIX,1
KLSF,1
KNQI,1
KFRI,1
KMDT,1
KLNK,1
KLAN,1
PHMU,1
KMSS,1
KHKY,1
KSPG,1
KFMY,1
KIAH,1
KMLT,1
KADW,1
KINT,1
KVCV,1
KCEW,1
KGTB,1
KPHN,1
KBFL,1
KELP,1
KHRL,1
KCAE,1
KDMA,1
KNPA,1
KPNS,1
KRDR,1
KHOU,1
KBKF,1
PAOR,1
PAAQ,1
KPIT,1
PABR,1
KEFD,1
KNUW,1
KALI,1
KVAD,1
KMIA,1
KSEA,1
KCHA,1
KBDR,1
KJAN,1
KGLS,1
KLGB,1
PHDH,1
KIPT,1
KIND,1
KSZL,1
KAKR,1
KGWO,1
KHPN,1
KFOK,1
KJBR,1
KTNX,1
KLNA,1
KNZY,1
KBIF,1
KNYL,1
KCNM,1
KDLH,1
PABE,1
KLOU,1
KFHU,1
PHLI,1
KHUF,1
KHVR,1
KMWH,1
KMPV,1
KNSI,1
KRIC,1
KSHV,1
PACV,1
KORF,1
KBPT,1
KSAV,1
KHIF,1
PAOM,1
KSPB,1
KPIE,1
KMNM,1
KCXO,1
PASC,1
KSAT,1
KROC,1
KCOF,1
KTEB,1
KRCA,1
KRDU,1
KDAY,1
PAEN,1
KMLC,1
KIAG,1
KCFD,1
KLHW,1
KPHF,1
KESF,1
KLTS,1
KTUS,1
KMIB,1
KBAB,1
KIKK,1
KGSB,1
KPVD,1
KSBY,1
KRIU,1
KBUR,1
KDTW,1
KTPA,1
KPMB,1
KPOE,1
PAEI,1
KHIB,1
KLFK,1
KMAF,1
KGRB,1
KADM,1
KWRI,1
KNKT,1
KSBO,1
KAGS,1
KISN,1
KLIT,1
KSWF,1
KBDE,1
KSAC,1
PAHO,1
KTBN,1
KMGE,1
KSKA,1
KHTL,1
KPAM,1
KDFW,1
KMLB,1
KTCM,1
KAUS,1
KLCK,1
KSAW,1
KTYS,1
KHLR,1
KSTL,1
KMIV,1
KSPS,1
KLUK,1
KATL,1
KMER,1
KMCC,1
KGRR,1
KINK,1
KFAT,1
KVRB,1
KIPL,1
KBNA,1
KLRD,1
PAED,1
PAOT,1
KAOO,1
KDYS,1
KELD,1
KLGA,1
KTLH,1
KDPA,1
KACT,1
KAUG,1
KINJ,1
KNIP,1
KMKL,1
PHMK,1
KFTK,1
KNCA,1
KSJT,1
KCXL,1
KCIC,1
KBTV,1
KJAX,1
KDRO,1
KIAD,1
KCLL,1
KSFF,1
KMKE,1
KABI,1
KCOU,1
KPDX,1
KTNT,1
KPBI,1
KFTW,1
KOGS,1
KFMH,1
KBFI,1
KSKF,1
PHNL,1
KDSM,1
KEWN,1
KSAN,1
KMLU,1
KSSC,1
KONT,1
KGVT,1
KROW,1
KDET,1
KBRO,1
KDHN,1
KWWD,1
KNFL,1
KMTC,1
KFMN,1
KCRP,1
KSYR,1
KNQX,1
KMDW,1
KSJC,1
KHOB,1
KPNE,1
KDEN,1
KPHL,1
KSUX,1
KMCN,1
KTCS,1
KPMD,1
KRND,1
KNJK,1
KCMH,1
KFYV,1
KFSI,1
KPNM,1
KFFO,1
PAGA,1
KCHD,1
KMWL,1
KIAB,1
KNBG,1
KARW,1
KTXK,1
KPBG,1
KAPG,1
KTCC,1
PANC,1
KGRK,1
KZUN,1
KBLI,1
KNQA,1
KEKN,1
KHFD,1
KSFZ,1
KMOB,1
KNUQ,1
KSAF,1
PHBK,1
KDRI,1
PHSF,1
KOLS,1
KMCF,1
KBLV,1
KOPF,1
KDRT,1
KRSW,1
PAKN,1
KMUI,1
PHJH,1
KJFK,1
KHST,1
KRAL,1
KFLV,1
KWAL,1
KHMN,1
KNXX,1
KCYS,1
KSCK,1
KCHS,1
KRNO,1
PAKT,1
KYIP,1
KVBG,1
KBHM,1
KNEL,1
PASY,1
KLSV,1
KRIV,1
KMOD,1
KSMF,1
KUGN,1
KCOS,1
KBUF,1
KSKY,1
KPAE,1
KMUO,1
KCDC,1
KBDL,1
KMFE,1
KNGU,1
KCEF,1
KLBB,1
KORD,1
KBCT,1
PAFA,1
KNYG,1
KCVS,1
PHNG,1
KOFF,1
PAGK,1
KART,1
KPSP,1
KAMA,1
KFOD,1
KBAD,1
KFOE,1
KCOT,1
KILM,1
KBTR,1
KNMM,1
KTYR,1
KBWI,1
KHBR,1
PHNY,1
KAEX,1
KWSD,1
PACD,1
KTUL,1
PASI,1
KISP,1
KMSP,1
KILG,1
PADU,1
KMSY,1
KPWM,1
KOKC,1
KALB,1
PAVD,1
KLFI,1
KSNA,1
KCBM,1
KTMB,1
KNTU,1
KGUS,1
KCPR,1
KVPS,1
KSEM,1
KEYW,1
KCLT,1
KLAS,1
KMCO,1
KFLO,1
KGTF,1
KYNG,1
PAFB,1
KMMV,1
KWRB,1
VTBS,1
WAMH,1
WAWM,1
WAWS,1
WAWT,1
WAWW,1
WITB,1
WICM,1
WARI,1
WARA,1
WICB,1
WICC,1
WICD,1
WARJ,1
WIHL,1
WIHP,1
WARS,1
WIDD,1
WIOD,1
WIPK,1
WIDN,1
WIDS,1
WAOO,1
WAOC,1
WAOI,1
WAOP,1
WATC,1
WATE,1
WATG,1
WATT,1
WATO,1
WALL,1
WALR,1
WALS,1
WALT,1
WADA,1
WADB,1
WADW,1
WARR,1
WARQ,1
RKSI,1
VTCC,1
VTCT,1
VTSF,1
VTUQ,1
VTUW,1
VTUU,1
VTUK,1
VTPO,1
WADD,1
LGAV,1
RJGG,1
RJBE,1
KPUW,1
KLWS,1
KELM,1
KITH,1
KMRY,1
KSBA,1
KDAB,1
EVLA,1
EVRA,1
EYSA,1
EYSB,1
EYKA,1
EYKS,1
EYPA,1
EYVI,1
EYPP,1
UDYE,1
UDLS,1
UDYZ,1
UDSG,1
HHSB,1
HHAS,1
HHMS,1
LVGZ,1
UGSB,1
UGKO,1
UGTB,1
OYRN,1
OYTZ,1
OYHD,1
OYAA,1
OYAT,1
OYGD,1
OYSN,1
OYBN,1
OYSQ,1
OYBA,1
EDJA,1
LTAZ,1
SAEZ,1
ORER,1
YEML,1
LGAT,1
RJBB,1
RPVT,1
BGJN,1
BGCH,1
BGAA,1
LEPA,1
YPDN,1
VTSB,1
PATK,1
LMMG,1
KHVN,1
KAVL,1
KGSO,1
KFSD,1
YAYE,1
KMHT,1
KAPF,1
WMPR,1
KSDF,1
KCHO,1
KROA,1
KLEX,1
KEVV,1
KABQ,1
KBZN,1
KBIL,1
KBTM,1
KTVC,1
MGTK,1
KBHB,1
KRKD,1
KJAC,1
KRFD,1
UUDD,1
ZJSY,1
NZMF,1
ZPLJ,1
KGSP,1
KBMI,1
KGPT,1
KAZO,1
KTOL,1
KFWA,1
KDEC,1
KCID,1
KLSE,1
KCWA,1
KPIA,1
KATW,1
KRST,1
KCMI,1
KMHK,1
YKSC,1
YHBA,1
ZPDL,1
WBMU,1
HESH,1
KFKL,1
HKJK,1
HTSN,1
SAWC,1
YARM,1
KGJT,1
KSGU,1
KDWH,1
XS46,1
KSRQ,1
TXKF,1
KVNY,1
KMLI,1
KPFN,1
AGGH,1
NTAA,1
ANYN,1
NGFU,1
UNNT,1
EKSS,1
VLXK,1
KBIS,1
KTEX,1
ZLIC,1
VTCH,1
KRAP,1
KCRQ,1
KFNT,1
RPMD,1
LPMA,1
SBSN,1
VDSV,1
CYOA,1
NZNR,1
NFNB,1
ZULS,1
KRDD,1
KEUG,1
KIDA,1
KMFR,1
NZKI,1
KRDM,1
NZPN,1
FYWH,1
CYWH,1
CAQ3,1
ZSJN,1
ZSCG,1
ZUYB,1
USTR,1
KCAK,1
KHSV,1
KPKB,1
KMGM,1
KTRI,1
KPAH,1
HDAM,1
ZJHK,1
HTMA,1
KPGA,1
MHUT,1
KGPI,1
KMBS,1
KBGM,1
ORBI,1
VTCN,1
VTUV,1
VTUO,1
VTBO,1
KBLH,1
ORAA,1
ORAT,1
ORBD,1
RPLC,1
WBKS,1
VLLN,1
VLOS,1
ZYTX,1
TRPG,1
PAPG,1
ZHLY,1
ZSXZ,1
VYMW,1
VYKI,1
VVDL,1
VVRG,1
VVCM,1
VVCA,1
VVTH,1
VTCI,1
LDSB,1
FKYS,1
GUCY,1
EDKA,1
EDSB,1
KSFB,1
KJST,1
VNLK,1
VNBJ,1
VNLD,1
VNJS,1
VNMA,1
VNPL,1
VNRT,1
VNDG,1
VNRK,1
VNJL,1
VNTJ,1
VNTR,1
VNSK,1
VNST,1
VNDP,1
VNBG,1
VNDH,1
RKJB,1
LGPL,1
LGIK,1
LGKY,1
LGML,1
LGNX,1
LGPA,1
LGKJ,1
HEMA,1
EDLV,1
RPVV,1
RPME,1
RPMG,1
RPLI,1
RPLP,1
RPMO,1
RPVM,1
EDWS,1
EDWJ,1
SBPS,1
SNIG,1
SBPJ,1
SBCN,1
KMSO,1
YBCK,1
YBUD,1
KGCN,1
KSGR,1
YHYN,1
KAPA,1
KCVN,1
KFST,1
KLVS,1
KIWS,1
KLHX,1
KLRU,1
KBKD,1
KTPL,1
KOZA,1
VRMT,1
CYKD,1
CYWJ,1
CZFN,1
CYGH,1
NVVW,1
CYPC,1
SLET,1
TNCS,1
KEGE,1
ENSK,1
KCGF,1
KMFD,1
KCSG,1
KLAW,1
KFNL,1
KFLG,1
KTVL,1
KTWF,1
KMVY,1
KCON,1
KGON,1
KSTC,1
ZBDH,1
KGTR,1
UWGG,1
KHQM,1
KERI,1
KHYA,1
KSEZ,1
KMGW,1
KCRW,1
KAVP,1
KBJI,1
YTNG,1
NSFI,1
YBNA,1
KFAR,1
KMKC,1
VDRK,1
KGCC,1
UNTT,1
KNZJ,1
VTPB,1
VTSE,1
ZUJZ,1
ZGOW,1
LFFE,1
SYCJ,1
SGES,1
SYGO,1
PKSA,1
ZLDH,1
LIPY,1
SCHA,1
HETB,1
MWCL,1
LTFE,1
DTKA,1
LTFJ,1
KUNV,1
YBRM,1
YWLM,1
BIBA,1
LOWK,1
ENHF,1
ENHV,1
ENMH,1
ENVD,1
OIIE,1
OIMM,1
UIBS,1
KMEI,1
KSPI,1
KCEZ,1
KHDN,1
KGUP,1
KLBL,1
KLAA,1
KGLD,1
KCOD,1
ENOV,1
EGHE,1
KSGF,1
ENNK,1
ENBV,1
ENFB,1
UOOO,1
URKA,1
KJLN,1
KABE,1
KXNA,1
UATG,1
UAOO,1
KSBN,1
UUBB,1
ULAA,1
UWSS,1
USMU,1
USRO,1
UATE,1
UUYH,1
UUYS,1
UUYP,1
ULAM,1
ULOO,1
USRK,1
UNKL,1
UAKK,1
UNCC,1
USHU,1
UUBI,1
ZYCC,1
RJSN,1
PJON,1
KSMD,1
KACV,1
KOAJ,1
KTCL,1
KDBQ,1
VHST,1
AGAT,1
AGGA,1
AGGE,1
AGGF,1
AGGI,1
AGGK,1
AGGL,1
AGGM,1
AGGN,1
AGGO,1
AGGR,1
AGGU,1
AGGV,1
AGKG,1
AGRM,1
AYBK,1
AYCH,1
AYDU,1
AYGN,1
AYGR,1
AYHK,1
AYKI,1
AYKK,1
AYKM,1
AYKV,1
AYMN,1
AYMO,1
AYMR,1
AYMS,1
AYTA,1
AYTB,1
AYTK,1
AYVN,1
AYWD,1
BGAP,1
BGCO,1
BGFH,1
BGGN,1
BGJH,1
BGMQ,1
BGNN,1
BGNS,1
BGQQ,1
BGSS,1
BGUK,1
BGUQ,1
BIGR,1
BITN,1
BIVO,1
CAE5,1
CAJ4,1
CCA6,1
CCK4,1
CCP4,1
CCZ2,1
CEB3,1
CEM3,1
CJV7,1
CKB6,1
CKL3,1
CKQ3,1
CNE3,1
CNM5,1
CNT3,1
CPV7,1
CSU2,1
CTB6,1
CTU5,1
CYAC,1
CYAG,1
CYAQ,1
CYAS,1
CYAT,1
CYAX,1
CYBE,1
CYBX,1
CYCA,1
CYCS,1
CYDP,1
CYER,1
CYFA,1
CYFH,1
CYFT,1
CYGB,1
CYGO,1
CYGT,1
CYGW,1
CYGX,1
CYGZ,1
CYHA,1
CYHC,1
CYHH,1
CYHO,1
CYHR,1
CYIK,1
CYIV,1
CYKO,1
CYKQ,1
CYLA,1
CYLC,1
CYLH,1
CYSG,1
CYLU,1
CYMH,1
CYMT,1
CYMU,1
CYNC,1
CYNE,1
CYNL,1
CYOH,1
CYPH,1
CYPM,1
CYPO,1
CYPW,1
CYQD,1
CYQN,1
CYRA,1
CYRL,1
CYSF,1
CYSK,1
CYST,1
CYTL,1
CYVZ,1
CYWP,1
CYXN,1
CYZG,1
CZAC,1
CZBD,1
CZBF,1
CZEM,1
CZFD,1
CZGI,1
CZJN,1
CZKE,1
CZMD,1
CZMT,1
CZPB,1
CZRJ,1
CZSJ,1
CZTM,1
CZUM,1
CZWL,1
DABT,1
DAOR,1
DATM,1
DAUO,1
DGSI,1
EDAH,1
EDXB,1
EDXH,1
EFSI,1
EGBN,1
EGCN,1
EGEC,1
EGED,1
EGEF,1
EGEN,1
EGEP,1
EGER,1
EGES,1
EGET,1
EGEW,1
EGHC,1
EGHK,1
EGOV,1
EGPR,1
EIDL,1
EIWT,1
EKSN,1
ENLK,1
ENNM,1
ENRA,1
ENRM,1
ENRS,1
ENSD,1
ENSG,1
ENSH,1
ENSR,1
ENSS,1
ENVR,1
EPBY,1
EPLL,1
ESNZ,1
ESOH,1
ESOK,1
ESST,1
ESTA,1
ESUD,1
ESUT,1
EVVA,1
FAGM,1
FAKN,1
FAMD,1
FAMM,1
FBGZ,1
FBOR,1
FBSW,1
FBTL,1
FCPL,1
FLCP,1
KSLI,1
FMCN,1
FMMG,1
FMMK,1
FMML,1
FMMO,1
FMMR,1
FMMU,1
FMMX,1
FMMZ,1
FMNG,1
FMNJ,1
FMNO,1
FMNP,1
KTTS,1
FMNX,1
FMSJ,1
FNCT,1
FNDU,1
FNGI,1
FNMO,1
FOGK,1
FOGM,1
FOOT,1
FQCH,1
FTTA,1
FWCM,1
FYLZ,1
FYOA,1
FYOG,1
FYSM,1
FYWE,1
FZAJ,1
FZAM,1
FZBA,1
FZBI,1
FZBT,1
FZEN,1
FZUK,1
FZVA,1
FZVS,1
GCGM,1
GFBN,1
GFBO,1
GFKE,1
GGOV,1
GMMA,1
GMMH,1
GMMI,1
GMML,1
GMMW,1
GVNP,1
GVSF,1
HABC,1
HABE,1
HADC,1
HADD,1
HAGO,1
HAGR,1
HAKD,1
HAMT,1
HATP,1
HCMA,1
HCMF,1
HCMM,1
HCMR,1
HCMV,1
HEAR,1
HEAT,1
HKAM,1
HKLK,1
HKML,1
HKNY,1
HLGD,1
HLGN,1
HLLM,1
HLLQ,1
HSAT,1
HSNN,1
HSPN,1
HTBU,1
HTKA,1
HTLI,1
HTMU,1
HTSY,1
HTTB,1
HUAR,1
HUGU,1
VA1P,1
KABR,1
KABY,1
KAHN,1
KALM,1
KALO,1
KALW,1
KAPN,1
KATY,1
KBFD,1
KBFF,1
KBKW,1
KBQK,1
KBRL,1
KCEC,1
KCGI,1
KCIU,1
KCKB,1
KCLM,1
KCMX,1
KDDC,1
KDUJ,1
KEAU,1
KEKO,1
KEWB,1
KFAY,1
KGGW,1
KGRI,1
KHOT,1
KHTS,1
Q51,1
KIRK,1
KJMS,1
KLAR,1
KLBE,1
KLBF,1
KLEB,1
KLMT,1
KLNS,1
KLWT,1
KLYH,1
KMKG,1
KMLS,1
KMSL,1
KOTH,1
KOWB,1
KPIB,1
KPIH,1
KPIR,1
KPLN,1
KPSM,1
KRDG,1
KRHI,1
KRKS,1
KRUT,1
KSBP,1
KSHR,1
KSLK,1
KSLN,1
KSMX,1
KTUP,1
KUIN,1
KVCT,1
KVLD,1
KWRL,1
KYKM,1
LCEN,1
LELO,1
LFEY,1
LFJR,1
LFTZ,1
LGSO,1
LHPP,1
LHPR,1
LHSM,1
LIMW,1
LIRI,1
LPCR,1
LQBK,1
LTBO,1
LTCF,1
LTCH,1
LTCN,1
LTCO,1
LTCP,1
LTFC,1
LTFD,1
LTFH,1
LZZI,1
MBGT,1
MBMC,1
MBSY,1
MDCY,1
MDJB,1
MGPB,1
MGQZ,1
03N,1
MHAH,1
MHPL,1
MLIP,1
MMCY,1
MMDA,1
MMGR,1
MMJA,1
MPCE,1
MPEJ,1
MPJE,1
MPLP,1
MRAO,1
MRBC,1
MRCV,1
MRIA,1
MRPJ,1
MRPV,1
MRSR,1
MTJE,1
MTPX,1
MUOC,1
MUTD,1
MYAK,1
MYCA,1
MYCB,1
MYCI,1
MYPI,1
NCAT,1
NCMG,1
NCMH,1
NCMK,1
NCMR,1
NCPY,1
NFCI,1
NFFO,1
NFKD,1
NFMA,1
NFMO,1
NFNG,1
NFNK,1
NFNL,1
NFNM,1
NFNO,1
NFNR,1
NFNS,1
NFTE,1
NFTL,1
NFTO,1
NFTP,1
NFVB,1
NIUE,1
NLWF,1
NSMA,1
NTGD,1
NTHE,1
NTMN,1
NTMP,1
NTMU,1
NVSA,1
NVSC,1
NVSD,1
NVSE,1
NVSF,1
NVSG,1
NVSH,1
NVSI,1
NVSL,1
NVSM,1
NVSN,1
NVSO,1
NVSP,1
NVSQ,1
NVSR,1
NVSS,1
NVST,1
NVSU,1
NVSV,1
NVSX,1
NVSZ,1
NVVA,1
NVVB,1
NVVD,1
NVVF,1
NVVI,1
NWWA,1
NWWC,1
NWWE,1
OAFZ,1
OEDW,1
OESK,1
OEWD,1
OICK,1
OIKM,1
OIKR,1
OIMN,1
OIMS,1
OINN,1
OINZ,1
OISL,1
OITL,1
OITR,1
OMAL,1
OPBN,1
OPBW,1
OPCH,1
OPDB,1
OPDG,1
OPDI,1
OPJI,1
OPKD,1
OPKH,1
OPOR,1
OPPC,1
OPSD,1
OPSN,1
OPTU,1
ORSU,1
OSKL,1
OYSY,1
PADK,1
PAGS,1
PAGY,1
PAHC,1
PAHN,1
PALG,1
PAMC,1
PAMO,1
PANI,1
PAVA,1
PAWG,1
PHLU,1
PKMA,1
RCFG,1
RCKW,1
RCMT,1
RJCK,1
RJCO,1
RJFS,1
RJNA,1
RJOW,1
RJSF,1
RJSR,1
RJSY,1
RJTQ,1
RKJK,1
RKJM,1
RKNW,1
RKNY,1
RKPS,1
RKTU,1
RPLB,1
RPLO,1
RPMB,1
RPMH,1
RPMJ,1
RPMN,1
RPMS,1
RPMW,1
RPUN,1
RPUO,1
RPUS,1
RPUT,1
RPUV,1
RPVC,1
RPVF,1
RPVJ,1
RPVR,1
SAST,1
SAVH,1
SAVN,1
SAWA,1
SAWR,1
SAZL,1
SAZO,1
SBJU,1
SBLE,1
SBME,1
SBML,1
SBQV,1
SBSM,1
SBTD,1
SCES,1
SCPC,1
SDCO,1
SEST,1
SETM,1
SETN,1
SFAL,1
SKGO,1
SKGZ,1
SKLG,1
SKLP,1
SKNQ,1
SKPD,1
SKYP,1
SLGY,1
SLPR,1
SLRI,1
SLRY,1
SLSB,1
SMZO,1
SNMU,1
SPBC,1
SPJR,1
SPNC,1
SPZA,1
SSZR,1
SUPE,1
SVBS,1
SVVG,1
SWJI,1
TAPH,1
TFFA,1
TFFB,1
TFFC,1
TFFM,1
TKPN,1
TUPW,1
TVSB,1
TVSU,1
UACK,1
UACP,1
UAKD,1
UASK,1
UAUU,1
UBBG,1
UBBN,1
UELL,1
UERP,1
UESO,1
UESS,1
UEST,1
UHKK,1
UHMA,1
UHOO,1
UJAP,1
UKCM,1
UKCW,1
UKDE,1
UKDR,1
UKHH,1
UKLI,1
UKLN,1
UKLR,1
UKLU,1
ULAS,1
ULBC,1
ULDD,1
ULKK,1
ULPB,1
UMMG,1
UMOO,1
UNII,1
UNKY,1
UNWW,1
UOHH,1
UOII,1
URMG,1
URMN,1
URMO,1
URWI,1
5A8,1
KBLF,1
KGLH,1
KPSC,1
KQA,1
S31,1
USDD,1
USHH,1
USHN,1
USHS,1
USII,1
USKK,1
USMM,1
USNR,1
USRN,1
USUU,1
UTDL,1
UTKA,1
UTKF,1
UTKN,1
UTNN,1
UTNU,1
UTSL,1
UTST,1
UUBK,1
UUOB,1
UUOK,1
UUOL,1
UUYW,1
UWKB,1
UWKJ,1
UWKS,1
UWLW,1
UWOR,1
UWPP,1
UWPS,1
UWSB,1
VAHB,1
VCCK,1
VCCW,1
VDBG,1
VEBI,1
VEGT,1
VEMR,1
VETZ,1
VGBR,1
VLHS,1
VNBP,1
VNCG,1
VNMG,1
VNNG,1
VRMG,1
VRMH,1
VRMK,1
VTPM,1
VVBM,1
VVCI,1
VVCR,1
VVCS,1
VVCT,1
VVDB,1
VVPC,1
VVPK,1
VVVH,1
VYBM,1
VYDW,1
VYKT,1
VYLK,1
VYMM,1
VYPN,1
VYPU,1
WADS,1
WADT,1
WAJB,1
WAJS,1
WALG,1
WALJ,1
WALK,1
WAON,1
WAOS,1
WAPL,1
WATM,1
WBGC,1
WBGF,1
WBGI,1
WBGK,1
WBGQ,1
WBGW,1
WBGZ,1
WBKM,1
WBKT,1
WIAT,1
WIHH,1
WION,1
WIOP,1
WIOS,1
WIPQ,1
WITM,1
WMPA,1
WRLB,1
WRLF,1
WRLP,1
YABA,1
YARG,1
YAUR,1
YBAR,1
YBAU,1
YBDV,1
YBHI,1
YBHM,1
YBIE,1
YBKE,1
YBKT,1
YBOI,1
YBOK,1
YBOU,1
YBTH,1
YBTR,1
YCAR,1
YCBA,1
YCBP,1
YCCT,1
YCCY,1
YCDU,1
YCKN,1
YCMU,1
YCNM,1
YCOE,1
YCOM,1
YDMG,1
YDNI,1
YDPO,1
YELD,1
YESP,1
YFLI,1
YGEL,1
YGLA,1
YGTE,1
YGTH,1
YHID,1
YHOO,1
YHOT,1
YHUG,1
YJLC,1
YKBR,1
YKII,1
YKKG,1
YKMB,1
YKOW,1
YKUB,1
YLEO,1
YLEV,1
YLHI,1
YLHR,1
YLIS,1
YLRD,1
YLRE,1
YLST,1
YLTN,1
YMAA,1
YMEK,1
YMER,1
YMGB,1
YMGD,1
YMHU,1
YMIA,1
YMOG,1
YMOR,1
YMRB,1
YMRY,1
YMTG,1
YMTI,1
YMUI,1
YMYB,1
YNAR,1
YNBR,1
YNTN,1
YNWN,1
YOLD,1
YPAG,1
YPAM,1
YPBO,1
YPCC,1
YPGV,1
YPKS,1
YPLC,1
YPMP,1
YPMQ,1
YPOD,1
YQLP,1
YRNG,1
YROM,1
YSGE,1
YSHK,1
YSII,1
YSRN,1
YTGM,1
YTNK,1
YVRD,1
YWBS,1
YWDH,1
YWHA,1
YWLU,1
YWOL,1
YWTN,1
YWYY,1
YYKI,1
YYMI,1
ZBNY,1
ZBCF,1
ZBCZ,1
ZBDT,1
ZBHH,1
ZBOW,1
ZBSJ,1
ZBTL,1
ZBUL,1
ZBXH,1
ZGBH,1
ZGCD,1
ZGDY,1
ZGMX,1
ZGSD,1
ZGZH,1
ZGZJ,1
ZHES,1
ZHNY,1
ZHXF,1
ZHYC,1
ZLAK,1
ZLGM,1
ZLHZ,1
ZLQY,1
ZLXN,1
ZLYA,1
ZLYL,1
ZMAH,1
ZMAT,1
ZMBH,1
ZMDZ,1
ZMKD,1
ZMMN,1
ZPDQ,1
ZPLX,1
ZPSM,1
ZPZT,1
ZSGZ,1
ZSJD,1
ZSJJ,1
ZSJU,1
ZSLG,1
ZSLQ,1
ZSLY,1
ZSQZ,1
ZSTX,1
ZSWF,1
ZSWH,1
ZSWX,1
ZSWY,1
ZSWZ,1
ZSYN,1
ZSYW,1
ZSZS,1
ZUBD,1
ZUDX,1
ZUGU,1
ZULZ,1
ZUMY,1
ZUNC,1
ZUNZ,1
ZUWX,1
ZWAK,1
ZWCM,1
ZWKC,1
ZWKL,1
ZWKM,1
ZWYN,1
ZYHE,1
ZYJM,1
ZYJZ,1
ZYQQ,1
ZYYJ,1
HI07,1
YMNE,1
SVRS,1
EIIM,1
EICA,1
EDCG,1
USHB,1
EPSD,1
KORH,1
ZSAQ,1
ZBSH,1
ZBYC,1
ZLAN,1
ZLJQ,1
ZBDS,1
KPWT,1
KSPW,1
KJEF,1
EDMT,1
EGPW,1
WA19,1
KPVC,1
WBAK,1
TFFJ,1
UUBA,1
UGSS,1
UUOT,1
EGEO,1
SSER,1
LSGP,1
LFLJ,1
KFUL,1
KJQF,1
EGHN,1
UTSA,1
LFCD,1
EDOI,1
DAAS,1
LFBH,1
KSUN,1
LSGY,1
EPBA,1
KMCW,1
KIWA,1
SOOS,1
NZTL,1
LOGO,1
LOAV,1
EDHE,1
PAKP,1
PANV,1
PATQ,1
PAGM,1
PAHP,1
PAKV,1
PASM,1
PAVL,1
PAMY,1
PARY,1
PASH,1
PASA,1
PAWN,1
RPVO,1
CYPX,1
CYTQ,1
PARC,1
DNIM,1
MRAN,1
MRTR,1
RPUY,1
ULMK,1
SBGV,1
PAPC,1
ESUP,1
CYBD,1
KHGR,1
SKAC,1
VEGK,1
PASD,1
ZWHM,1
ZGWZ,1
RPVU,1
OITM,1
OING,1
OICI,1
OITP,1
SPCH,1
ZWTC,1
LTCR,1
UTSN,1
PADE,1
LELN,1
LEBG,1
AGGS,1
OIFS,1
VIGG,1
VAND,1
VISM,1
PAIG,1
PANW,1
PAVC,1
PAPH,1
PATG,1
HSGN,1
WBGL,1
NVSW,1
ZYCY,1
HKSB,1
MHBL,1
CYVB,1
OPST,1
SULS,1
FYWB,1
FYKM,1
LTBY,1
LTBH,1
LTCK,1
LTCM,1
LTBU,1
LTBR,1
TFFS,1
VYKL,1
TJCG,1
CYIF,1
OIHH,1
RPUW,1
YGFN,1
YORG,1
YTRE,1
ZMCD,1
LOIH,1
EDWM,1
LOAG,1
KESC,1
PAYA,1
YGLB,1
YCNK,1
YSCO,1
YMDG,1
YMND,1
TJCP,1
LSTA,1
UMMB,1
LSPA,1
LSZT,1
KMWA,1
KBMQ,1
KOKB,1
EDAS,1
ORKK,1
OTBH,1
NZGB,1
KIMT,1
KMQT,1
PFAL,1
EDLD,1
EDVI,1
RJAN,1
KMGC,1
PAWD,1
KCKC,1
KAUW,1
EKKL,1
UTAM,1
YBUU,1
LKSZ,1
FVSV,1
BIRL,1
LELL,1
YWHI,1
KMIE,1
KLAF,1
KGEO,1
KVGT,1
KENW,1
KMTJ,1
KRIW,1
KPDT,1
EGMK,1
LGHL,1
LOWZ,1
YAMB,1
YPTN,1
YLVT,1
YSNW,1
UKLC,1
UKRR,1
UKLT,1
UMBB,1
KOSH,1
EDXP,1
EDWG,1
YPEA,1
YBDG,1
KEAT,1
TJAB,1
AGRC,1
UIKK,1
UITT,1
NTAM,1
LSPN,1
LSGL,1
LSZK,1
LSZL,1
LSGN,1
URRT,1
URKG,1
UUBW,1
UHHT,1
UHKD,1
UIIB,1
UUDL,1
ZYMH,1
ZLJN,1
MRDK,1
LQTZ,1
KNFW,1
VYEL,1
VYXG,1
ENJA,1
VYBP,1
ZBMZ,1
ZBUH,1
KGYY,1
KBRD,1
KLWB,1
KPGV,1
PACK,1
KOXR,1
ZUTR,1
NTKN,1
KSCH,1
UWKE,1
EHVK,1
RPNS,1
EDWL,1
LSZP,1
FANS,1
UKKE,1
KSGJ,1
UKON,1
VNRC,1
KSTS,1
KISM,1
KLCQ,1
KDED,1
7FL4,1
SLPA,1
KLGU,1
KBMC,1
KMLD,1
KASE,1
UWLL,1
KERV,1
LSZF,1
KGED,1
CZSW,1
KGBD,1
KHYS,1
KSUS,1
KELO,1
KGPZ,1
KTVF,1
KEGV,1
KARV,1
KIKV,1
CYBV,1
KNGP,1
KAVX,1
KMHV,1
LSMI,1
EIIR,1
UNSS,1
KHUT,1
OAIX,1
OEPS,1
KSTJ,1
LHPA,1
KNDZ,1
KVOK,1
KGUC,1
ZLSN,1
KTOA,1
KMBL,1
KPGD,1
KFVE,1
KJHW,1
CYFJ,1
KSME,1
KSHD,1
KDVL,1
KDIK,1
KSDY,1
KCDR,1
KAIA,1
KMCK,1
KMTH,1
KGDV,1
KOLF,1
KWYS,1
KALS,1
KCNY,1
KELY,1
KVEL,1
KSRR,1
KSOW,1
KMYL,1
KSMN,1
KMMH,1
KFHR,1
KORS,1
KAST,1
KONP,1
PAEM,1
PAUN,1
PAKU,1
PAHX,1
PAQT,1
PAEE,1
PFKA,1
PFKW,1
PAGG,1
PADM,1
PARS,1
PAJZ,1
PAMB,1
PACI,1
PAEG,1
PAHU,1
PAHL,1
PANU,1
PAVE,1
PAWB,1
PACE,1
PAGH,1
KIYK,1
KVIS,1
KMCE,1
SUCA,1
SDAM,1
KGYR,1
YTWB,1
YLLE,1
YGAT,1
UAUR,1
EDTN,1
PAGN,1
PAEL,1
PANR,1
PAOH,1
PAFE,1
PAMM,1
PAHY,1
PAII,1
PAPE,1
PAPN,1
PFWS,1
PAKH,1
PAKY,1
PALB,1
PAFM,1
PABL,1
PAIK,1
PAOB,1
PFNO,1
PASK,1
PFKT,1
PFEL,1
PAGL,1
PATE,1
PAIW,1
PAWM,1
PAKK,1
PAMK,1
PFSH,1
PATC,1
PAAK,1
PAKO,1
PACY,1
PAUK,1
PAKI,1
PAKF,1
PAOU,1
PAAL,1
PAKW,1
PAQH,1
PFKO,1
PFKU,1
PACM,1
PANO,1
PADY,1
PAFS,1
PFAK,1
PAWI,1
SAHZ,1
SAHS,1
SCNT,1
SAVS,1
SAVJ,1
PFCB,1
PFTO,1
PACR,1
PASL,1
PAHV,1
PAQC,1
PAMH,1
PAML,1
CNH2,1
CCD4,1
CYKG,1
CYTF,1
CYGV,1
CYXK,1
CYBQ,1
CZWH,1
CZSN,1
CYBT,1
CZGR,1
CYCR,1
CYRS,1
CYOP,1
CYBF,1
CAC8,1
CAX6,1
CYJM,1
CZBB,1
CYNJ,1
CYJQ,1
CFJ2,1
MM52,1
MMSL,1
MNCI,1
MNBZ,1
MNRT,1
MNSI,1
MNWP,1
MNSC,1
MRCR,1
MDCZ,1
MKNG,1
TJRV,1
VI22,1
SAVR,1
SAWS,1
SLUY,1
NGAB,1
SMAF,1
SMDU,1
SMBN,1
SMLA,1
SMPT,1
SMDA,1
SMKA,1
SMKE,1
SMSM,1
SMMO,1
SMNI,1
SMPA,1
SMSK,1
SMSI,1
SMST,1
SMCO,1
SMWA,1
MRCA,1
SYOR,1
SYAN,1
SYAP,1
SYIB,1
SYKM,1
SYMB,1
SYMD,1
SGPJ,1
SKAD,1
SKSA,1
UEBB,1
SKVG,1
SKEB,1
SKCU,1
SKCD,1
SKTL,1
SBCB,1
SWSI,1
SWGI,1
SNKE,1
SNVS,1
SNSW,1
SWPI,1
SNBR,1
SWST,1
SBMC,1
SWGN,1
SWNA,1
SWFE,1
SIMK,1
SSDO,1
SWLB,1
SWRD,1
SBGU,1
SSJA,1
SWLC,1
SBAX,1
SWMW,1
SWBR,1
SWKO,1
SWBC,1
SWDM,1
SNGI,1
DAFI,1
FNZG,1
FNLK,1
FTTN,1
HEOW,1
KMRB,1
HALA,1
HAJJ,1
HAMA,1
HADM,1
HADT,1
HAHM,1
HAGB,1
FOOY,1
HKMS,1
HKMK,1
HSMK,1
HSYE,1
GLCP,1
LSGE,1
FQIA,1
GOSM,1
FSSB,1
HSSW,1
HUKD,1
HUKT,1
HUPA,1
ENSA,1
ENAS,1
LTDA,1
EEKU,1
EERU,1
NTAV,1
LEDA,1
LFEC,1
BIBD,1
BIGJ,1
BIKR,1
BISF,1
EIMN,1
UAAT,1
ZMUL,1
UTDT,1
ULWW,1
UHMW,1
UERO,1
UERS,1
ULAL,1
UIUN,1
UNIW,1
UERA,1
USSK,1
UNIB,1
UNBI,1
LEHC,1
LERL,1
ORNI,1
EGEY,1
KUZA,1
KAGC,1
KVQQ,1
KFTY,1
EGHT,1
OATN,1
OAZJ,1
OACC,1
ZSFY,1
ZSLD,1
ZUYI,1
ZUNP,1
UB13,1
KOSU,1
KADS,1
KDTS,1
UKOH,1
NZRC,1
FSAS,1
ZGCJ,1
CYQI,1
KISO,1
KFFA,1
SWMK,1
SBCJ,1
SNCW,1
WIOM,1
EDFW,1
LPAV,1
ETNP,1
OIBP,1
OISY,1
ORBM,1
RJBT,1
RJDA,1
RJKI,1
RORA,1
ZMDN,1
ZMBN,1
ZMUG,1
RPVW,1
RPLU,1
UTDK,1
UTAT,1
YBWX,1
YDBY,1
YWLG,1
YBTI,1
YDKI,1
YLZI,1
YHML,1
YHLC,1
YFTZ,1
YNRV,1
YWKS,1
KPVU,1
KSBS,1
KDTA,1
KRIF,1
KPUC,1
KLAM,1
KHII,1
KINW,1
KDGL,1
NGMK,1
NGTB,1
NGUK,1
NGKT,1
NGTR,1
NGTM,1
NGBR,1
NGNU,1
NGTU,1
NGMN,1
NGMA,1
NGTO,1
NGTS,1
NZWT,1
NZTK,1
AGAF,1
AGAR,1
AGGC,1
AGGT,1
AGGY,1
KBOW,1
UUBD,1
NSFQ,1
KLVK,1
KMPI,1
FYGF,1
FYRU,1
BGAM,1
KTRM,1
KSMO,1
KUDD,1
KSDL,1
KOLM,1
KDWA,1
KRIL,1
KSAA,1
KPDK,1
KBMG,1
KSUA,1
KMMU,1
KAPC,1
KSDM,1
LSPV,1
KVNC,1
KPHK,1
KECP,1
KSBD,1
SNVB,1
SNRU,1
PWAK,1
SDNY,1
KSQL,1
LSZJ,1
EPKO,1
FBCO,1
KRWI,1
PAWR,1
PASX,1
KSEE,1
KNUC,1
VVPR,1
VVNS,1
KTRK,1
LFTU,1
YGLG,1
ULAE,1
ULAH,1
KRYY,1
LOXT,1
K4U9,1
KLVM,1
K6S0,1
KBIV,1
EGLW,1
LIPV,1
EECL,1
EFHE,1
EDRI,1
UT25,1
EHHV,1
EHTX,1
LECD,1
KLAL,1
UUOS,1
VNSB,1
KIDL,1
UNKM,1
KF70,1
LIER,1
EGLM,1
VOMY,1
KPCW,1
KMGY,1
KRID,1
KFDY,1
CZBA,1
YPSH,1
EBEN,1
KEMP,1
ESSE,1
EGTB,1
EGHJ,1
CCW3,1
KSPF,1
EBKW,1
YRED,1
EPOK,1
EPMB,1
EPLK,1
EPMI,1
EPKS,1
KOLV,1
SCVM,1
CNC3,1
LTAS,1
KBJC,1
KSLE,1
KUTA,1
UA30,1
FLKY,1
KLND,1
EHHO,1
EHTE,1
EHMZ,1
EHAL,1
LFPZ,1
KMWC,1
KJVL,1
FXMN,1
KGKY,1
KLZU,1
KBWG,1
KRVS,1
OMDM,1
UKKG,1
EDAW,1
HEAL,1
KBCE,1
KBUY,1
UUMU,1
ZUTC,1
UKFB,1
EHDP,1
OAZI,1
KIXD,1
KESN,1
ENHA,1
ENRI,1
KMYV,1
YPID,1
KDUC,1
KUVA,1
KLOT,1
KCCR,1
07FA,1
LFGC,1
EDRN,1
ZYLS,1
CYOO,1
EDLM,1
ESNF,1
EDTL,1
VYMY,1
KUNI,1
KSGH,1
Unknown,1
GMFU,1
MDHE,1
YCOO,1
YJAB,1
EDNR,1
GFHA,1
KTOP,1
2XS8,1
K2I3,1
KMQY,1
KUOS,1
ZUAL,1
EDBC,1
KTKI,1
KPWK,1
KKLS,1
LKBE,1
GABG,1
NTGY,1
NZIR,1
HKKE,1
MPOA,1
UKFK,1
HKUK,1
KILN,1
KAVQ,1
KCGZ,1
1AZ0,1
KBXK,1
KE63,1
KMMI,1
KSTK,1
KRWL,1
CYZY,1
KCDW,1
KAIZ,1
KTVI,1
KHND,1
UKKM,1
KTMA,1
EDML,1
EDHF,1
EPRA,1
KDVT,1
CYBW,1
CYGE,1
CYRV,1
KFRG,1
EDBT,1
SCIC,1
EDVP,1
KHDO,1
ZLZW,1
PAIN,1
PALH,1
PAPR,1
FBKR,1
EDCY,1
RCLG,1
KHLG,1
KFZG,1
VYYE,1
SCFX,1
OESB,1
OMDW,1
KRKP,1
LFHM,1
LFKX,1
FYOO,1
FYMO,1
EDXQ,1
EDKN,1
EDWO,1
EDCB,1
EDHM,1
EDWQ,1
EDXI,1
EDWC,1
EDLB,1
EDCO,1
EDVH,1
EDHB,1
EKTD,1
EDVC,1
EDVU,1
EDLH,1
EDOJ,1
EDVY,1
EDKO,1
EDVW,1
EDXN,1
EDCK,1
EDXM,1
EDVS,1
EDWK,1
EDWH,1
EDVR,1
EDLT,1
EDXO,1
EDHC,1
EDCL,1
EDBG,1
KCKF,1
KOMN,1
EDRA,1
EDRF,1
KTTD,1
KHIO,1
NK39,1
EDKL,1
EDRV,1
OAKS,1
VYNT,1
KBDN,1
K62S,1
KBNO,1
KS39,1
KRBL,1
KDVO,1
KLKV,1
KTMK,1
KONO,1
KDLS,1
KGAI,1
OASA,1
CYTA,1
FYTM,1
CYSD,1
SSBL,1
KCVX,1
EKMS,1
CYCC,1
EHSE,1
LSTS,1
SDZY,1
LRBG,1
KXFL,1
KMVL,1
KRBD,1
LILY,1
KWST,1
KBID,1
PAGT,1
PAOO,1
BGSC,1
UKWW,1
KBGE,1
CTT5,1
CTK6,1
CCE4,1
KSPZ,1
KWHP,1
KMAE,1
CAD4,1
CAP5,1
CJX7,1
PABV,1
SOGS,1
SOOA,1
SOOM,1
ZWKN,1
SKCA,1
HEMK,1
SURV,1
SNPD,1
SJTC,1
SDOW,1
SNDC,1
SNFX,1
SJDB,1
SWFX,1
SBCD,1
SWCA,1
SWUY,1
SWEI,1
SSCK,1
SSFB,1
SJHG,1
KAAF,1
SSUM,1
SNDT,1
SWOB,1
SDCG,1
SWHT,1
SWTP,1
SNOX,1
SBTC,1
YTEF,1
LTGP,1
KDQH,1
KFPR,1
KTAN,1
KPYM,1
KOQU,1
KOWD,1
KBAF,1
KIJD,1
KMGJ,1
KCXY,1
KGHG,1
KDXR,1
KASH,1
KLWM,1
KOXC,1
KFIT,1
20GA,1
KVPC,1
KPYP,1
KRMG,1
KGAD,1
KDKX,1
KWDR,1
KJYL,1
KDNN,1
KCTJ,1
KLGC,1
KMLJ,1
KPIM,1
KFFC,1
KGVL,1
KPHD,1
KUDG,1
KHXD,1
KDNL,1
KMRN,1
KPBX,1
GA04,1
KTOC,1
EGHA,1
UKHP,1
HSAW,1
HSWW,1
HAHU,1
HKMY,1
GMAZ,1
GFYE,1
GFGK,1
UOTT,1
UNIP,1
KAFW,1
K57C,1
UNLL,1
OKAS,1
YREN,1
YLEC,1
YWBR,1
YCUN,1
YRTI,1
YFRT,1
YBLT,1
CPV8,1
CYSP,1
CYHF,1
CYHN,1
CYKX,1
CYMG,1
CYXZ,1
CYEM,1
CKD9,1
CNY3,1
CYFD,1
KLWC,1
KEGT,1
KPMP,1
YMCO,1
KEET,1
YYND,1
18AZ,1
WADL,1
CAV3,1
CZML,1
EGEG,1
YYRM,1
ZBHD,1
KUMP,1
KLOZ,1
KFBG,1
EPMO,1
ZYJX,1
RKPD,1
CYGM,1
CJT2,1
UNIT,1
USHY,1
KRAC,1
RPSD,1
EDAJ,1
XLLN,1
EHTL,1
KREI,1
KRIR,1
KTIW,1
EDLO,1
KJKA,1
SEII,1
LSXB,1
LOGG,1
UKLH,1
RJBH,1
YYTA,1
KHZL,1
KCBE,1
7FA1,1
YWYM,1
CBW4,1
UUBC,1
KLNR,1
KPBH,1
KEFT,1
KJOT,1
KVYS,1
KJXN,1
EDAL,1
EDAV,1
KVVS,1
KHMZ,1
KLOM,1
KOBE,1
KSEF,1
KAVO,1
KGIF,1
KZPH,1
KOCF,1
KJES,1
K52A,1
KCCO,1
KHQU,1
KAIK,1
KCDN,1
KLBT,1
KSOP,1
KRCZ,1
KDLL,1
KSVH,1
KBUU,1
KLHV,1
KPJC,1
KLPR,1
KBKL,1
KDKK,1
KVAY,1
KLDJ,1
KANQ,1
KASW,1
KVNW,1
KRMY,1
KGVQ,1
KCLW,1
FA08,1
KCGX,1
KJZP,1
EDCS,1
KCRE,1
KIGQ,1
KRNM,1
LFGO,1
LFGP,1
LFEW,1
LSPO,1
LSZC,1
LSPM,1
LSML,1
LKRO,1
LKUL,1
LOSM,1
LOKN,1
EDTK,1
EDGZ,1
LFPE,1
LFFH,1
KOEB,1
KWBW,1
KLNN,1
RCGM,1
BGUM,1
ZBYZ,1
KFFT,1
KLEW,1
EPIR,1
EPPR,1
KY72,1
KMKY,1
KDRM,1
KGDW,1
KLWA,1
KMFI,1
KISW,1
KCWI,1
KBVY,1
VI73,1
UUMO,1
CYRQ,1
KPOF,1
KSMQ,1
KEPM,1
KEOK,1
EGPT,1
EGCK,1
EDLF,1
KSTP,1
ESNY,1
EINC,1
VLSV,1
EDAI,1
LEFM,1
RJOE,1
UHPK,1
0WI8,1
UHPO,1
UODD,1
YBEE,1
EIBN,1
FAAN,1
FACO,1
FAAL,1
FABR,1
KHAO,1
HKBU,1
HKBR,1
HKBA,1
HKEM,1
HKGT,1
HKGA,1
HKHO,1
HKHB,1
HKIS,1
HKKR,1
HKKL,1
FMME,1
FMSL,1
UUYX,1
UNBG,1
KFLD,1
KPCZ,1
KSTE,1
UHMI,1
UEMA,1
KERY,1
EDCP,1
EPGO,1
WI1A,1
KGQQ,1
SETI,1
SESM,1
KCKV,1
KLPC,1
KMQS,1
OABT,1
UBBL,1
UBBQ,1
UBBY,1
KLKP,1
UEMM,1
YXCM,1
KAOH,1
ZKSD,1
KSSI,1
KBVI,1
KGGE,1
KHDI,1
KRNT,1
KPOC,1
KCTY,1
KCEU,1
KBEC,1
WIMG,1
KCZL,1
KAJR,1
KGTU,1
NY94,1
EGSU,1
KSNY,1
YGKL,1
YRRB,1
YMRT,1
YIFL,1
PHJR,1
OABN,1
YOOM,1
K6D9,1
KMDQ,1
KJYO,1
KANE,1
SCIR,1
VRMV,1
ZGLG,1
LDLO,1
YOLW,1
YTDR,1
KSDC,1
EGTF,1
KBDU,1
EDAN,1
EBTN,1
EDUW,1
EDTG,1
EDRB,1
KPAO,1
UEMT,1
LKVM,1
EBSP,1
KFFZ,1
KP08,1
KP52,1
EBNM,1
EBZH,1
KA39,1
KE25,1
ZSYA,1
KPTK,1
GUKU,1
KEEN,1
MUKW,1
VRMO,1
07MT,1
EGTO,1
SANR,1
FYKT,1
ZUKD,1
KIOW,1
ZWTP,1
SNCL,1
KMWM,1
OG39,1
EGAR,1
ULPW,1
KANP,1
FQCB,1
UIKB,1
UKKV,1
EYVP,1
VCRI,1
KPEQ,1
KHBG,1
SDBK,1
SBAN,1
SDSC,1
KYKN,1
OMBY,1
CZBM,1
EGSM,1
VDKT,1
SCCL,1
SCPE,1
SLCC,1
ZLGY,1
EGDA,1
ZYCH,1
EGKR,1
YCCA,1
KHWD,1
NZMK,1
YSHR,1
KARB,1
YSHT,1
YTEM,1
YGAY,1
YWCA,1
YIVO,1
YMED,1
YPCE,1
YTLP,1
LSGR,1
ZUBJ,1
UERL,1
UHWK,1
LTCS,1
LTBZ,1
ULOL,1
VOYK,1
UNNE,1
UNKI,1
YPEC,1
K4A7,1
YBPI,1
KNGZ,1
EKEL,1
LOIJ,1
EDPW,1
CYCN,1
SBBP,1
YBLN,1
UESK,1
SLCR,1
YIVL,1
YGLI,1
EDQF,1
KIMM,1
WA44,1
66CA,1
ZSYC,1
KPTB,1
FZOK,1
NZPG,1
LKKT,1
KSBM,1
YFDF,1
VNKL,1
VNBR,1
UIAR,1
EKHG,1
EDNX,1
KMZJ,1
KGEU,1
KSAD,1
EDWV,1
EDNM,1
ROKR,1
SDAI,1
UASB,1
UWOD,1
UWOH,1
KSIK,1
NTTE,1
KGFL,1
K5B2,1
KCGC,1
KMTN,1
KLHM,1
KFZI,1
KIZG,1
FA54,1
KNEW,1
KCOE,1
KBMT,1
KDNV,1
YCBB,1
KTIX,1
FVBM,1
YWVA,1
GMFB,1
HKNI,1
KAAP,1
KFCM,1
FWLK,1
KOJC,1
VCCS,1
EDHN,1
VTPT,1
CYLS,1
CYEE,1
CNU8,1
CND4,1
CNF4,1
CYSN,1
CNV8,1
CNJ4,1
CLA4,1
CNK4,1
CYHS,1
KOQN,1
KHEF,1
KLBX,1
LKBU,1
ENRK,1
LTAL,1
EGTR,1
EGCF,1
HSTR,1
K2H0,1
ZBLL,1
ZUDC,1
ZLXH,1
ESSZ,1
LICB,1
WA77,1
UHMO,1
UHMS,1
UESU,1
UHMH,1
UEMU,1
UEEA,1
UEMO,1
UERT,1
EDHP,1
ZWNL,1
LFSQ,1
KFDW,1
HDOB,1
HDTJ,1
MGQC,1
BINF,1
LTBE,1
KDAW,1
WAJR,1
KEWK,1
LFFQ,1
YBNS,1
LHTA,1
KFBR,1
KS40,1
KCLS,1
KM94,1
KEVW,1
KK83,1
KLRO,1
KACJ,1
KEUF,1
K6J4,1
KMQI,1
KAUO,1
KCZG,1
KEKY,1
KA50,1
KMIC,1
K23M,1
KDBN,1
NTGQ,1
HUKB,1
MRGT,1
SVSJ,1
KCVO,1
LRTZ,1
SCRT,1
MRST,1
SDNS,1
SNKV,1
YPMH,1
YCWR,1
YCOY,1
KOGD,1
KW63,1
KRKR,1
KAKO,1
KSHN,1
PANA,1
PAPK,1
PATJ,1
CAB3,1
EGHP,1
K2A5,1
MYAW,1
MYEB,1
SYBT,1
KDYL,1
SPGM,1
SSTL,1
SSKW,1
KOCW,1
K7W6,1
SCPQ,1
KSWO,1
KOKM,1
KCUH,1
KCSM,1
KWLD,1
KPWA,1
KDTN,1
KSEP,1
KF22,1
KMNZ,1
KADH,1
KHQZ,1
KDTO,1
KEDC,1
KRYW,1
K11R,1
K3R9,1
K2F0,1
K1T7,1
CYEL,1
KUKF,1
KJZI,1
KDAN,1
K0V4,1
UIKE,1
KCQW,1
KCHN,1
YLIL,1
GMMD,1
LTCV,1
UENS,1
GQPZ,1
DNAS,1
DNAI,1
FLKS,1
HTMB,1
HTMP,1
HTSO,1
HTMG,1
ZYAS,1
ZUZY,1
KHYW,1
ZYLD,1
ZUAS,1
GASK,1
YBWW,1
ZYTN,1
ZSSZ,1
EGCB,1
EGCV,1
EGBM,1
EGNU,1
EGCJ,1
WAOM,1
WAJM,1
WASB,1
WASW,1
WIMN,1
WITG,1
WITC,1
WAWB,1
WAMK,1
WAMN,1
WRLA,1
WIPI,1
WAWH,1
WABL,1
WAJO,1
WABN,1
YCMT,1
YWBL,1
YRMD,1
YCIN,1
WIMM,1
KAMN,1
KHBI,1
RKTP,1
KACZ,1
KEMV,1
KEMT,1
OAFR,1
VEPG,1
KI16,1
UKCK,1
ENKA,1
LFQO,1
GUKR,1
KSSF,1
KJSV,1
KJAS,1
K87K,1
KMRF,1
KE38,1
GGBU,1
MMCT,1
YBUN,1
KCCB,1
KIOB,1
KEKM,1
KC03,1
KCUB,1
KGMJ,1
KMPR,1
KGYH,1
KPXE,1
KHVS,1
KIGX,1
MMSC,1
CDU9,1
KSUT,1
KFCI,1
YATN,1
UIUB,1
MPRH,1
KHNZ,1
KLEE,1
UUBL,1
FATW,1
FVMN,1
SNZA,1
SNDV,1
URKE,1
UKDB,1
ZBER,1
EGBS,1
KCNO,1
RJDK,1
RJDO,1
RJTF,1
RORH,1
KUYF,1
MUBR,1
CDG2,1
LSZW,1
UHML,1
KPRB,1
RKDU,1
EFKY,1
KHAF,1
ZGHC,1
YKDI,1
KWJF,1
YCWA,1
SNGA,1
SDUB,1
ORTL,1
LPOT,1
YBRL,1
EDNF,1
EGAD,1
EGKH,1
EGLG,1
EGMT,1
EGSG,1
VOBG,1
EGHR,1
NZOA,1
NZHT,1
EDKM,1
SDHU,1
ZYFY,1
EKSY,1
EKSR,1
EKFA,1
KTDF,1
FADQ,1
ZUPS,1
ZUKJ,1
ZHSN,1
ZBES,1
ZGHY,1
ZKWS,1
UGMS,1
URMS,1
KASN,1
KGMU,1
KMKT,1
TUPA,1
KTOI,1
KSCD,1
KEDN,1
KRYN,1
KALX,1
YPKT,1
YGPT,1
EDHS,1
KMMK,1
YFLS,1
LSZO,1
LFTN,1
CYNR,1
CEW9,1
UIAE,1
KRJD,1
KUWL,1
KTQK,1
KHDE,1
KPTT,1
UAON,1
KAHQ,1
KLXN,1
K19S,1
KCBF,1
KOKK,1
K2K7,1
AK59,1
KEHA,1
KFTG,1
KGBG,1
KGUY,1
KMEJ,1
MO00,1
KULS,1
CO00,1
KIDP,1
K3AU,1
KLQR,1
KLZZ,1
KBYY,1
KPRX,1
KCFV,1
24SC,1
KGXY,1
KM01,1
UUOR,1
KFET,1
KLGD,1
EPSY,1
KMPO,1
KUKT,1
CYBA,1
KBNG,1
EDFL,1
LHTL,1
KOFK,1
HUKO,1
HUKJ,1
KAWO,1
SNZR,1
SNKF,1
SNAP,1
SNTO,1
SNBM,1
KTPF,1
LFYL,1
SDTK,1
SBBZ,1
SDAG,1
SDUN,1
SDMC,1
SDRS,1
SDSK,1
CEG4,1
FZWE,1
FZWT,1
FZGV,1
SWRP,1
SWJU,1
SWJN,1
SWVC,1
SIZX,1
SWKC,1
SWPL,1
SWTS,1
SWEK,1
SWVB,1
FZFU,1
SNOB,1
SNAL,1
SNQG,1
SNPC,1
FZNP,1
FZGN,1
KMTP,1
KVPZ,1
VRMD,1
WAPI,1
SUMO,1
SUPU,1
SUAG,1
YMBD,1
YHSM,1
YSWH,1
NFUL,1
WARU,1
FZRQ,1
VLAP,1
FZCF,1
SVFM,1
SSOE,1
KLDM,1
KRHV,1
OOSH,1
OPSW,1
VNTH,1
VRNT,1
VREI,1
AYKT,1
LTCW,1
EPJG,1
VQBT,1
WAMI,1
UUYK,1
USPT,1
SCSS,1
SAWL,1
USDS,1
KCMA,1
EBLE,1
MNLP,1
ZWAX,1
ZWFY,1
UNKS,1
ZBLF,1
CEC4,1
KWVI,1
VQGP,1
KJGG,1
YDLK,1
YWMC,1
CJM9,1
RPVZ,1
CKM8,1
ZSRZ,1
YTAM,1
EDFG,1
EKAE,1
EDFT,1
EDFC,1
CYSE,1
EDFB,1
EDFN,1
EDHU,1
EDXU,1
LDPV,1
KMRT,1
CYAH,1
CYAL,1
CYAU,1
CYBU,1
CYCE,1
CYCP,1
CYCQ,1
CYDM,1
CYDO,1
CYEY,1
CYGD,1
CYHE,1
CYHT,1
CYID,1
CYJF,1
CYKJ,1
CYLR,1
CYME,1
CYML,1
CYNN,1
CYOS,1
CYPD,1
CYQS,1
CYRO,1
CYRP,1
CYSH,1
CYSL,1
CYVD,1
CYVK,1
CYXQ,1
CZAM,1
CZEE,1
CZFG,1
CZGF,1
CZJG,1
CZLQ,1
CZMN,1
CZNG,1
CZPC,1
CZST,1
CZUC,1
EDBN,1
EDQA,1
EDUZ,1
EGOM,1
EGQK,1
EPBP,1
EPCE,1
EPDE,1
EPLY,1
EPMM,1
EPPW,1
EPTM,1
ESKX,1
ESTL,1
EVDA,1
EVKA,1
EVTA,1
EYKD,1
FALC,1
FBSN,1
FLLC,1
FNSU,1
FWMG,1
FYAR,1
FYML,1
HEAZ,1
HEBS,1
HEGS,1
HSMN,1
KALN,1
KAXN,1
KBAK,1
KBBD,1
KBIH,1
KBKE,1
KBPI,1
KBPK,1
KBTL,1
KBYI,1
KCCY,1
KCNU,1
KCRG,1
KCSV,1
KDAA,1
KDAG,1
KDMN,1
KDRA,1
KEED,1
KEGI,1
KEKA,1
KHYI,1
KHYR,1
KJCT,1
KLLQ,1
KLOL,1
KMBG,1
KMCB,1
KMDH,1
KMMT,1
KNHZ,1
KNRB,1
KOGB,1
KOLU,1
KOTM,1
KOZR,1
KPNA,1
KPOU,1
KRNH,1
KRSL,1
KRWF,1
KSNS,1
KSOA,1
KSUZ,1
KTPH,1
KUAO,1
KUKI,1
KUOX,1
KUTS,1
KVTN,1
KWMC,1
KWWR,1
KXMR,1
KXTA,1
KZZV,1
LAGJ,1
LAKU,1
LAKV,1
LAVL,1
LBHS,1
LBMG,1
LBPG,1
LBPL,1
LBWB,1
LECU,1
LEDS,1
LETL,1
LFOQ,1
LIDT,1
LILA,1
LILE,1
LILI,1
LILM,1
LILN,1
LIMR,1
LIQW,1
LRCT,1
LUBM,1
LUCH,1
LUTR,1
LYBT,1
MGRB,1
MHSC,1
MRUP,1
MUNB,1
MUSJ,1
OEDM,1
OEKM,1
OERY,1
OIBJ,1
OIHS,1
OIIP,1
OKAJ,1
OLRA,1
OPMK,1
OPMS,1
OPRQ,1
OPSF,1
OPSR,1
ORQW,1
ORSH,1
ORTF,1
ORTI,1
ORUB,1
PANN,1
PAWS,1
RCAY,1
RJCA,1
RJOI,1
RJTU,1
RKTI,1
RORE,1
RPMA,1
RPMF,1
RPMQ,1
SAOV,1
SBBT,1
SBTA,1
SCBE,1
SCHR,1
SCRA,1
SCTL,1
SCTO,1
SCTT,1
SKAP,1
SKCV,1
SKPQ,1
SKPZ,1
SKTJ,1
SKTQ,1
SKUA,1
SPJA,1
SPJE,1
SVMP,1
UAFL,1
UAFW,1
UASA,1
UATR,1
UENK,1
UENW,1
UESG,1
UGEJ,1
UHKG,1
UHKM,1
UHMF,1
UHMG,1
UHMK,1
UHMT,1
UHNN,1
UHPL,1
UIBV,1
UKFG,1
UKFI,1
UKFY,1
UKKO,1
ULAK,1
ULLP,1
ULLS,1
ULNR,1
ULPP,1
UMMA,1
UMNB,1
UNIS,1
UNKO,1
UNOS,1
UODN,1
UOIG,1
UOOW,1
URKH,1
UROD,1
URRY,1
UTTP,1
UUBM,1
UUMT,1
UUWE,1
UUYI,1
UUYV,1
UWKG,1
UWKV,1
UWUM,1
UWWB,1
UWWG,1
VARG,1
VCCH,1
VEDG,1
VIAM,1
VISA,1
VIUX,1
VOPN,1
VYML,1
WSAC,1
XLLL,1
XLMV,1
XLWF,1
XRWL,1
XUBS,1
XWPR,1
YAPH,1
YARA,1
YBLA,1
YBRN,1
YBRW,1
YCEE,1
YCOR,1
YCRG,1
YCTM,1
YDBI,1
YDLQ,1
YDYS,1
YECH,1
YFBS,1
YGDH,1
YHAY,1
YHPN,1
YKER,1
YKMP,1
YKRY,1
YLTV,1
YMBA,1
YNGU,1
YNRM,1
YPIR,1
YSMI,1
YSNB,1
YSWL,1
YTIB,1
YTMU,1
YWGT,1
YWKB,1
YWRN,1
YWSL,1
YWWL,1
YYNG,1
ZHGH,1
ZHSY,1
ZKSC,1
ZLHX,1
ZMBU,1
ZSBB,1
ZSRG,1
ZSWU,1
ZWSS,1
ZYYK,1
ZYYY,1
UHNB,1
SSYT,1
SPAT,1
VOHS,1
CAM9,1
LSZQ,1
DBBP,1
DBBK,1
DXSK,1
DXMG,1
EDNB,1
SBJR,1
SKAG,1
YHMB,1
YMDV,1
YARN,1
KTCY,1
YMNA,1
YEVP,1
YWBI,1
EDLK,1
HCMB,1
YAMJ,1
YKCS,1
YHTS,1
YELL,1
YPAY,1
YFRG,1
YLBG,1
KTZR,1
EDWZ,1
KBVS,1
YGDI,1
LFPL,1
KAPT,1
KGZH,1
KDCU,1
KGLW,1
KLZD,1
YDVR,1
KFIG,1
KRZL,1
YTIT,1
USDA,1
SVFT,1
EGCS,1
AYSE,1
YKNT,1
KTBR,1
YUTP,1
YNRR,1
YAMT,1
NZGH,1
YERL,1
SSHH,1
YFNE,1
SBJA,1
YNYP,1
LBHT,1
EDNV,1
KEVB,1
NV03,1
FBDT,1
FVWT,1
CBC7,1
CBF7,1
UNAU,1
LOAU,1
EYKL,1
KMRJ,1
KETB,1
KGLR,1
KAID,1
LYNS,1
BIGF,1
KPDC,1
WA98,1
2FD7,1
EKTB,1
FYOW,1
EGOQ,1
EDCR,1
SSVV,1
KVUJ,1
KEXX,1
WV62,1
5NC2,1
KAEG,1
KONM,1
KVBT,1
KMTV,1
KMWK,1
KSKX,1
KRTN,1
KRCX,1
KPPA,1
KOWP,1
KFLP,1
KBGD,1
LHBS,1
LHJK,1
FHSH,1
EDKB,1
KIZA,1
ZLDL,1
ZJQH,1
EDVN,1
LIDE,1
YBWN,1
ZBUC,1
DIOD,1
GUSI,1
GUNZ,1
YBGD,1
ZGSY,1
SNTF,1
KSPA,1
WATB,1
FGAB,1
HSRN,1
FCOD,1
CAW5,1
KPPF,1
KAYS,1
GOBD,1
KPSB,1
KPMH,1
YCNQ,1
YNRC,1
KCXU,1
CCZ3,1
SSZW,1
MMPQ,1
YCDR,1
PFCL,1
CBA9,1
CCH4,1
CDL7,1
MNCE,1
MDMC,1
MSSM,1
KSZT,1
BGAT,1
BGKA,1
BGKT,1
BGNK,1
BGIL,1
BGQE,1
BGSQ,1
BGSV,1
BGSI,1
BGAG,1
BGIN,1
BGKS,1
BGKQ,1
BGNU,1
BGTA,1
BGKL,1
BGAQ,1
BGTQ,1
BGFD,1
BGIT,1
BGAS,1
BGET,1
BGQT,1
BGTN,1
BGIS,1
BGKM,1
BGSG,1
BGIK,1
BGLL,1
BGNQ,1
BGST,1
BGIA,1
BGNT,1
BGUT,1
SWHP,1
SJNP,1
SBSO,1
SWKQ,1
SGEN,1
SMPE,1
SMGH,1
EKAT,1
LFDP,1
LFGQ,1
ENPY,1
LSEZ,1
UHPX,1
UHPT,1
UENN,1
UEBS,1
UEBT,1
UENI,1
UHSM,1
UHSK,1
UECT,1
UIKM,1
EKAC,1
KVLL,1
CYSA,1
CYES,1
PADG,1
FCOI,1
DAOY,1
HLZN,1
FWMY,1
EPSU,1
DNBC,1
DNDS,1
DNJA,1
GODK,1
FDSK,1
HTKI,1
HTWK,1
HTMS,1
FLMA,1
OAGN,1
ZLLN,1
ZYSQ,1
ZYJS,1
ZUMT,1
ZULB,1
ZBCD,1
ZYDU,1
ZBHZ,1
ZWSC,1
ZPCW,1
ZPJM,1
SWPM,1
SJOG,1
SIXZ,1
ZBXZ,1
ZBZL,1
SJTF,1
SWYN,1
SSMT,1
SCSN,1
VIAX,1
VASD,1
VEJP,1
WART,1
WIBR,1
WIDE,1
WIBT,1
WAPG,1
WAPR,1
WAPD,1
WAPN,1
WALV,1
WAMY,1
OIZJ,1
KFKS,1
KSLH,1
RJAZ,1
UAFZ,1
VLSB,1
VNBL,1
VNRB,1
RPLN,1
RPLT,1
RPVY,1
RPSM,1
RPSB,1
RPVQ,1
SIEL,1
SWPY,1
YCKI,1
YTGT,1
YBRY,1
NFNH,1
NFSW,1
NZNE,1
KJWN,1
NZOX,1
NZKE,1
NZKM,1
EPJA,1
NTGN,1
NTKF,1
NTGW,1
NTUV,1
NTGH,1
NTKO,1
NTKA,1
NTGO,1
WAKT,1
AK06,1
SBJD,1
KW35,1
SSHS,1
FABS,1
NZWL,1
NZRT,1
SIDG,1
SIMC,1
YNKA,1
UKKH,1
SWQT,1
HUKS,1
KHSA,1
PASO,1
CYLK,1
ENEN,1
FWDW,1
HSFA,1
KJKL,1
KNBC,1
KNFG,1
LPCB,1
LPSO,1
LPVL,1
MYLR,1
RJCS,1
SBNT,1
VIKG,1
VOKN,1
ZBBB,1
