iata,count
Unknown,1585
HGU,1
LAE,1
POM,1
WWK,1
UAK,1
TJB,1
YAY,1
GKA,1
SFJ,1
THU,1
AEY,1
EGS,1
HFN,1
HZK,1
IFJ,1
KEF,1
PFJ,1
RKV,1
SIJ,1
VEY,1
YAM,1
NAU,1
YAZ,1
YBB,1
YBC,1
YBG,1
YBK,1
YBL,1
YBR,1
YCB,1
YCD,1
YCG,1
YCH,1
YCL,1
YCO,1
YCT,1
YCW,1
YCY,1
YZS,1
YDA,1
YDB,1
YDF,1
YDL,1
YDN,1
YDQ,1
YEG,1
YEK,1
YEN,1
YET,1
YEU,1
YEV,1
YFB,1
YFC,1
YFE,1
YFO,1
YFR,1
YFS,1
YGK,1
YGL,1
YGP,1
YGQ,1
YGR,1
YHB,1
YHD,1
YHI,1
YHK,1
YHM,1
YHU,1
YHY,1
YHZ,1
YIB,1
YIO,1
YJN,1
YJT,1
YKA,1
YKF,1
YKL,1
YKY,1
YKZ,1
YLD,1
YLJ,1
YLL,1
YLT,1
YLW,1
YMA,1
YMJ,1
YMM,1
YMO,1
YMW,1
YMX,1
YNA,1
YND,1
YNM,1
YOC,1
YOD,1
YOJ,1
YOW,1
YPA,1
YPE,1
YPG,1
YPL,1
YPN,1
YPQ,1
YPR,1
YPY,1
YQA,1
YQB,1
YQF,1
YQG,1
YQH,1
YQK,1
YQL,1
YQM,1
YQQ,1
YQR,1
YQT,1
YQU,1
YQV,1
YQW,1
YQX,1
YQY,1
YQZ,1
YRB,1
YRI,1
YRJ,1
YRM,1
YRT,1
YSB,1
YSC,1
YSJ,1
YSM,1
YSR,1
YSU,1
YSY,1
YTE,1
YTH,1
YTR,1
YTS,1
YTZ,1
YUB,1
YUL,1
YUT,1
YUX,1
YUY,1
YVC,1
YVG,1
YVM,1
YVO,1
YVP,1
YVQ,1
YVR,1
YVT,1
YVV,1
YWA,1
YWG,1
YWK,1
YWL,1
YWY,1
YXC,1
YXD,1
YXE,1
YXH,1
YXJ,1
YXL,1
YXP,1
YXR,1
YXS,1
YXT,1
YXU,1
YXX,1
YXY,1
YYB,1
YYC,1
YYD,1
YYE,1
YYF,1
YYG,1
YYH,1
YYJ,1
YYL,1
YYN,1
YYQ,1
YYR,1
YYT,1
YYU,1
YYW,1
YYY,1
YYZ,1
YZD,1
YZE,1
YZF,1
YZH,1
YZP,1
YZR,1
YZT,1
YZU,1
YZV,1
YZW,1
YZX,1
ZFA,1
ZFM,1
QLD,1
BUJ,1
BJA,1
ALG,1
DJG,1
VVZ,1
TMR,1
GJL,1
MZW,1
AAE,1
CZL,1
TEE,1
HRM,1
TID,1
TIN,1
CFK,1
TAF,1
TLM,1
ORN,1
BFW,1
MUW,1
AZR,1
BSK,1
ELG,1
GHA,1
HME,1
INZ,1
TGR,1
LOO,1
TMX,1
OGX,1
IAM,1
COO,1
OUA,1
BOY,1
ACC,1
TML,1
NYI,1
TKD,1
ABJ,1
BYK,1
DJO,1
HGO,1
MJC,1
SPY,1
ASK,1
ABV,1
AKR,1
BNI,1
CBQ,1
ENU,1
IBA,1
ILR,1
JOS,1
KAD,1
KAN,1
MIU,1
MDI,1
LOS,1
MXJ,1
PHC,1
SKO,1
YOL,1
ZAR,1
MFQ,1
NIM,1
THZ,1
AJY,1
ZND,1
MIR,1
TUN,1
GAF,1
GAE,1
DJE,1
EBM,1
SFA,1
TOE,1
LRL,1
LFW,1
ANR,1
BRU,1
CRL,1
KJK,1
LGG,1
OST,1
OBL,1
AOC,1
IES,1
REB,1
QXH,1
BBH,1
ZMG,1
CBU,1
SXF,1
DRS,1
ERF,1
FRA,1
FMO,1
HAM,1
THF,1
CGN,1
DUS,1
MUC,1
NUE,1
LEJ,1
SCN,1
STR,1
TXL,1
HAJ,1
BRE,1
QEF,1
HHN,1
MHG,1
EIB,1
SGE,1
XFW,1
KEL,1
LBC,1
ESS,1
BFE,1
MGL,1
PAD,1
DTM,1
AGB,1
OBF,1
RBM,1
FDH,1
SZW,1
BYU,1
URD,1
HOQ,1
ZQW,1
ZQL,1
BWE,1
KSF,1
BRV,1
EME,1
WVN,1
BMK,1
NRD,1
FLF,1
GWT,1
KDL,1
URE,1
EPU,1
TLL,1
TAY,1
ENF,1
KEV,1
HEM,1
HEL,1
HYV,1
KTQ,1
IVL,1
JOE,1
JYV,1
KAU,1
KEM,1
KAJ,1
KHJ,1
KOK,1
KAO,1
KTT,1
KUO,1
QLF,1
LPP,1
MHQ,1
MIK,1
OUL,1
POR,1
RVN,1
SVL,1
SOT,1
TMP,1
TKU,1
UTI,1
VAA,1
VRK,1
YLI,1
BFS,1
ENK,1
BHD,1
LDY,1
BHX,1
CVT,1
GLO,1
GBA,1
MAN,1
NQY,1
LYE,1
YEO,1
HAW,1
CWL,1
SWS,1
BRS,1
LPL,1
LTN,1
PLH,1
BOH,1
SOU,1
QLA,1
ACI,1
GCI,1
JER,1
ESH,1
BQH,1
LGW,1
LCY,1
FAB,1
BBS,1
LHR,1
SEN,1
LYX,1
MSE,1
CAX,1
BLK,1
HUY,1
BWF,1
LBA,1
WRT,1
CEG,1
IOM,1
NCL,1
MME,1
EMA,1
KOI,1
LSI,1
WIC,1
ABZ,1
INV,1
GLA,1
EDI,1
ILY,1
PIK,1
BEB,1
SCS,1
DND,1
SYY,1
TRE,1
ADX,1
LMO,1
CBG,1
NWI,1
STN,1
EXT,1
FZO,1
OXF,1
BEX,1
LKZ,1
MHZ,1
QUY,1
FFD,1
BZZ,1
ODH,1
NHT,1
QCY,1
BEQ,1
SQZ,1
HRT,1
WTN,1
KNF,1
MPN,1
AMS,1
MST,1
EIN,1
GRQ,1
GLZ,1
DHR,1
LEY,1
LWR,1
RTM,1
UTC,1
ENS,1
LID,1
WOE,1
ORK,1
GWY,1
DUB,1
NOC,1
KIR,1
SNN,1
SXL,1
WAT,1
AAR,1
BLL,1
CPH,1
EBJ,1
KRP,1
BYR,1
MRW,1
ODE,1
RKE,1
RNN,1
SGD,1
SKS,1
SQW,1
TED,1
FAE,1
STA,1
AAL,1
LUX,1
AES,1
ANX,1
ALF,1
BNN,1
BOO,1
BGO,1
BJF,1
KRS,1
DLD,1
BDU,1
EVE,1
VDB,1
FRO,1
OSL,1
HAU,1
HAA,1
KSU,1
KKN,1
FAN,1
MOL,1
MJF,1
LKL,1
NTB,1
OLA,1
RRS,1
RYG,1
LYR,1
SKE,1
SRP,1
SSJ,1
TOS,1
TRF,1
TRD,1
SVG,1
GDN,1
KRK,1
KTW,1
POZ,1
RZE,1
SZZ,1
OSP,1
WAW,1
WRO,1
IEG,1
RNB,1
GOT,1
JKG,1
LDK,1
GSE,1
KVB,1
THN,1
KSK,1
MXX,1
NYO,1
KID,1
OSK,1
KLR,1
MMX,1
HAD,1
VXO,1
EVG,1
GEV,1
HUV,1
KRF,1
LYC,1
SDL,1
OER,1
KRN,1
SFT,1
UME,1
VHM,1
AJR,1
ORB,1
VST,1
LLA,1
ARN,1
BMA,1
BLE,1
HLF,1
GVX,1
LPI,1
NRK,1
EKT,1
VBY,1
SPM,1
RMS,1
GHF,1
ZCN,1
FRZ,1
ZNF,1
KZG,1
FCN,1
GKE,1
RLG,1
WBG,1
WIE,1
FEL,1
IGS,1
GUT,1
ALJ,1
AGZ,1
BIY,1
BFN,1
CPT,1
DUR,1
ELS,1
FCB,1
GCJ,1
GRJ,1
HRS,1
HDS,1
JNB,1
KXE,1
KIM,1
KMH,1
KLZ,1
HLA,1
SDB,1
LAY,1
MGH,1
LLE,1
MZQ,1
NCS,1
OVG,1
OUH,1
PLZ,1
PBZ,1
PHW,1
JOH,1
PZB,1
NTY,1
PTG,1
PCF,1
UTW,1
RCB,1
ROD,1
SBU,1
ZEC,1
SIS,1
SZK,1
LTA,1
ULD,1
UTN,1
UTT,1
VRU,1
VIR,1
VRE,1
PRY,1
WKF,1
FRW,1
JWA,1
BBK,1
MUB,1
GBE,1
PKW,1
BZV,1
FTX,1
OUE,1
PNR,1
MTS,1
BGF,1
BBT,1
BSG,1
SSG,1
ASI,1
MRU,1
RRG,1
NKW,1
TKC,1
DLA,1
MVR,1
FOM,1
NGE,1
GOU,1
BFX,1
BPC,1
YAO,1
CGJ,1
LVI,1
LUN,1
MFU,1
MNR,1
NLA,1
KIW,1
HAH,1
NWA,1
AJN,1
DZA,1
RUN,1
ZSE,1
TNR,1
ZVA,1
SMS,1
TMM,1
MOQ,1
DIE,1
WMR,1
ZWA,1
AMB,1
ANM,1
HVA,1
MJN,1
NOS,1
BPY,1
WMN,1
SVB,1
VOH,1
WAI,1
IVA,1
FTU,1
WFI,1
RVA,1
WVK,1
MNJ,1
MXM,1
TLE,1
SSY,1
BUG,1
CAB,1
NOV,1
SVP,1
LAD,1
MEG,1
SPP,1
GXG,1
PBN,1
VHC,1
SZA,1
SDD,1
LUO,1
UGO,1
XGN,1
OYE,1
OKN,1
LBQ,1
BMM,1
POG,1
OMB,1
MKU,1
LBV,1
MVB,1
PCP,1
TMS,1
BEW,1
INH,1
VXC,1
LFB,1
MPM,1
MUD,1
MZB,1
MNC,1
APL,1
POL,1
UEL,1
TET,1
VNX,1
DES,1
SEZ,1
PRI,1
AEH,1
MQQ,1
NDJ,1
FYT,1
BUQ,1
BFO,1
VFA,1
HRE,1
KAB,1
UTA,1
MVZ,1
GWE,1
HWN,1
BLZ,1
KGJ,1
KBQ,1
LLW,1
ZZU,1
MSU,1
FIH,1
NLO,1
MNB,1
FDU,1
KKW,1
MDK,1
BDT,1
GMA,1
KLI,1
LIQ,1
FKI,1
IRP,1
BUX,1
BZU,1
BKY,1
GOM,1
KND,1
FBM,1
KWZ,1
FMI,1
KMN,1
KGA,1
MJM,1
BKO,1
GAQ,1
KYS,1
MZI,1
TOM,1
BJL,1
FUE,1
VDE,1
SPC,1
LPA,1
ACE,1
TFS,1
TFN,1
MLN,1
FNA,1
MLW,1
ROB,1
AGA,1
TTA,1
FEZ,1
ERH,1
MEK,1
OUD,1
GMD,1
RBA,1
CMN,1
RAK,1
NNA,1
OZZ,1
AHU,1
TTU,1
TNG,1
ZIG,1
CSK,1
KLC,1
DKR,1
XLS,1
BXE,1
KGG,1
TUD,1
AEO,1
TIY,1
KFA,1
EMN,1
KED,1
NKC,1
SEY,1
ATR,1
NDB,1
FIG,1
FAA,1
LEK,1
SID,1
BVC,1
MMO,1
SNE,1
VXE,1
ADD,1
AMH,1
AXU,1
BJR,1
DIR,1
GMB,1
GDQ,1
JIM,1
LLI,1
MQX,1
ASO,1
BJM,1
HGA,1
BBO,1
KMU,1
ALY,1
ABS,1
CAI,1
CWE,1
HRG,1
EGH,1
LXR,1
MUH,1
PSD,1
SKV,1
ASW,1
ELT,1
EDL,1
GGM,1
KIS,1
KTL,1
LOK,1
LAU,1
MBA,1
WIL,1
WJR,1
GHT,1
AKF,1
BEN,1
SEB,1
TIP,1
LMQ,1
HUQ,1
LTD,1
GYI,1
KGL,1
KME,1
DOG,1
RSS,1
ELF,1
KSL,1
KDX,1
EBD,1
JUB,1
MAK,1
KRT,1
ARK,1
DAR,1
DOD,1
IRI,1
JRO,1
LKY,1
MYW,1
MWZ,1
PMA,1
TGT,1
ZNZ,1
EBB,1
SRT,1
TIA,1
BOJ,1
GOZ,1
PDV,1
SOF,1
SZR,1
VAR,1
LCA,1
PFO,1
AKT,1
DBV,1
OSI,1
PUY,1
RJK,1
SPU,1
ZAG,1
ZAD,1
ABC,1
ALC,1
LEI,1
OVD,1
ODB,1
BIO,1
BCN,1
BJZ,1
LCG,1
GRO,1
GRX,1
IBZ,1
XRY,1
MJV,1
MAD,1
AGP,1
MAH,1
OZP,1
PNA,1
REU,1
ROZ,1
SLM,1
EAS,1
SCQ,1
LEU,1
TOJ,1
VLC,1
VLL,1
VIT,1
VGO,1
SDR,1
ZAZ,1
SVQ,1
CQF,1
BYF,1
LTQ,1
XVS,1
AGF,1
BOD,1
EGC,1
CNG,1
PIS,1
MCU,1
LIG,1
NIT,1
TLS,1
PUF,1
LDE,1
ANG,1
BVE,1
PGX,1
BIQ,1
ZAO,1
LBI,1
DCM,1
RDZ,1
RYN,1
XMW,1
RCO,1
CMR,1
DLE,1
OBS,1
LPY,1
ETZ,1
BIA,1
CLY,1
FSC,1
AJA,1
PRP,1
SOZ,1
AUF,1
CMF,1
CFE,1
BOU,1
QNJ,1
LYS,1
SYT,1
RNE,1
NCY,1
GNB,1
VAF,1
VHY,1
AUR,1
CHR,1
LYN,1
CEQ,1
EBU,1
CCF,1
MRS,1
NCE,1
XOG,1
PGF,1
CTT,1
MPL,1
BZR,1
AVN,1
MEN,1
BVA,1
EVX,1
LEH,1
XAB,1
ORE,1
XCR,1
URO,1
TUF,1
CET,1
LVA,1
LBG,1
CSF,1
CDG,1
TNF,1
ORY,1
POX,1
VIY,1
NVS,1
XME,1
LIL,1
HZB,1
XCZ,1
BES,1
CER,1
DNR,1
LBY,1
GFR,1
DOL,1
LRT,1
EDM,1
LDV,1
CFR,1
LME,1
RNS,1
LAI,1
UIP,1
NTE,1
SBK,1
MXN,1
VNE,1
SNR,1
BSL,1
DIJ,1
MZM,1
EPL,1
ENC,1
RHE,1
SXB,1
TLN,1
FNI,1
MQC,1
FSP,1
PYR,1
AGQ,1
AXD,1
VOL,1
JKH,1
IOA,1
HER,1
KSO,1
KIT,1
EFL,1
KLX,1
KGS,1
AOK,1
CFU,1
KSJ,1
KVA,1
KZI,1
LRS,1
LXS,1
LRA,1
JMK,1
MJT,1
PVK,1
RHO,1
GPA,1
CHQ,1
JSI,1
SMI,1
SPJ,1
JTR,1
JSH,1
SKU,1
SKG,1
ZTH,1
BUD,1
DEB,1
CRV,1
BRI,1
FOG,1
TAR,1
LCC,1
PSR,1
BDS,1
SUF,1
CTA,1
LMP,1
PNL,1
PMO,1
REG,1
TPS,1
NSY,1
AHO,1
DCI,1
CAG,1
OLB,1
TTB,1
MXP,1
BGY,1
TRN,1
ALL,1
GOA,1
LIN,1
PMF,1
CUF,1
AVB,1
BZO,1
BLQ,1
TSF,1
FRL,1
VBS,1
TRS,1
RMI,1
VIC,1
QPA,1
VRN,1
VCE,1
SAY,1
CIA,1
FCO,1
EBA,1
QLT,1
NAP,1
PSA,1
FLR,1
GRS,1
PEG,1
LJU,1
MBX,1
POW,1
UHE,1
KLV,1
OSR,1
PED,1
PRV,1
PRG,1
BRQ,1
VOD,1
TLV,1
BEV,1
ETH,1
EIY,1
HFA,1
RPN,1
MTZ,1
VTM,1
VDA,1
MIP,1
SDV,1
MLA,1
GRZ,1
INN,1
LNZ,1
SZG,1
VIE,1
AVR,1
SMA,1
BGC,1
BYJ,1
BGZ,1
CAT,1
FLW,1
FAO,1
GRW,1
HOR,1
TER,1
QLR,1
PDL,1
PIX,1
PRM,1
OPO,1
PXO,1
LIS,1
SJZ,1
VRL,1
VSE,1
OMO,1
SJJ,1
ARW,1
BCM,1
BAY,1
BBU,1
CND,1
CLJ,1
CSB,1
CRA,1
IAS,1
OMR,1
OTP,1
SBZ,1
SUJ,1
SCV,1
TCE,1
TGM,1
TSR,1
GVA,1
SIR,1
EML,1
LUG,1
BRN,1
ZHI,1
ZRH,1
ACH,1
SMV,1
ESB,1
ANK,1
ADA,1
UAB,1
AFY,1
AYT,1
GZT,1
KYA,1
MZH,1
VAS,1
MLX,1
ASR,1
TJK,1
DNZ,1
IST,1
BZI,1
BDM,1
ESK,1
ADB,1
IGL,1
KCO,1
DLM,1
BXN,1
EZS,1
DIY,1
ERC,1
ERZ,1
TZX,1
VAN,1
BAL,1
SXZ,1
BZY,1
KIV,1
OHD,1
SKP,1
GIB,1
BEG,1
INI,1
TGD,1
PRN,1
TIV,1
BTS,1
KSC,1
PZY,1
SLD,1
TAT,1
NCA,1
PLS,1
XSC,1
BRX,1
CBJ,1
LRM,1
PUJ,1
POP,1
SDQ,1
STI,1
CBV,1
GUA,1
RER,1
GSJ,1
LCE,1
SAP,1
GJA,1
RTB,1
TEA,1
TGU,1
TJI,1
OCJ,1
KIN,1
MBJ,1
POT,1
KTP,1
ACA,1
NTR,1
AGU,1
HUX,1
CVJ,1
ACN,1
CME,1
NCG,1
CUL,1
CTM,1
CEN,1
CPE,1
CJS,1
CUU,1
CVM,1
CZM,1
DGO,1
TPQ,1
ESE,1
GDL,1
GYM,1
TCN,1
HMO,1
CLQ,1
ISJ,1
SLW,1
IZT,1
LZC,1
LMM,1
BJX,1
LAP,1
LTO,1
MAM,1
MID,1
MXL,1
MLM,1
MTT,1
LOV,1
MEX,1
MTY,1
MZT,1
NOG,1
NLD,1
OAX,1
PAZ,1
PBC,1
PPE,1
PDS,1
UPN,1
PVR,1
PXM,1
QRO,1
REX,1
SJD,1
SFH,1
SLP,1
TRC,1
TGZ,1
TIJ,1
TAM,1
TSL,1
TLC,1
TAP,1
CUN,1
VSA,1
VER,1
ZCL,1
ZIH,1
ZMM,1
ZLO,1
BEF,1
MGA,1
PUZ,1
BOC,1
CHX,1
DAV,1
BLB,1
PAC,1
SYP,1
PTY,1
BAI,1
OTR,1
JAP,1
GLF,1
GPL,1
LIR,1
LSL,1
LIO,1
NOB,1
SJO,1
PMZ,1
XQP,1
TOO,1
SAL,1
CYA,1
CAP,1
JAK,1
PAP,1
BCA,1
BYM,1
AVI,1
CCC,1
CFG,1
CYO,1
CMW,1
SCU,1
NBW,1
GAO,1
HAV,1
HOG,1
LCL,1
MOA,1
MZO,1
GER,1
UPB,1
QPD,1
SNU,1
SZJ,1
USS,1
VRA,1
VTU,1
CYB,1
GCM,1
MAY,1
ASD,1
MHH,1
SAQ,1
AXP,1
TCB,1
CCZ,1
GHC,1
BIM,1
GGT,1
ELH,1
GHB,1
NMC,1
RSD,1
TYM,1
FPO,1
IGA,1
LGI,1
SML,1
MYG,1
NAS,1
DCT,1
RCY,1
ZSA,1
BZE,1
AIT,1
RAR,1
NAN,1
SUV,1
TBU,1
VAV,1
TRW,1
TBF,1
WLS,1
APW,1
PPG,1
RUR,1
TUB,1
AAA,1
FGU,1
TIH,1
REA,1
FAV,1
XMH,1
GMR,1
KKR,1
MKP,1
PKP,1
TKP,1
AXR,1
MVT,1
TKX,1
NHV,1
BOB,1
RGI,1
HUH,1
MOZ,1
HOI,1
MAU,1
RFP,1
VLI,1
KNQ,1
KOC,1
LIF,1
GEA,1
MEE,1
TOU,1
UVE,1
NOU,1
AKL,1
TUO,1
AMZ,1
CHC,1
CHT,1
DUD,1
GIS,1
GTN,1
HKK,1
HLZ,1
KKE,1
KAT,1
ALR,1
MON,1
TEU,1
MRO,1
NPL,1
NSN,1
IVC,1
OHA,1
OAM,1
PMR,1
PPQ,1
ZQN,1
ROT,1
TRG,1
TIU,1
TWZ,1
BHE,1
WKA,1
WHK,1
WLG,1
WIR,1
WRE,1
WSZ,1
WAG,1
HEA,1
JAA,1
KBL,1
KDH,1
MMZ,1
MZR,1
OAH,1
UND,1
BAH,1
AHB,1
HOF,1
ABT,1
BHH,1
DMM,1
DHA,1
GIZ,1
ELQ,1
URY,1
HAS,1
QJB,1
JED,1
KMC,1
MED,1
EAM,1
AQI,1
RAH,1
RUH,1
RAE,1
SHW,1
SLF,1
TUU,1
TIF,1
TUI,1
EJH,1
YNB,1
ABD,1
DEF,1
AKW,1
GCH,1
OMI,1
MRX,1
AWZ,1
AEU,1
BUZ,1
KIH,1
BDH,1
KHK,1
SXI,1
LVP,1
KSH,1
SDG,1
IFH,1
IFN,1
RAS,1
AJK,1
THR,1
GZW,1
BND,1
JYR,1
KER,1
HDR,1
SYJ,1
XBJ,1
CKT,1
RUD,1
TCX,1
KLM,1
RZR,1
FAZ,1
JAR,1
LFM,1
SYZ,1
KHY,1
TBZ,1
JWN,1
AZD,1
ACZ,1
ZBR,1
ZAH,1
IHR,1
AMM,1
ADJ,1
AQJ,1
OMF,1
KWI,1
BEY,1
KYE,1
AUH,1
AZI,1
DHF,1
DXB,1
FJR,1
RKT,1
SHJ,1
KHS,1
MSH,1
MCT,1
SLL,1
TTH,1
BHW,1
LYP,1
GWD,1
GIL,1
JAG,1
KHI,1
LHE,1
XJM,1
MFG,1
MWD,1
MJD,1
MUX,1
WNS,1
PJG,1
PSI,1
PEW,1
UET,1
RYK,1
RAZ,1
SKZ,1
SDT,1
SUL,1
BDN,1
WAF,1
PZH,1
BSR,1
ALP,1
DAM,1
DEZ,1
LTK,1
PMS,1
CIS,1
ROP,1
SPN,1
UAM,1
GUM,1
TIQ,1
MAJ,1
KWA,1
CXI,1
MDY,1
TKK,1
PNI,1
ROR,1
KSA,1
YAP,1
KNH,1
TTT,1
GNI,1
KHH,1
CYI,1
KYD,1
RMQ,1
TNN,1
HSZ,1
MZG,1
PIF,1
TSA,1
TPE,1
WOT,1
HUN,1
NRT,1
MMJ,1
IBR,1
MUS,1
IWO,1
SHM,1
OBO,1
CTS,1
HKD,1
MMB,1
SHB,1
WKJ,1
IKI,1
UBJ,1
TSJ,1
MBE,1
AKJ,1
OIR,1
RIS,1
KUM,1
FUJ,1
FUK,1
TNE,1
KOJ,1
KMI,1
OIT,1
KKJ,1
KMJ,1
NGS,1
ASJ,1
OKE,1
TKN,1
FKJ,1
QGU,1
KMQ,1
OKI,1
TOY,1
HIJ,1
OKJ,1
IZO,1
YGJ,1
KCZ,1
MYJ,1
ITM,1
TTJ,1
TKS,1
TAK,1
AOJ,1
GAJ,1
SDS,1
HHE,1
HNA,1
AXT,1
MSJ,1
SDJ,1
NJA,1
HAC,1
OIM,1
HND,1
OKO,1
KWJ,1
CHN,1
RSU,1
KAG,1
CJU,1
CHF,1
PUS,1
USN,1
SSN,1
OSN,1
GMP,1
SWU,1
KPO,1
TAE,1
YEC,1
OKA,1
DNA,1
ISG,1
UEO,1
MMD,1
MMY,1
KTD,1
SHI,1
TRA,1
RNJ,1
OGN,1
MNL,1
CBO,1
PAG,1
GES,1
ZAM,1
BAG,1
DTE,1
SJI,1
MBO,1
BQA,1
TAC,1
BCD,1
DGT,1
MPH,1
ILO,1
KLO,1
PPS,1
EUQ,1
COC,1
GHU,1
JNI,1
PRA,1
ROS,1
SFN,1
AEP,1
COR,1
FDO,1
LPG,1
EPA,1
HOS,1
GNR,1
MDZ,1
LGS,1
AFA,1
CTC,1
SDE,1
IRJ,1
TUC,1
UAQ,1
RCU,1
VDR,1
VME,1
LUQ,1
CNQ,1
RES,1
FMA,1
IGR,1
AOL,1
MCS,1
PSS,1
SLA,1
JUJ,1
ORA,1
ELO,1
OYA,1
RCQ,1
UZU,1
EHL,1
CRD,1
EQS,1
REL,1
VDM,1
PMY,1
PUD,1
RGA,1
RGL,1
USH,1
ULA,1
PMQ,1
RZA,1
BHI,1
CSZ,1
OVR,1
GPO,1
OYO,1
MDQ,1
NQN,1
PEH,1
RSA,1
BRC,1
TDL,1
VLG,1
CUT,1
CPC,1
CDJ,1
AQA,1
AJU,1
AFL,1
ARU,1
BEL,1
BGX,1
PLU,1
BFH,1
BSB,1
BAU,1
BVB,1
BPG,1
CAC,1
CNF,1
CGR,1
XAP,1
CLN,1
CCM,1
CAW,1
CMG,1
CWB,1
CRQ,1
CXJ,1
CGB,1
CZS,1
PPB,1
MAO,1
JCR,1
IGU,1
FLN,1
FEN,1
FOR,1
GIG,1
GJM,1
GYN,1
GRU,1
GUJ,1
ATM,1
ITA,1
ITB,1
IOS,1
IPN,1
ITR,1
IMP,1
JDF,1
JPA,1
JOI,1
CPV,1
VCP,1
LAJ,1
LIP,1
LDB,1
LAZ,1
MAB,1
MEU,1
MGF,1
MOC,1
PLL,1
MCZ,1
MCP,1
MVF,1
MNX,1
NVT,1
GEL,1
NAT,1
OYK,1
POA,1
PHB,1
POO,1
PFB,1
PET,1
PNZ,1
PNB,1
PMG,1
PVH,1
RBR,1
REC,1
SDU,1
RAO,1
SNZ,1
SJK,1
SLZ,1
CGH,1
SJP,1
SSZ,1
SSA,1
TMT,1
THE,1
TFF,1
TRQ,1
TEC,1
TBT,1
TUR,1
SJL,1
PAV,1
URG,1
UDI,1
UBA,1
VAG,1
BVH,1
VIX,1
QPS,1
ARI,1
BBA,1
CCH,1
CJC,1
YAI,1
PUQ,1
GXQ,1
IQQ,1
SCL,1
ANF,1
WPR,1
FFU,1
LSQ,1
WPU,1
CCP,1
IPC,1
ZOS,1
VLR,1
QRC,1
TNM,1
LSC,1
PZS,1
PMC,1
WCH,1
ZAL,1
ATF,1
OCC,1
CUE,1
GPS,1
GYE,1
LTX,1
MRR,1
XMS,1
MCH,1
MEC,1
PVO,1
UIO,1
ETR,1
SNC,1
TPC,1
TUA,1
ASU,1
AYO,1
CIO,1
ESG,1
PIL,1
AXM,1
PUU,1
ELB,1
BGA,1
BOG,1
BAQ,1
BSC,1
BUN,1
CUC,1
CTG,1
CLO,1
TCO,1
CZU,1
EJA,1
FLA,1
GIR,1
GPI,1
IBE,1
IPI,1
APO,1
MCJ,1
LET,1
EOH,1
MGN,1
MTR,1
MVP,1
MZL,1
NVA,1
OCV,1
OTU,1
PCR,1
PEI,1
PTX,1
PPN,1
PSO,1
PVA,1
MQU,1
MDE,1
RCH,1
SJE,1
SMR,1
ADZ,1
SVI,1
TME,1
AUC,1
UIB,1
ULQ,1
VUP,1
VVC,1
BJO,1
CBB,1
CCA,1
CIJ,1
LPB,1
ORU,1
POI,1
PSZ,1
SBL,1
SRE,1
TJA,1
TDD,1
VLM,1
VVI,1
BYC,1
PBM,1
CAY,1
OYP,1
AOP,1
IBP,1
PCL,1
CHM,1
CIX,1
AYP,1
ANS,1
ATA,1
LIM,1
JJI,1
JAU,1
JUL,1
ILQ,1
TBP,1
YMS,1
CHH,1
IQT,1
AQP,1
TRU,1
PIO,1
TPP,1
TCQ,1
PEM,1
PIU,1
TYL,1
CUZ,1
DZO,1
MVD,1
STY,1
AGV,1
AAO,1
BLA,1
BNS,1
BRM,1
CBL,1
CXA,1
CLZ,1
CAJ,1
VCR,1
CUP,1
CZE,1
CUM,1
EOR,1
EOZ,1
GDO,1
GUI,1
GUQ,1
HGE,1
ICC,1
LSP,1
LFR,1
MAR,1
MRD,1
PMV,1
CCS,1
MUN,1
PYH,1
PBL,1
SCI,1
PZO,1
PTM,1
SVZ,1
SBB,1
SNV,1
STD,1
SNF,1
SFD,1
SOM,1
STB,1
TUV,1
TMO,1
VLN,1
VLV,1
VDP,1
LTM,1
ANU,1
BGI,1
DCF,1
DOM,1
FDF,1
SFG,1
PTP,1
GND,1
STT,1
STX,1
BQN,1
FAJ,1
SIG,1
MAZ,1
PSE,1
SJU,1
SKB,1
SLU,1
UVF,1
AUA,1
BON,1
CUR,1
EUX,1
SXM,1
AXA,1
TAB,1
POS,1
EIS,1
CIW,1
MQS,1
SVD,1
ALA,1
BXH,1
TSE,1
DMB,1
FRU,1
OSS,1
CIT,1
URA,1
PWQ,1
PLX,1
AKX,1
GYD,1
YKS,1
MJZ,1
BQS,1
KHV,1
PVS,1
GDX,1
PWE,1
PKC,1
UUS,1
VVO,1
HTA,1
BTK,1
IKT,1
UUD,1
KBP,1
DOK,1
DNK,1
SIP,1
IEV,1
LWO,1
ODS,1
LED,1
MMK,1
GME,1
VTB,1
KGD,1
MHP,1
MSQ,1
ABA,1
BAX,1
KEJ,1
OMS,1
KRR,1
MCX,1
MRV,1
STW,1
ROV,1
AER,1
ASF,1
VOG,1
CEK,1
MQF,1
NJC,1
PEE,1
SGC,1
SVX,1
ASB,1
KRW,1
CRZ,1
DYU,1
BHK,1
SKD,1
TAS,1
BZK,1
SVO,1
KLD,1
VOZ,1
VKO,1
SCW,1
KZN,1
REN,1
UFA,1
KUF,1
AMD,1
AKD,1
IXU,1
BOM,1
PAB,1
BHJ,1
IXG,1
BDQ,1
BHO,1
BHU,1
NMB,1
GUX,1
GOI,1
IDR,1
JLR,1
JGA,1
IXY,1
HJR,1
KLH,1
IXK,1
NAG,1
ISK,1
PNQ,1
PBD,1
RAJ,1
RPR,1
SSE,1
STV,1
UDR,1
CMB,1
ACJ,1
BTC,1
RML,1
ADP,1
JAF,1
TRR,1
KZC,1
PNH,1
REP,1
TNX,1
IXV,1
IXA,1
AJL,1
IXB,1
BBI,1
CCU,1
COH,1
DBD,1
GAY,1
IMF,1
IXW,1
JRH,1
IXH,1
IXS,1
IXI,1
DIB,1
MZU,1
PAT,1
IXR,1
RRK,1
VTZ,1
ZER,1
CXB,1
CGP,1
IRD,1
JSR,1
RJH,1
SPD,1
ZYL,1
DAC,1
HKG,1
AGR,1
IXD,1
ATQ,1
BKB,1
VNS,1
KUU,1
BUP,1
BEK,1
IXC,1
KNU,1
DED,1
DEL,1
GWL,1
HSS,1
JDH,1
JAI,1
JSA,1
IXJ,1
KTU,1
LUH,1
IXL,1
LKO,1
IXP,1
PGH,1
SXR,1
TNI,1
LPQ,1
PKZ,1
ZVK,1
NEU,1
VTE,1
MFM,1
BWA,1
JKR,1
KTM,1
PKR,1
SIF,1
BIR,1
AGX,1
BLR,1
BEP,1
VGA,1
CJB,1
COK,1
CCJ,1
CDP,1
CBD,1
BPM,1
IXM,1
IXE,1
MAA,1
IXZ,1
PNY,1
RJA,1
SXV,1
TJV,1
TIR,1
TRZ,1
TRV,1
PBH,1
MLE,1
DMK,1
KDT,1
UTP,1
LPT,1
PRH,1
HHQ,1
TKH,1
PHS,1
NAW,1
KBV,1
SGZ,1
PAN,1
USM,1
HKT,1
UNN,1
HDY,1
TST,1
UTH,1
SNO,1
PXR,1
LOE,1
DAD,1
HAN,1
NHA,1
HUI,1
PQC,1
SGN,1
VBA,1
NYU,1
HEH,1
HOX,1
KET,1
KYP,1
LSH,1
MDL,1
MGZ,1
MYT,1
MOE,1
MOG,1
NMS,1
PAA,1
PBU,1
PRU,1
AKY,1
SNW,1
THL,1
RGN,1
UPG,1
BIK,1
NBX,1
TIM,1
DJJ,1
WMX,1
MKQ,1
GTO,1
PLW,1
MDC,1
PSJ,1
OTI,1
TTE,1
LUW,1
AMQ,1
FKQ,1
KNG,1
BXB,1
MKW,1
SOQ,1
BTU,1
KCH,1
LMN,1
MUR,1
MYY,1
SBW,1
LDU,1
BKI,1
LBU,1
TWU,1
BWN,1
PKU,1
DUM,1
CGK,1
GNS,1
AEG,1
PDG,1
MES,1
FLZ,1
NPO,1
KTG,1
PNK,1
DJB,1
BKS,1
PLM,1
RGT,1
LSX,1
BTJ,1
AOR,1
BWH,1
KBR,1
KUA,1
KTE,1
IPH,1
JHB,1
KUL,1
LGK,1
MKZ,1
TGG,1
PEN,1
UAI,1
DIL,1
BCH,1
QPG,1
TGA,1
XSP,1
SIN,1
ACF,1
ABM,1
ASP,1
BNE,1
OOL,1
CNS,1
CTL,1
ISA,1
MCY,1
MKY,1
PPP,1
ROK,1
TSV,1
WEI,1
AVV,1
ABX,1
MEB,1
HBA,1
LST,1
MBW,1
MEL,1
ADL,1
JAD,1
KTA,1
KGI,1
KNX,1
LEA,1
PHE,1
PER,1
UMR,1
XCH,1
BWU,1
CBR,1
CFS,1
CDU,1
DBO,1
NLK,1
XRH,1
SYD,1
TMW,1
WGA,1
PEK,1
HLD,1
TSN,1
TYN,1
CAN,1
CSX,1
KWL,1
NNG,1
SZX,1
CGO,1
WUH,1
FNJ,1
LHW,1
XIY,1
ULN,1
JHG,1
KMG,1
XMN,1
KHN,1
FOC,1
HGH,1
NGB,1
NKG,1
HFE,1
TAO,1
SHA,1
YNT,1
CKG,1
KWE,1
CTU,1
XIC,1
KHG,1
HTN,1
URC,1
HRB,1
MDG,1
DLC,1
PVG,1
TOD,1
SZB,1
NTQ,1
HBE,1
BTI,1
LUR,1
PIZ,1
ITO,1
ORL,1
BTT,1
UTO,1
FYU,1
SVW,1
FRN,1
TLJ,1
CZF,1
BED,1
SNP,1
EHM,1
STG,1
ILI,1
PTU,1
BMX,1
OSC,1
OAR,1
MHR,1
BYS,1
FSM,1
MRI,1
GNT,1
PNC,1
SVN,1
GFK,1
PBF,1
NSE,1
HNM,1
PRC,1
TTN,1
BOS,1
SUU,1
RME,1
ENV,1
BFM,1
OAK,1
OMA,1
OGG,1
ICT,1
MCI,1
MSN,1
DLG,1
HRO,1
PHX,1
BGR,1
FXE,1
GGG,1
AND,1
GEG,1
HWO,1
SFO,1
CTB,1
ARA,1
GNV,1
MEM,1
DUG,1
BIG,1
CNW,1
ANN,1
CAR,1
LRF,1
HUA,1
POB,1
DHT,1
DLF,1
LAX,1
ANB,1
CLE,1
DOV,1
CVG,1
FME,1
HON,1
JNU,1
LFT,1
EWR,1
BOI,1
INS,1
GCK,1
MOT,1
HHI,1
MXF,1
DAL,1
FCS,1
HLN,1
NKX,1
LUF,1
HHR,1
HUL,1
END,1
NTD,1
EDW,1
LCH,1
KOA,1
MYR,1
NLC,1
ACK,1
FAF,1
HOP,1
DCA,1
NHK,1
PSX,1
BYH,1
ACY,1
TIK,1
ECG,1
PUB,1
PQI,1
GRF,1
ADQ,1
UPP,1
FLL,1
INL,1
SLC,1
CDS,1
BIX,1
LSF,1
NQI,1
FRI,1
MDT,1
LNK,1
LAN,1
MUE,1
MSS,1
HKY,1
SPG,1
FMY,1
IAH,1
ADW,1
INT,1
VCV,1
CEW,1
PHN,1
BFL,1
ELP,1
HRL,1
CAE,1
DMA,1
NPA,1
PNS,1
RDR,1
HOU,1
BFK,1
ORT,1
PAQ,1
PIT,1
BRW,1
EFD,1
NUW,1
ALI,1
VAD,1
MIA,1
SEA,1
CHA,1
BDR,1
JAN,1
GLS,1
LGB,1
HDH,1
IPT,1
IND,1
SZL,1
AKC,1
GWO,1
HPN,1
FOK,1
JBR,1
XSD,1
LNA,1
NZY,1
BIF,1
YUM,1
CNM,1
DLH,1
BET,1
LOU,1
FHU,1
LIH,1
HUF,1
HVR,1
MWH,1
MPV,1
RIC,1
SHV,1
CDV,1
ORF,1
BPT,1
SAV,1
HIF,1
OME,1
PIE,1
MNM,1
CXO,1
SCC,1
SAT,1
ROC,1
COF,1
TEB,1
RCA,1
RDU,1
DAY,1
ENA,1
MLC,1
IAG,1
CFD,1
LIY,1
PHF,1
ESF,1
LTS,1
TUS,1
MIB,1
BAB,1
IKK,1
GSB,1
PVD,1
SBY,1
BUR,1
DTW,1
TPA,1
PMB,1
POE,1
EIL,1
HIB,1
LFK,1
MAF,1
GRB,1
ADM,1
WRI,1
AGS,1
ISN,1
LIT,1
SWF,1
BDE,1
SAC,1
HOM,1
TBN,1
MGE,1
SKA,1
HTL,1
PAM,1
DFW,1
MLB,1
TCM,1
AUS,1
LCK,1
MQT,1
TYS,1
HLR,1
STL,1
MIV,1
SPS,1
LUK,1
ATL,1
MER,1
MCC,1
GRR,1
INK,1
FAT,1
VRB,1
IPL,1
BNA,1
LRD,1
EDF,1
OTZ,1
AOO,1
DYS,1
ELD,1
LGA,1
TLH,1
DPA,1
ACT,1
AUG,1
NIP,1
MKL,1
MKK,1
FTK,1
SJT,1
CXL,1
CIC,1
BTV,1
JAX,1
DRO,1
IAD,1
CLL,1
SFF,1
MKE,1
ABI,1
COU,1
PDX,1
TNT,1
PBI,1
FTW,1
OGS,1
FMH,1
BFI,1
SKF,1
HNL,1
DSM,1
EWN,1
SAN,1
MLU,1
SSC,1
ONT,1
GVT,1
ROW,1
DET,1
BRO,1
DHN,1
WWD,1
NFL,1
MTC,1
FMN,1
CRP,1
SYR,1
NQX,1
MDW,1
SJC,1
HOB,1
PNE,1
DEN,1
PHL,1
SUX,1
MCN,1
TCS,1
PMD,1
RND,1
NJK,1
CMH,1
FYV,1
FSI,1
FFO,1
GAL,1
MWL,1
IAB,1
NBG,1
BFT,1
TXK,1
PBG,1
APG,1
TCC,1
ANC,1
GRK,1
BLI,1
NQA,1
EKN,1
HFD,1
SFZ,1
MOB,1
NUQ,1
SAF,1
BKH,1
DRI,1
BSF,1
OLS,1
MCF,1
BLV,1
OPF,1
DRT,1
RSW,1
AKN,1
JHM,1
JFK,1
HST,1
RAL,1
FLV,1
WAL,1
HMN,1
NXX,1
CYS,1
SCK,1
CHS,1
RNO,1
KTN,1
YIP,1
VBG,1
BHM,1
NEL,1
SYA,1
LSV,1
RIV,1
MOD,1
SMF,1
UGN,1
COS,1
BUF,1
SKY,1
PAE,1
MUO,1
CDC,1
BDL,1
MFE,1
NGU,1
CEF,1
LBB,1
ORD,1
BCT,1
FAI,1
CVS,1
NGF,1
OFF,1
GKN,1
ART,1
PSP,1
AMA,1
FOD,1
BAD,1
FOE,1
COT,1
ILM,1
BTR,1
TYR,1
BWI,1
HBR,1
LNY,1
AEX,1
WSD,1
CDB,1
TUL,1
SIT,1
ISP,1
MSP,1
ILG,1
DUT,1
MSY,1
PWM,1
OKC,1
ALB,1
VDZ,1
LFI,1
SNA,1
CBM,1
TMB,1
NTU,1
GUS,1
CPR,1
VPS,1
SEM,1
EYW,1
CLT,1
LAS,1
MCO,1
FLO,1
GTF,1
YNG,1
FBK,1
WRB,1
BKK,1
NAH,1
MXB,1
SQR,1
TTR,1
KDI,1
SBG,1
TSY,1
MLG,1
BDO,1
CBN,1
JOG,1
CXP,1
PCB,1
SRG,1
BTH,1
TJQ,1
PGK,1
TNJ,1
SIQ,1
BDJ,1
BTW,1
PKN,1
PKY,1
MOF,1
ENE,1
RTG,1
KOE,1
LBJ,1
BPN,1
TRK,1
SRI,1
TSX,1
AMI,1
BMU,1
WGP,1
SUB,1
SOC,1
ICN,1
CNX,1
CEI,1
NST,1
NAK,1
KOP,1
UBP,1
KKC,1
THS,1
DPS,1
ATH,1
NGO,1
UKB,1
PUW,1
LWS,1
ELM,1
ITH,1
MRY,1
SBA,1
DAB,1
LPX,1
RIX,1
SQQ,1
HLJ,1
KUN,1
PLQ,1
VNO,1
PNV,1
EVN,1
LWN,1
ASA,1
ASM,1
MSW,1
GZA,1
BUS,1
KUT,1
TBS,1
RIY,1
TAI,1
HOD,1
ADE,1
AXK,1
AAY,1
SAH,1
BHN,1
SCT,1
FMM,1
NAV,1
EZE,1
EBL,1
EMD,1
HEW,1
KIX,1
TAG,1
JAV,1
JCH,1
JEG,1
PMI,1
DRW,1
URT,1
TKA,1
GZM,1
HVN,1
AVL,1
GSO,1
FSD,1
AYQ,1
MHT,1
APF,1
RDN,1
SDF,1
CHO,1
ROA,1
LEX,1
EVV,1
ABQ,1
BZN,1
BIL,1
BTM,1
TVC,1
FRS,1
BHB,1
RKD,1
JAC,1
RFD,1
DME,1
SYX,1
MFN,1
LJG,1
GSP,1
BMI,1
GPT,1
AZO,1
TOL,1
FWA,1
DEC,1
CID,1
LSE,1
CWA,1
PIA,1
ATW,1
RST,1
CMI,1
MHK,1
KGC,1
HVB,1
DLU,1
MZV,1
SSH,1
FKL,1
NBO,1
SEU,1
FTE,1
ARM,1
GJT,1
SGU,1
DWH,1
SRQ,1
BDA,1
VNY,1
MLI,1
PFN,1
HIR,1
PPT,1
INU,1
FUN,1
OVB,1
XKH,1
BIS,1
TEX,1
INC,1
HGN,1
RAP,1
CLD,1
FNT,1
DVO,1
FNC,1
STM,1
KOS,1
YOA,1
NPE,1
LEV,1
LXA,1
RDD,1
EUG,1
IDA,1
MFR,1
KBZ,1
RDM,1
PCN,1
WDH,1
YWH,1
TNA,1
CZX,1
YBP,1
TJM,1
CAK,1
HSV,1
PKB,1
MGM,1
TRI,1
PAH,1
JIB,1
HAK,1
MFA,1
PGA,1
UII,1
FCA,1
MBS,1
BGM,1
BGW,1
NNT,1
ROI,1
BFV,1
TDX,1
BLH,1
IQA,1
TQD,1
XQC,1
CRK,1
SDK,1
LXG,1
ODY,1
SHE,1
MNI,1
PSG,1
LYA,1
XUZ,1
MWQ,1
KHM,1
DLI,1
VKG,1
CAH,1
VCL,1
TBB,1
PYY,1
BWK,1
NSI,1
CKY,1
AAH,1
FKB,1
SFB,1
JST,1
LUA,1
BHP,1
LDN,1
JMO,1
NGX,1
PPL,1
RUM,1
DNP,1
RUK,1
JUM,1
TPJ,1
TMI,1
SKH,1
IMK,1
DOP,1
BJH,1
DHI,1
MWX,1
JTY,1
JIK,1
JKL,1
MLO,1
JNX,1
PAS,1
KZS,1
RMF,1
NRN,1
USU,1
BXU,1
DPL,1
LAO,1
LGP,1
OZC,1
CEB,1
NOD,1
JUI,1
BPS,1
QIG,1
PMW,1
CLV,1
MSO,1
BKQ,1
BDB,1
GCN,1
SGR,1
APA,1
CVN,1
FST,1
LVS,1
IWS,1
LRU,1
BKD,1
TPL,1
OZA,1
KDM,1
LAK,1
YWJ,1
ZFN,1
YGH,1
TAH,1
YPC,1
SRZ,1
SAB,1
EGE,1
SKN,1
CGF,1
MFD,1
CSG,1
LAW,1
FNL,1
FLG,1
TVL,1
TWF,1
MVY,1
CON,1
GON,1
STC,1
BPE,1
GTR,1
GOJ,1
HQM,1
ERI,1
HYA,1
SDX,1
MGW,1
CRW,1
AVP,1
BJI,1
THG,1
FGI,1
BNK,1
FAR,1
MKC,1
RBE,1
GCC,1
TOF,1
NZJ,1
PHY,1
CJM,1
JZH,1
SWA,1
GEO,1
AGT,1
OGL,1
KAI,1
DNH,1
AOI,1
TCP,1
LYB,1
BJV,1
TBJ,1
SAW,1
SCE,1
BME,1
NTL,1
KLU,1
HFT,1
HVG,1
MEH,1
VDS,1
IKA,1
MHD,1
UIK,1
MEI,1
SPI,1
CEZ,1
HDN,1
GUP,1
LBL,1
LAA,1
GLD,1
COD,1
HOV,1
ISC,1
SGF,1
NVK,1
BVG,1
FBU,1
NSK,1
AAQ,1
JLN,1
ABE,1
XNA,1
GUW,1
KZO,1
SBN,1
BKA,1
ARH,1
RTW,1
NUX,1
NOJ,1
SCO,1
UCT,1
USK,1
PEX,1
NNM,1
PKV,1
KGP,1
KJA,1
KGF,1
URJ,1
IWA,1
CGQ,1
KIJ,1
JON,1
SMD,1
ACV,1
OAJ,1
TCL,1
DBQ,1
HHP,1
ATD,1
AKS,1
BAS,1
FRE,1
MBU,1
IRA,1
SCZ,1
MUA,1
GZO,1
MNY,1
RNL,1
RUS,1
VAO,1
KGE,1
RBV,1
BUA,1
CMU,1
DAU,1
GUR,1
PNP,1
HKN,1
UNG,1
KRI,1
KMA,1
KVG,1
MDU,1
MAS,1
MXH,1
MIS,1
TIZ,1
TBG,1
RAB,1
VAI,1
WBM,1
LLU,1
CNP,1
JFR,1
JGO,1
JJU,1
JSU,1
JNN,1
JNS,1
NAQ,1
JHS,1
JUV,1
JQA,1
GRY,1
THO,1
VPN,1
YWS,1
YAA,1
YWM,1
YFX,1
YHA,1
YRG,1
YCK,1
YLE,1
SUR,1
YAX,1
WNN,1
YNO,1
XBE,1
KIF,1
YOG,1
YHP,1
YKU,1
ZTB,1
ZLT,1
YAC,1
YAG,1
XKS,1
YKG,1
YAT,1
YBE,1
YBX,1
YRF,1
YCS,1
YDP,1
YER,1
YFA,1
YFH,1
YMN,1
YGB,1
YGO,1
YGT,1
YGW,1
YGX,1
YGZ,1
YQC,1
CXH,1
YNS,1
YHO,1
YHR,1
YIK,1
YIV,1
AKV,1
YKQ,1
YPJ,1
YLC,1
YLH,1
XGR,1
YMH,1
YMT,1
YUD,1
YNC,1
YNE,1
YNL,1
YOH,1
YPH,1
YPM,1
YPO,1
YPW,1
YQD,1
YQN,1
YRA,1
YRL,1
YSF,1
YSK,1
YST,1
YTL,1
YVZ,1
YWP,1
YXN,1
YZG,1
ZAC,1
ILF,1
ZBF,1
ZEM,1
ZFD,1
ZGI,1
ZJN,1
ZKE,1
MSA,1
ZMT,1
ZPB,1
ZRJ,1
ZSJ,1
ZTM,1
ZUM,1
ZWL,1
BLJ,1
CBH,1
BMW,1
ELU,1
KMS,1
HDF,1
HEI,1
HGL,1
SJY,1
NQT,1
DSA,1
CAL,1
EOI,1
FIE,1
NRL,1
PPW,1
SOY,1
NDY,1
LWK,1
WRY,1
LEQ,1
PZE,1
VLY,1
BRR,1
CFN,1
CNL,1
LKN,1
OSY,1
MQN,1
RVK,1
RET,1
SDN,1
SOG,1
SVJ,1
SOJ,1
VAW,1
VRY,1
BZG,1
LCJ,1
OSD,1
HFS,1
KSD,1
TYF,1
AGH,1
SQO,1
HMV,1
VNT,1
QRA,1
MQP,1
AAM,1
MBD,1
GNZ,1
ORP,1
SWX,1
TLD,1
DIS,1
CIP,1
YVA,1
WAQ,1
JVA,1
BMD,1
MXT,1
TVA,1
WTA,1
WTS,1
WAM,1
WPB,1
DWB,1
WMP,1
WMA,1
MJA,1
CBT,1
DUE,1
VPE,1
MSZ,1
KOU,1
MJL,1
TCH,1
VPY,1
SRH,1
CMK,1
LUD,1
OND,1
OMD,1
SWP,1
ERS,1
BOA,1
MAT,1
INO,1
NIO,1
KRZ,1
BSU,1
TSH,1
LJA,1
PFR,1
GMZ,1
BTE,1
KBS,1
KEN,1
OXB,1
SMW,1
VIL,1
ESU,1
EUN,1
NDR,1
RAI,1
SFL,1
BCO,1
BEI,1
DSE,1
DEM,1
GDE,1
GOR,1
ABK,1
MTF,1
TIE,1
ALU,1
BSA,1
MGQ,1
GLK,1
BUO,1
AAC,1
ATZ,1
ASV,1
LKG,1
MYD,1
NYK,1
SRX,1
TOB,1
MJI,1
LAQ,1
ATB,1
UYL,1
PZU,1
BKZ,1
TKQ,1
LDI,1
MUZ,1
SHY,1
TBO,1
RUA,1
ULU,1
DIU,1
ABR,1
ABY,1
AHN,1
ALM,1
ALO,1
ALW,1
APN,1
ATY,1
BFD,1
BFF,1
BKW,1
BQK,1
BRL,1
CEC,1
CGI,1
CIU,1
CKB,1
CLM,1
CMX,1
DDC,1
DUJ,1
EAU,1
EKO,1
EWB,1
FAY,1
GGW,1
GRI,1
HOT,1
HTS,1
KIO,1
IRK,1
JMS,1
LAR,1
LBE,1
LBF,1
LEB,1
LMT,1
LNS,1
LWT,1
LYH,1
MKG,1
MLS,1
MSL,1
OTH,1
OWB,1
PIB,1
PIH,1
PIR,1
PLN,1
PSM,1
RDG,1
RHI,1
RKS,1
RUT,1
SBP,1
SHR,1
SLK,1
SLN,1
SMX,1
TUP,1
UIN,1
VCT,1
VLD,1
WRL,1
YKM,1
ECN,1
RJL,1
IDY,1
ANE,1
LTT,1
JSY,1
PEV,1
SOB,1
AOT,1
QSR,1
CVU,1
BNX,1
USQ,1
KSY,1
SFQ,1
KCM,1
AJI,1
ADF,1
ISE,1
EDO,1
SZF,1
ILZ,1
GDT,1
MDS,1
SLX,1
AZS,1
JBQ,1
PBR,1
AAZ,1
UTK,1
AHS,1
PEU,1
MIJ,1
CYW,1
CUA,1
GUB,1
JAL,1
CTD,1
ONX,1
JQE,1
PLP,1
TTQ,1
BCL,1
PBP,1
PJM,1
SYQ,1
JEE,1
PAX,1
TND,1
COX,1
ATC,1
TBI,1
CRI,1
PID,1
AIU,1
MGS,1
MHX,1
MUK,1
MOI,1
PYE,1
ICI,1
PTF,1
KDV,1
MNF,1
MFJ,1
NGI,1
LKB,1
LBS,1
TVU,1
KXF,1
RTA,1
SVU,1
EUA,1
HPA,1
NFO,1
NTT,1
VBV,1
IUE,1
FUT,1
MXS,1
APK,1
AHE,1
AUQ,1
UAP,1
UAH,1
MTV,1
SLH,1
TOH,1
EAE,1
CCV,1
LOD,1
SSR,1
PBJ,1
LPM,1
LNB,1
MWF,1
LNE,1
NUS,1
ZGU,1
RCL,1
SON,1
TGH,1
ULB,1
VLS,1
SWJ,1
AUY,1
AWD,1
DLY,1
FTA,1
IPA,1
TGJ,1
BMY,1
ILP,1
FBD,1
AJF,1
WAE,1
KHD,1
BXR,1
RJN,1
BJB,1
AFZ,1
NSH,1
SRY,1
LRR,1
ADU,1
OMH,1
AAN,1
BNP,1
BHV,1
CJL,1
DBA,1
DEA,1
DSK,1
JIW,1
HDD,1
KDD,1
ORW,1
PAJ,1
KDU,1
SYW,1
TUK,1
ISU,1
KAC,1
GXF,1
ADK,1
GST,1
SGY,1
HCR,1
HNS,1
KLG,1
MCG,1
MOU,1
ANI,1
VAK,1
WRG,1
LUP,1
ENT,1
LZN,1
HCN,1
MFK,1
KUH,1
OKD,1
HSG,1
NKM,1
IWJ,1
FKS,1
ONJ,1
SYO,1
MYE,1
KUV,1
MPK,1
WJU,1
YNY,1
HIN,1
CJJ,1
SFS,1
CYU,1
CGM,1
JOL,1
TWT,1
SUG,1
TDG,1
WNP,1
BSO,1
SFE,1
TUG,1
VRC,1
CYP,1
CRM,1
MBT,1
RXS,1
TTG,1
LHS,1
OES,1
ING,1
GGS,1
SST,1
NEC,1
JDO,1
LEC,1
MEA,1
MII,1
VDC,1
RIA,1
TOW,1
ESR,1
ZPC,1
SOD,1
SCY,1
LOH,1
ESM,1
PSY,1
CRC,1
LQM,1
LPD,1
NQU,1
PDA,1
EYP,1
GYA,1
PUR,1
RIB,1
REY,1
SRJ,1
ORG,1
MVS,1
CJA,1
HUU,1
NZC,1
SRA,1
MYC,1
VIG,1
JPR,1
BBQ,1
DSD,1
BBR,1
SFC,1
GBJ,1
NEV,1
VIJ,1
BQU,1
UNI,1
KOV,1
PPK,1
DZN,1
UKK,1
KSN,1
KVD,1
NAJ,1
PYJ,1
CKH,1
CYX,1
IKS,1
KXK,1
DYR,1
OHO,1
UJE,1
MPW,1
VSG,1
OZH,1
KWG,1
HRK,1
IFO,1
CWC,1
RWN,1
UDJ,1
CSH,1
CEE,1
AMV,1
KSZ,1
PES,1
GNA,1
MVQ,1
EIE,1
KYZ,1
NOZ,1
HTG,1
IAA,1
NAL,1
OGZ,1
ESL,1
WKK,1
BLF,1
GLH,1
PSC,1
KQA,1
LPS,1
SLY,1
HMA,1
NYA,1
OVS,1
IJK,1
KVX,1
NYM,1
RAT,1
NFG,1
KRO,1
LBD,1
AZN,1
FEG,1
NMA,1
NCU,1
UGC,1
KSQ,1
TMJ,1
RYB,1
EGO,1
URS,1
LPK,1
VKT,1
UUA,1
JOK,1
CSY,1
ULY,1
OSW,1
PEZ,1
SKX,1
BWO,1
HBX,1
KCT,1
WRZ,1
BBM,1
SHL,1
GAU,1
DMU,1
TEZ,1
BZL,1
HOE,1
BHR,1
BDP,1
MEY,1
KEP,1
GAN,1
HAQ,1
KDO,1
MAQ,1
BMV,1
HPH,1
CXR,1
VCS,1
VCA,1
DIN,1
UIH,1
PXU,1
VII,1
BMO,1
TVY,1
KAW,1
LIW,1
MNU,1
BSX,1
PKK,1
SWQ,1
TMC,1
BUI,1
SEH,1
TJS,1
DTD,1
BEJ,1
TJG,1
SMQ,1
LUV,1
ARD,1
BLG,1
LGL,1
ODN,1
MKM,1
BKM,1
LWY,1
BBN,1
TMG,1
KUD,1
TKG,1
HLP,1
NTX,1
PSU,1
SQG,1
PDO,1
LSW,1
PKG,1
LBW,1
NNX,1
LPU,1
ALH,1
GYL,1
AUU,1
BCI,1
BDD,1
BVI,1
BHQ,1
HTI,1
BEU,1
BRK,1
BUC,1
GIC,1
OKY,1
BQL,1
BHS,1
BLT,1
CVQ,1
CAZ,1
CPD,1
CNC,1
CNJ,1
CED,1
CTN,1
CMA,1
CNB,1
CUQ,1
OOM,1
DMD,1
NLF,1
DPO,1
ELC,1
EPR,1
FLS,1
GET,1
GLT,1
GTE,1
GFF,1
HID,1
HOK,1
MHU,1
HGD,1
JCK,1
KAX,1
KNS,1
KFG,1
KRB,1
KWM,1
KUG,1
LNO,1
LEL,1
LDH,1
IRG,1
LSY,1
LHG,1
LRE,1
LER,1
LVO,1
UBB,1
MKR,1
MIM,1
MGT,1
MNG,1
MCV,1
MQL,1
MMG,1
MRZ,1
MOV,1
MYA,1
MGB,1
ONG,1
MYI,1
MBH,1
NRA,1
NAA,1
NTN,1
ZNE,1
OLP,1
PUG,1
PMK,1
PBO,1
CCK,1
GOV,1
PKE,1
PLO,1
EDR,1
PQQ,1
PTJ,1
ULP,1
RAM,1
RMA,1
SGO,1
MJK,1
SBR,1
SRN,1
XTG,1
TCA,1
VCD,1
SYU,1
WNR,1
WYA,1
WUN,1
WOL,1
WIN,1
BWT,1
OKR,1
XMY,1
NAY,1
CIF,1
CIH,1
DAT,1
HET,1
BAV,1
SJW,1
TGO,1
HLH,1
XIL,1
BHY,1
CGD,1
DYG,1
MXZ,1
ZUH,1
LZH,1
ZHA,1
ENH,1
NNY,1
XFN,1
YIH,1
AKA,1
GOQ,1
HZG,1
IQN,1
XNN,1
ENY,1
UYN,1
AVK,1
LTI,1
BYN,1
DLZ,1
HVD,1
MXV,1
DIG,1
LUM,1
SYM,1
ZAT,1
KOW,1
JDZ,1
JIU,1
JUZ,1
LYG,1
HYN,1
LYI,1
JJN,1
TXN,1
WEF,1
WEH,1
WUX,1
WUS,1
WNZ,1
YNZ,1
YIW,1
HSN,1
BPX,1
DAX,1
GYS,1
LZO,1
MIG,1
NAO,1
LZY,1
WXN,1
AKU,1
IQM,1
KCA,1
KRL,1
KRY,1
YIN,1
HEK,1
JMU,1
JNZ,1
NDG,1
YNJ,1
WKL,1
WME,1
LRV,1
IOR,1
NNR,1
GTI,1
EZV,1
ORH,1
AQG,1
SHP,1
YCU,1
JGN,1
DSN,1
PWT,1
SPW,1
JEF,1
UNT,1
PVC,1
SBH,1
KMW,1
SUI,1
TBW,1
OBN,1
ERM,1
CVF,1
FUL,1
USA,1
NVI,1
QSF,1
LRH,1
SUN,1
MCW,1
AZA,1
XAU,1
AKP,1
ANV,1
ATK,1
GAM,1
HPB,1
KAL,1
KSM,1
KVL,1
MYU,1
RBY,1
SHH,1
SVA,1
WTK,1
OMC,1
YPX,1
YTQ,1
ARC,1
QOW,1
FON,1
TMU,1
CYZ,1
KVK,1
GVR,1
KPC,1
PJA,1
QBC,1
HGR,1
ACR,1
GOP,1
SDP,1
HMI,1
WUZ,1
TBH,1
ACP,1
GBT,1
IIL,1
PFQ,1
TCG,1
MQM,1
AFS,1
DRG,1
LEN,1
RGS,1
EGM,1
CQD,1
DHM,1
NDC,1
SLV,1
IGG,1
KNW,1
KVC,1
PTH,1
TOG,1
EGN,1
LKH,1
WLH,1
CHG,1
UAS,1
BHG,1
YVB,1
SKT,1
PDP,1
WVB,1
MPA,1
AOE,1
CKZ,1
MSR,1
NOP,1
TEQ,1
YEI,1
LSS,1
KMV,1
VQS,1
YIF,1
HDM,1
MRQ,1
GFN,1
OAG,1
TRO,1
COQ,1
HOH,1
ESC,1
YAK,1
GUL,1
CES,1
NSO,1
DGE,1
MTL,1
CPX,1
MWA,1
OCN,1
KIK,1
XJD,1
GBZ,1
IMT,1
AET,1
MGC,1
SWD,1
GRM,1
AUW,1
MYP,1
MVA,1
QSA,1
WSY,1
MIE,1
LAF,1
VGT,1
ENW,1
MTJ,1
RIW,1
PDT,1
LYM,1
PKH,1
KTR,1
NOA,1
UCK,1
CEJ,1
BQT,1
OSH,1
AGE,1
BXG,1
EAT,1
ARE,1
RIN,1
KCK,1
UKX,1
RMT,1
QLS,1
ZJI,1
QNC,1
TGK,1
GDZ,1
ZIA,1
IAR,1
OHE,1
JNG,1
DRK,1
TZL,1
FWH,1
NYT,1
VBP,1
NZH,1
WUA,1
GYY,1
BRD,1
LWB,1
PGV,1
CYF,1
OXR,1
TEN,1
NIU,1
SCH,1
NBC,1
IAO,1
LGO,1
NLP,1
CKC,1
UST,1
NLV,1
RHP,1
STS,1
ISM,1
LCQ,1
LGU,1
BMC,1
ASE,1
ULV,1
ERV,1
GED,1
ZSW,1
GBD,1
HYS,1
SUS,1
LYU,1
GPZ,1
TVF,1
EGV,1
ARV,1
YBV,1
AVX,1
MHV,1
ZIN,1
INQ,1
SWT,1
HUT,1
OAI,1
AKH,1
STJ,1
VOK,1
GUC,1
SIA,1
TOA,1
MBL,1
PGD,1
WFK,1
JHW,1
YTM,1
SME,1
SHD,1
DVL,1
DIK,1
SDY,1
CDR,1
AIA,1
MCK,1
MTH,1
GDV,1
OLF,1
WYS,1
ALS,1
CNY,1
ELY,1
VEL,1
RUI,1
SOW,1
MYL,1
SMN,1
MMH,1
FRD,1
ESD,1
AST,1
ONP,1
EMK,1
UNK,1
UUK,1
SHX,1
NUI,1
EEK,1
KUK,1
KWT,1
KWK,1
MLL,1
RSH,1
KGK,1
KMO,1
CIK,1
EAA,1
HUS,1
HSL,1
NUL,1
VEE,1
WBQ,1
CEM,1
SHG,1
IYK,1
VIS,1
MCE,1
CYR,1
CPQ,1
GYR,1
TWB,1
BBL,1
AYK,1
AGN,1
ELV,1
FNR,1
HNH,1
HYG,1
EGX,1
KPV,1
PIP,1
WSN,1
AKK,1
KYK,1
KLN,1
ABL,1
BKC,1
IAN,1
OBU,1
ORV,1
WLK,1
KTS,1
ELI,1
GLV,1
TLA,1
WAA,1
WMO,1
KKA,1
SMK,1
SKK,1
TNC,1
AKB,1
IKO,1
CYT,1
AUK,1
KPN,1
KFP,1
NLG,1
PML,1
KLW,1
KWN,1
KOT,1
KYU,1
SCM,1
NNL,1
KKH,1
NIB,1
AKI,1
AIN,1
APZ,1
RDS,1
PNT,1
SGV,1
IGB,1
NCN,1
TKJ,1
IRC,1
SLQ,1
LMA,1
MLY,1
YNP,1
YSO,1
YWB,1
YTF,1
YGV,1
YXK,1
XTL,1
XLB,1
XSI,1
YBT,1
ZGR,1
YCR,1
YRS,1
YOP,1
YBY,1
ZNA,1
YGG,1
YDT,1
YLY,1
YFJ,1
RNI,1
BZA,1
RFS,1
SIU,1
WSP,1
NCR,1
PLD,1
COZ,1
NEG,1
NRR,1
SPB,1
ARR,1
JSM,1
UYU,1
ABF,1
ABN,1
DRJ,1
MOJ,1
ICK,1
OEM,1
SMZ,1
TOT,1
AGI,1
ORJ,1
NAI,1
IMB,1
KAR,1
USI,1
MHA,1
PJC,1
ACD,1
RVE,1
BQJ,1
VGZ,1
EBG,1
CAQ,1
COG,1
TLU,1
CFB,1
OPS,1
GRP,1
CMP,1
BVS,1
SFK,1
PIN,1
BRA,1
STZ,1
MQH,1
AUX,1
NVP,1
FRC,1
DOU,1
LBR,1
ROO,1
GPB,1
JCB,1
RVD,1
AAX,1
MBZ,1
RBB,1
CIZ,1
BAZ,1
DMT,1
GNM,1
QDJ,1
NZA,1
LBZ,1
AMC,1
GSQ,1
MRB,1
AWA,1
JIJ,1
MKS,1
DBM,1
DBT,1
QHR,1
GOB,1
MYB,1
MRE,1
RBX,1
CPA,1
IHC,1
MAX,1
BDI,1
WHF,1
HTY,1
RVV,1
ILD,1
BIU,1
GJR,1
SAK,1
IIA,1
ULG,1
KQT,1
VGD,1
ONK,1
SYS,1
LDG,1
HSK,1
CQM,1
NJF,1
CSA,1
RKH,1
AGC,1
VQQ,1
FTY,1
TII,1
ZAJ,1
CCN,1
FUG,1
LCX,1
ACX,1
HZH,1
OSU,1
ADS,1
DSI,1
KHE,1
SZS,1
HJJ,1
YQI,1
ISO,1
FFA,1
CKS,1
MWK,1
PGU,1
YES,1
OSM,1
TJH,1
AXJ,1
KKX,1
AGJ,1
ULZ,1
UGA,1
ULO,1
LBX,1
TJU,1
TAZ,1
BWB,1
DRB,1
WGE,1
BRT,1
DKI,1
LZR,1
HLT,1
HCQ,1
FIZ,1
RVT,1
PVU,1
SBS,1
DTA,1
PUC,1
LAM,1
HII,1
INW,1
DGL,1
MZK,1
AEA,1
AAK,1
KUC,1
AIS,1
TMN,1
BEZ,1
NIG,1
BBG,1
MTK,1
MNK,1
NON,1
TSU,1
WTZ,1
KTF,1
AFT,1
RNA,1
CHY,1
NNB,1
XYA,1
BOW,1
FTI,1
LVK,1
RMY,1
GFY,1
NDU,1
TRM,1
SMO,1
UDD,1
SCF,1
OLM,1
RIL,1
SAA,1
PDK,1
BMG,1
SUA,1
MMU,1
APC,1
SDM,1
VNC,1
PHK,1
ECP,1
SBD,1
VAL,1
CAU,1
AWK,1
QNV,1
SQL,1
OSZ,1
RWI,1
SXQ,1
SEE,1
PHA,1
SQH,1
TKF,1
FRJ,1
GEX,1
LVM,1
GMV,1
LAL,1
SYH,1
RBK,1
FNU,1
MYQ,1
MGY,1
FDY,1
PEA,1
EMP,1
HYC,1
BBP,1
SPF,1
QYD,1
OLV,1
KNA,1
ONQ,1
BJC,1
SLE,1
UTM,1
ZKB,1
LND,1
MWC,1
JVL,1
LZU,1
BWG,1
RVS,1
NHD,1
KGO,1
DBB,1
BCE,1
CKL,1
TCZ,1
UKS,1
OAZ,1
JCI,1
ESN,1
HMR,1
MYV,1
DUC,1
UVA,1
LOT,1
CCR,1
OCA,1
YUS,1
YOO,1
LHA,1
NYW,1
ATO,1
SGH,1
HEX,1
CDA,1
JAB,1
HGS,1
TOP,1
MQY,1
UOS,1
NGQ,1
CSO,1
PWK,1
KLS,1
ZTA,1
PUE,1
KHC,1
UKA,1
ILN,1
AVW,1
CGZ,1
BXK,1
MMI,1
STK,1
RWL,1
CDW,1
AIZ,1
TVI,1
HSH,1
GML,1
TMA,1
RDO,1
DVT,1
YRV,1
FRG,1
ZHY,1
MCL,1
PPC,1
KHW,1
TXG,1
HLG,1
XYE,1
DWC,1
RKP,1
MVV,1
MFX,1
OKF,1
OKU,1
KOQ,1
PSH,1
TTD,1
HIO,1
KHT,1
NMT,1
BNO,1
PRZ,1
RBL,1
NOT,1
LKV,1
OTK,1
ONO,1
DLS,1
GAI,1
OAS,1
YTA,1
TSB,1
YSD,1
BNU,1
YCC,1
IZA,1
MVL,1
RBD,1
WST,1
BID,1
NME,1
OOK,1
OBY,1
VIN,1
BGE,1
ZGS,1
ZKG,1
YBI,1
WHP,1
MAE,1
YZZ,1
YAB,1
GSI,1
MPY,1
LDX,1
KJI,1
CPB,1
HMB,1
RVY,1
POJ,1
JTC,1
OIA,1
RDC,1
SXX,1
BYO,1
SXO,1
CFC,1
CAF,1
ERN,1
CCI,1
FBE,1
CFO,1
AAF,1
UMU,1
DTI,1
FBA,1
OLC,1
HUW,1
IRZ,1
ORX,1
UNA,1
TEF,1
GZP,1
FPR,1
PYM,1
NCO,1
OWD,1
BAF,1
MGJ,1
HAR,1
DXR,1
ASH,1
LWM,1
OXC,1
RMG,1
GAD,1
WDR,1
DNN,1
LGC,1
PIM,1
GVL,1
PHD,1
HHH,1
DNL,1
PVL,1
TOC,1
PLV,1
WUU,1
HUE,1
OYL,1
OZG,1
WYE,1
GBK,1
THX,1
TGP,1
AFW,1
RMK,1
LGH,1
RTS,1
FOS,1
KEW,1
YSP,1
YHF,1
YHN,1
YKX,1
YMG,1
YXZ,1
YEM,1
LWC,1
PPM,1
XMC,1
YUE,1
LOP,1
ZMH,1
HDG,1
LOZ,1
FBG,1
WMI,1
JXA,1
JDG,1
YGM,1
EYK,1
RAC,1
RZP,1
TIW,1
GUF,1
IBB,1
HMJ,1
HIW,1
KYI,1
HZL,1
CBE,1
WYN,1
YBO,1
KLF,1
LNR,1
JOT,1
VYS,1
JXN,1
BBX,1
OBE,1
SEF,1
AVO,1
GIF,1
ZPH,1
OCF,1
AIK,1
CDN,1
LBT,1
SOP,1
SVH,1
LHV,1
BKL,1
DKK,1
LLY,1
LDJ,1
ANQ,1
CLW,1
CGX,1
CRE,1
BXO,1
WBW,1
LNN,1
UMD,1
RLK,1
FFT,1
LEW,1
MRK,1
DRE,1
GDW,1
MFI,1
ISW,1
CWI,1
BVY,1
OSF,1
YRQ,1
POF,1
EOK,1
PSL,1
STP,1
SOO,1
VNA,1
DKS,1
BYT,1
ADY,1
HAO,1
GAS,1
HOA,1
KEY,1
ILU,1
ATJ,1
OVA,1
UTS,1
RGK,1
FLD,1
STE,1
MQJ,1
PEF,1
GQQ,1
TPN,1
PTZ,1
CKV,1
LPC,1
CTH,1
BST,1
LLK,1
GBB,1
ZTU,1
LKP,1
GYG,1
AOH,1
DSO,1
SSI,1
BFP,1
GGE,1
HDI,1
RNT,1
POC,1
CTY,1
CEU,1
BEC,1
QFO,1
SNY,1
GKL,1
RPB,1
IFL,1
JRF,1
BIN,1
MOO,1
ECA,1
VAM,1
LLF,1
LSZ,1
ONS,1
TDR,1
WBU,1
BBJ,1
PAO,1
USR,1
MSC,1
YTY,1
PTK,1
KSI,1
EEN,1
VRO,1
GKK,1
RCS,1
RHD,1
KMP,1
KGT,1
IOW,1
TLQ,1
ANP,1
FXO,1
ODO,1
ZTR,1
HRI,1
PEQ,1
HBG,1
QCJ,1
QSC,1
YKN,1
XSB,1
ZBM,1
KTI,1
GYU,1
CNI,1
KRH,1
CCL,1
HWD,1
MZP,1
JHQ,1
ARB,1
SHT,1
TEM,1
GAH,1
WIO,1
BFJ,1
ULK,1
KVR,1
GNY,1
KZR,1
VLU,1
BEO,1
BMP,1
NGZ,1
YCN,1
BJP,1
BQB,1
SEK,1
IVR,1
GLI,1
IMM,1
TQQ,1
YIC,1
PTB,1
SBM,1
KFE,1
BJU,1
MZJ,1
SAD,1
KJP,1
EKB,1
SIK,1
TTI,1
GFL,1
MTN,1
FRY,1
NEW,1
COE,1
BMT,1
DNV,1
COJ,1
TIX,1
BZH,1
UAR,1
NYE,1
AAP,1
FCM,1
LIX,1
OJC,1
GIU,1
EUM,1
TKT,1
YLK,1
YCM,1
YPD,1
MNZ,1
LJN,1
KFS,1
LLV,1
DCY,1
GXH,1
CIY,1
KVM,1
ZKP,1
UMS,1
ADH,1
OLZ,1
NLT,1
BOR,1
OBC,1
TDJ,1
AQB,1
NOR,1
BTZ,1
WAR,1
EWK,1
BSJ,1
TZR,1
FBR,1
CLS,1
EVW,1
EUF,1
MEO,1
AUO,1
DBN,1
PUK,1
CVO,1
PXH,1
CWT,1
OGD,1
AKO,1
SHN,1
WNA,1
PKA,1
YBW,1
WKR,1
GFO,1
DYL,1
TGI,1
TJL,1
OAL,1
OCW,1
MHC,1
SWO,1
OKM,1
CUH,1
CSM,1
WLD,1
PWA,1
DTN,1
SEP,1
ADT,1
IRB,1
YEL,1
IKB,1
DAN,1
ERG,1
HCW,1
BEM,1
NKT,1
SUY,1
OUZ,1
ABB,1
QUO,1
KAA,1
SGX,1
AOG,1
ZYI,1
LDS,1
AVA,1
KSS,1
WTB,1
TNH,1
SZV,1
LII,1
NTI,1
WSR,1
DTB,1
MEQ,1
BUW,1
KAZ,1
MNA,1
SGQ,1
ILA,1
OKL,1
KOX,1
CMQ,1
WMB,1
RCM,1
DCN,1
KNO,1
AMN,1
HMY,1
EMT,1
FAH,1
IXT,1
KRQ,1
QKX,1
SSF,1
JAS,1
MRF,1
ALE,1
BQE,1
CZA,1
BUY,1
CCB,1
EKI,1
CUB,1
GDC,1
HVS,1
SZT,1
DU9,1
RIH,1
LEE,1
PPY,1
DIQ,1
EIK,1
ERD,1
ERL,1
CNO,1
HTR,1
BWW,1
PRB,1
HAF,1
HCJ,1
WJF,1
CJF,1
GUZ,1
UBT,1
BOX,1
QUG,1
FYJ,1
PZL,1
LPF,1
KJH,1
HPG,1
YIE,1
HNY,1
WOS,1
IGT,1
ASN,1
GMU,1
NGD,1
TOI,1
ETS,1
ALX,1
PKT,1
GPN,1
HZP,1
HDE,1
PTT,1
LXN,1
CBF,1
OKK,1
GBG,1
GUY,1
IDP,1
BBC,1
PRX,1
CFV,1
GXY,1
OEL,1
FET,1
LGD,1
SZY,1
UKT,1
YBA,1
BNG,1
OFK,1
QDF,1
TFL,1
TPF,1
BZC,1
ITP,1
REZ,1
KBN,1
IKL,1
AIR,1
JRN,1
JIA,1
VLP,1
JUA,1
CCX,1
TGQ,1
CQA,1
MTG,1
BMB,1
APQ,1
FLB,1
PCS,1
BNC,1
BNB,1
VPZ,1
DRV,1
SXK,1
MLZ,1
PDU,1
ATI,1
HSM,1
SWH,1
TTL,1
KWB,1
KOO,1
AOU,1
SQX,1
LDM,1
RHV,1
OHS,1
SWN,1
TMF,1
IFU,1
KIE,1
YKO,1
BUT,1
TLI,1
TQL,1
BPL,1
FYN,1
ACS,1
LFQ,1
YJP,1
WVI,1
GLU,1
DLK,1
YBS,1
RIZ,1
XTO,1
YSE,1
YAH,1
YAL,1
YCE,1
YCQ,1
XRR,1
YDO,1
YEY,1
YHE,1
YHT,1
YDG,1
YJF,1
YKJ,1
YLR,1
YME,1
YML,1
YOS,1
YPS,1
YQS,1
YRO,1
YSH,1
YSL,1
YVE,1
YXQ,1
YSN,1
KES,1
XPK,1
ZGF,1
ZJG,1
YTD,1
PIW,1
XPP,1
WPC,1
ZST,1
ZUC,1
FNB,1
FSS,1
BXP,1
DGP,1
LMR,1
SXN,1
NDD,1
MAI,1
ADI,1
MWE,1
ALN,1
AXN,1
CLU,1
BBD,1
BIH,1
BKE,1
BPI,1
WMH,1
BTL,1
BYI,1
CCY,1
CNU,1
CRG,1
CSV,1
DAA,1
DAG,1
DMN,1
DRA,1
EED,1
EGI,1
EKA,1
HYR,1
JCT,1
LOL,1
MBG,1
MCB,1
MDH,1
MMT,1
NHZ,1
NRB,1
OGB,1
OTM,1
OZR,1
PWY,1
POU,1
RSL,1
RWF,1
SNS,1
TPH,1
UKI,1
UOX,1
HTV,1
VTN,1
WMC,1
WWR,1
ZZV,1
ECV,1
CDT,1
TEV,1
QLP,1
BJY,1
RUV,1
XPL,1
UPL,1
QSN,1
SNJ,1
DWD,1
KMX,1
XXN,1
KNR,1
PYK,1
XIJ,1
ATG,1
SGI,1
RQW,1
ENN,1
WWA,1
IWK,1
IEJ,1
AAV,1
BPH,1
MXI,1
BAT,1
QHP,1
TOQ,1
LGR,1
CNR,1
TLX,1
ZIC,1
TTC,1
API,1
CVE,1
PAL,1
PZA,1
TQS,1
RIJ,1
JAE,1
IKU,1
VYI,1
BGN,1
GVN,1
NLI,1
VLK,1
INA,1
ZIX,1
RTC,1
HIM,1
RDP,1
PUT,1
LNX,1
ABH,1
ARY,1
BLN,1
BZD,1
BWQ,1
CVC,1
CWW,1
CYG,1
CMD,1
DRN,1
DNQ,1
DYA,1
ECH,1
FRB,1
GUH,1
HXX,1
HTU,1
KRA,1
KPS,1
KGY,1
TGN,1
MRG,1
RPM,1
QRM,1
PPI,1
SIO,1
SNB,1
SWC,1
TYB,1
TUM,1
WGT,1
WKB,1
QRR,1
SXE,1
WWY,1
NGA,1
LHK,1
WDS,1
HTT,1
UUN,1
BFU,1
RUG,1
WHU,1
SXJ,1
YKH,1
BQG,1
HYD,1
PKO,1
KDC,1
HMG,1
BIB,1
KCS,1
BMR,1
MVW,1
GOO,1
APT,1
DCU,1
GLW,1
DKV,1
RNZ,1
SBT,1
NIS,1
TBR,1
AMT,1
EDD,1
FIK,1
JJG,1
WKI,1
KLJ,1
ETB,1
GLR,1
AID,1
QND,1
GUU,1
PCD,1
OTJ,1
TSM,1
RTN,1
PPA,1
FLP,1
BGD,1
HLE,1
BNJ,1
SQA,1
HXD,1
BAR,1
ZBO,1
UCB,1
KEO,1
GII,1
NZE,1
OCM,1
WGN,1
TXF,1
SPA,1
BJW,1
NBN,1
OLL,1
PPF,1
AYS,1
DSS,1
PMH,1
NAC,1
PGZ,1
PQM,1
CUD,1
CLP,1
JOJ,1
ECI,1
QGQ,1
QPW,1
QJE,1
XIQ,1
QQT,1
QJI,1
QFG,1
QRY,1
NPR,1
SMT,1
ENO,1
NYR,1
SUK,1
UKG,1
VHV,1
DEE,1
EKS,1
TLK,1
RDB,1
ION,1
EBH,1
ZIS,1
MYZ,1
BCU,1
KDA,1
SHO,1
KIY,1
QSI,1
MNS,1
GZI,1
LNL,1
YSQ,1
JSJ,1
WMT,1
LLB,1
CDE,1
DTU,1
HUO,1
QSZ,1
CWJ,1
JMJ,1
PBQ,1
WUT,1
NZL,1
AIP,1
SAG,1
PYB,1
SUP,1
RKO,1
PPR,1
FAC,1
NRE,1
NAM,1
DOB,1
SQN,1
BYQ,1
UOL,1
ZBY,1
BGL,1
RJB,1
CKI,1
BYP,1
LUC,1
YAS,1
WIK,1
CNN,1
GOH,1
NUK,1
VHZ,1
HHZ,1
RRR,1
KHZ,1
TKV,1
TMH,1
NKB,1
KSE,1
SOV,1
YSG,1
DWA,1
HGI,1
KQH,1
MAG,1
