source_airport,count
ATL,915
ORD,558
PEK,535
LHR,527
CDG,524
FRA,497
LAX,492
DFW,469
JFK,456
AMS,453
PVG,411
SIN,408
BCN,391
ICN,370
MUC,368
MIA,368
DEN,361
IST,358
DXB,356
LGW,356
HKG,355
CAN,338
FCO,331
MAD,330
BKK,326
CTU,324
DME,324
YYZ,319
MAN,316
BRU,316
VIE,308
CLT,301
PHL,289
NRT,286
DUS,285
XIY,283
KMG,273
PMI,271
CKG,270
TPE,264
DEL,264
KUL,257
EWR,253
HGH,252
PHX,251
SFO,249
ZRH,247
LAS,246
IAH,243
MEX,243
AUH,241
MCO,237
SZX,234
XMN,233
CPH,229
BOM,227
ARN,219
MSP,218
DTW,216
LIS,214
BOS,212
SYD,208
TXL,208
DUB,207
AGP,206
SHA,205
SEA,201
ORY,201
SVO,199
ATH,197
DCA,196
IAD,196
JED,194
MNL,193
GRU,193
MXP,192
CSX,189
DOH,189
TAO,188
WUH,187
FLL,186
CGK,185
YUL,185
LED,184
OSL,180
PRG,180
CGO,174
STN,173
GVA,166
NKG,165
HAM,161
TFS,159
JNB,159
HEL,159
YVR,158
LGA,158
CUN,157
HND,157
ALC,157
LPA,154
URC,153
BNE,152
BOG,152
KIX,152
CAI,151
TSN,147
SAW,145
DLC,142
BWI,142
SLC,141
MDW,139
TPA,138
STR,137
MEL,137
KWE,137
RUH,137
MRS,136
SHE,136
TLV,136
TNA,135
LYS,135
NCE,135
CGN,134
BHX,133
FOC,133
NBO,130
HRB,129
AYT,127
CMN,125
MSY,123
VCE,122
KWI,120
WAW,120
EDI,119
SAN,119
HNL,118
ACE,116
LIM,115
YYC,115
CTA,115
STL,114
NNG,114
MLA,113
PDX,113
OTP,112
AMM,111
HER,110
TYN,110
SYX,109
SGN,109
HAK,108
LTN,108
MAA,107
KWL,107
PTY,106
FAO,106
ADD,105
MCT,104
SJU,102
KBP,102
CMB,101
RIX,101
DPS,100
OPO,100
GLA,100
BRS,100
IBZ,99
GIG,98
BSB,98
BUD,98
SVX,98
CCU,97
SHJ,97
BLR,97
FUE,97
AKL,96
EMA,95
BSL,95
LCA,93
GDL,93
PER,92
NTE,92
CCS,90
BLQ,88
ALG,88
SKG,87
OVB,87
HAN,87
TUN,87
HET,87
KHN,86
BEG,86
VKO,86
FUK,85
BAH,84
NCL,84
NGB,84
LHW,84
CRL,84
NGO,84
AUS,83
RDU,83
SXF,83
RHO,82
MCI,82
DMM,82
SJW,82
BNA,82
VLC,82
TAS,81
WNZ,81
CTS,81
BGY,81
CLE,81
PUS,80
NAY,80
LBA,80
NAP,79
SCL,79
MFM,79
HOU,79
TLS,78
HFE,77
PSA,76
HAJ,76
SJO,76
CVG,75
EZE,75
PIT,74
DAC,74
HYD,74
PUJ,73
RAK,73
MTY,72
HKT,71
LUX,70
IND,69
BGO,69
EIN,68
SAT,68
YEG,68
ALA,67
BOD,67
NAS,67
DKR,67
BEY,67
DMK,67
ADB,66
SOF,66
KHH,65
SVQ,65
MHD,65
AEP,65
MKE,65
LJG,65
INC,65
SUB,65
BIO,65
GYD,64
CGQ,64
PMO,63
CMH,63
RSW,63
THR,62
KHI,62
LCY,62
OKA,61
SJC,60
LIN,60
IKA,60
DBV,60
ZUH,60
LOS,60
BVA,60
COK,59
CJU,59
ANC,59
SXM,58
SSA,58
ISB,58
VNO,58
LPL,58
MEM,58
VCP,57
DLM,57
KRK,57
CNS,56
YNT,56
UPG,56
LHE,56
SMF,55
CNF,55
SVG,54
MSQ,54
OAK,54
ACC,54
FLR,53
SAL,53
OLB,52
FNC,52
GOT,52
BKI,52
POM,52
TSE,52
DYU,52
ESB,52
SJD,51
GDN,51
DLA,51
BDL,51
ADL,51
CFU,50
ABJ,50
CIA,50
BRE,50
BRI,50
SPU,49
CEB,49
XNN,49
GRO,49
SFB,49
RGN,49
TIP,48
DWC,48
NUE,48
CNX,48
PVR,47
CGH,47
WUX,47
BLL,47
HHN,47
JAX,46
KRR,46
DRW,46
LAD,46
FRU,45
SDQ,45
MBJ,45
EVN,45
HAV,45
KEF,45
YOW,45
NBE,45
KJA,45
AUA,44
CPT,44
CHQ,44
JJN,44
TRD,44
PBI,44
KTM,44
TRN,44
MLE,44
CAG,43
KGS,43
YHZ,43
NAN,43
CWB,43
SNA,42
PEN,42
TIJ,42
TRV,42
PFO,42
OGG,42
ZAG,42
POA,42
ITM,42
ABQ,42
REP,42
HBE,42
COO,41
IKT,41
ABZ,41
MRU,41
SDF,41
YWG,41
KRT,41
OKC,40
TSA,40
HRG,40
LIL,40
LEJ,40
KGL,40
VRN,39
SYZ,39
UIO,39
MED,39
AJA,39
DAL,39
GMP,39
TLL,38
TSF,38
NRN,38
RIC,38
PPT,38
KHV,38
JER,38
SSH,38
YKS,38
TRF,37
GUA,37
RYG,37
SAH,37
CZX,37
DJE,37
FOR,36
BFS,36
BEL,36
BIA,36
BHM,36
TIA,36
ORF,36
BUF,36
REC,36
BPN,36
SCQ,36
GYE,35
GUM,35
DAR,35
SWA,35
AMD,35
POS,35
ANU,35
KIV,34
LUN,34
CHC,34
SXB,34
EBB,34
STT,34
TBS,34
CHS,34
ORK,34
MAH,34
SZG,34
MYR,34
ORN,34
OMA,34
SOU,33
OUA,33
DAD,33
WRO,33
LJU,33
PNQ,33
RTM,33
DTM,33
CGB,33
LBD,33
CWL,32
WLG,32
DAY,32
MAO,32
TFN,32
AZA,32
OSS,31
GAU,31
TUS,31
CUR,31
ALB,31
NYO,31
AHO,31
BJV,31
TYS,31
SDJ,31
PIE,31
PLS,31
CCJ,31
LXA,30
KIN,30
EBL,30
PEW,30
YZF,30
ABV,30
CLO,30
SDU,30
ROC,30
SNN,29
PTP,29
GOI,29
SZB,29
LIT,29
BAV,29
JOG,29
RMQ,29
BET,29
YCU,29
DSM,29
PNH,29
GSP,29
KTW,28
YQB,28
BKO,28
GRR,28
ROV,28
VLI,28
AGA,28
KBL,28
KZN,28
OOL,28
BZE,28
TPS,28
TNR,27
PVD,27
BMA,27
TUL,27
RNO,27
FAI,27
FIH,27
KUF,27
BTH,27
WMI,26
AER,26
KCH,26
VVO,26
LPB,26
ZAD,26
TXN,26
TOS,26
MDE,26
PSP,26
HRE,26
SYR,26
HMO,25
YRT,25
GSO,25
BEN,25
SUF,25
HIR,25
DSN,25
GCM,25
VTE,25
EXT,25
OME,25
BZV,25
LIR,24
AWZ,24
ELP,24
ONT,24
VVI,24
MPL,24
YIH,24
MYY,24
XNA,24
LBV,24
PAP,24
JHG,24
SKP,24
JIB,23
FDF,23
HPN,23
PDL,23
BGI,23
FMM,23
UFA,23
BWN,23
ADE,23
MVD,23
SAP,23
SAV,23
FNA,22
DRS,22
TJM,22
KTN,22
YZV,22
MIG,22
YYT,22
OTZ,22
CAK,22
MRV,22
BDS,22
XRY,22
IEV,22
PIK,21
PNS,21
BDO,21
DYG,21
ULN,21
CLJ,21
LIH,21
FLN,21
PRN,21
GYN,21
DUR,21
BHD,21
POZ,21
SCO,21
GSE,21
BOI,21
MDC,21
PMV,20
CEK,20
GOA,20
BHY,20
JRO,20
BTS,20
FKB,20
MJV,20
MDT,20
LEX,20
AAL,20
XUZ,20
ICT,20
KOA,20
JNU,20
FAT,20
LFW,20
IFN,20
SID,20
MHT,20
CLY,20
RUN,19
UVF,19
GRZ,19
TNG,19
BOH,19
ZHA,19
RAO,19
WIL,19
SDR,19
REU,19
WDH,19
KUN,19
BND,19
GOJ,18
BOO,18
KOJ,18
KLO,18
YTY,18
HSV,18
YIW,18
PGD,18
YXL,18
ASU,18
YFB,18
PKU,18
CKY,18
BUR,18
FEZ,18
LEI,18
GCI,18
ODS,18
NTG,18
LYI,18
JAN,18
LGB,18
USM,18
JHB,18
NDR,18
VTZ,18
HLD,18
LKO,18
TGU,18
PNR,18
DJJ,17
HIJ,17
NSI,17
KMQ,17
MDL,17
BES,17
YNZ,17
OVD,17
JAI,17
MSN,17
CGR,17
CID,17
RAI,17
ISP,17
LWO,17
NGS,17
NIM,17
OMS,17
LGK,17
CAE,17
MPM,17
DOM,17
ADA,17
SRG,17
CJB,17
TGD,16
LYG,16
KIJ,16
JZH,16
YWK,16
ROB,16
SJJ,16
MMX,16
KIH,16
EYW,16
CHA,16
ZTH,16
YQR,16
LOP,16
CGP,16
JDZ,16
CZL,16
KBV,16
IXB,16
IDR,16
POP,16
FWA,16
UUS,16
CIH,16
TSV,16
VIX,16
VER,16
CZM,16
CUL,16
CUU,16
NUX,16
NAT,16
SLZ,16
MIR,15
KGD,15
YXE,15
BDJ,15
YYR,15
JTR,15
CIF,15
NSK,15
IXE,15
STM,15
FPO,15
AHB,15
DOK,15
TBZ,15
GEG,15
MZT,15
UDI,15
YLW,15
MID,15
BDA,15
ROA,15
WUS,15
PUY,15
DZA,15
NAG,15
NOC,15
TLH,15
PIA,15
ASB,15
RTB,15
ZYI,15
MLI,15
MGA,15
BIQ,14
FSC,14
FAR,14
KBR,14
GND,14
AMQ,14
SEN,14
MHH,14
SXR,14
HYN,14
MAR,14
RAR,14
BJX,14
SSG,14
SGF,14
YNJ,14
FNT,14
EUG,14
PLM,14
TTN,14
DNK,14
NJC,14
ISG,14
MBA,14
ECN,14
DVO,14
YTZ,14
BGW,14
SGC,14
UET,14
LZH,14
AJU,13
TLC,13
RNS,13
YQT,13
BTV,13
HSN,13
LZO,13
TGO,13
SRQ,13
VRA,13
BJM,13
ISA,13
NOU,13
PLU,13
YYJ,13
ILM,13
CRK,13
KHG,13
AES,13
SEZ,13
COS,13
LPQ,13
BJL,13
RAB,13
COR,13
CBR,13
CHO,13
MCZ,13
FDH,13
KOW,13
OKJ,13
ABE,13
JMK,13
VSA,13
XFN,13
TIF,13
FSD,13
TSR,13
MAB,12
BOJ,12
ANI,12
BIL,12
RPR,12
UKB,12
NMA,12
LNZ,12
HAU,12
IXJ,12
EIS,12
PAT,12
IGU,12
MYJ,12
YMM,12
GNV,12
CJS,12
AVL,12
BMI,12
MUX,12
LLW,12
SUV,12
NKC,12
ELQ,12
HIA,12
WXN,12
UYN,12
MRA,12
LCG,12
IAS,12
TMP,12
CTG,12
JUB,12
RIY,12
BRN,12
BVC,12
BME,12
BLA,11
PZO,11
SON,11
ADQ,11
SPR,11
UUD,11
EOH,11
CUZ,11
EGO,11
ZNZ,11
INV,11
STI,11
TIV,11
FMO,11
EGC,11
ASP,11
SBH,11
PVK,11
PAD,11
HOG,11
THE,11
LIG,11
RZE,11
SKT,11
SBN,11
RBA,11
IOM,11
NJF,11
SKB,11
CEI,11
ZAH,11
DAT,11
NZH,11
TRS,11
VGO,11
SLU,11
ANF,11
KRS,11
KMI,11
FUG,11
ADZ,11
HTA,11
MLH,11
BPS,11
JPA,11
LDB,11
IXZ,11
IXR,11
LAE,11
KOI,11
YQM,10
VNS,10
GGT,10
MGF,10
GUW,10
FBM,10
LXR,10
CCF,10
LBB,10
OUD,10
MRY,10
YVP,10
MJT,10
YXS,10
ACY,10
KLX,10
JNG,10
TER,10
BAQ,10
MLM,10
VOG,10
TRC,10
AOI,10
JMU,10
ALF,10
LRH,10
KOE,10
LAP,10
HKD,10
MGQ,10
AQP,10
VLN,10
CIT,10
MDG,10
HRK,10
SFA,10
ROR,10
HAH,10
PBM,10
ISU,10
PAC,10
TZX,10
LRM,10
YBP,10
ILO,10
RAS,10
FSZ,10
SPN,10
MST,10
PMC,10
NWI,10
BLI,10
MDZ,10
NLA,10
AMA,10
VPS,10
BON,10
HMI,10
HGU,10
KRL,10
MFR,9
HBA,9
KMJ,9
TRZ,9
APL,9
HTY,9
TZA,9
SMI,9
ATQ,9
MOB,9
FMN,9
BZR,9
VAR,9
PSR,9
SBW,9
TOY,9
PHF,9
SCW,9
AAE,9
IQQ,9
NDJ,9
GPT,9
GZT,9
ARH,9
YNB,9
EVV,9
BBI,9
IMF,9
LGG,9
DSA,9
OIT,9
PLZ,9
GRX,9
PPS,9
LYA,9
TUU,9
IXC,9
JGS,9
SCN,9
BLK,9
ATW,9
GOH,9
JUV,9
STX,9
AVP,9
AGU,9
GBE,9
EVE,9
DAX,9
PVH,9
CJJ,9
SNU,9
IOS,9
HMB,9
CFE,9
ZIH,9
MJZ,9
ASF,8
SLP,8
GWT,8
LCE,8
POL,8
YYQ,8
SBA,8
IXA,8
VVC,8
IXM,8
PHE,8
LST,8
QSF,8
NEV,8
SOC,8
NTL,8
AXT,8
VBY,8
SLY,8
RAP,8
YEV,8
VOZ,8
KNX,8
PHC,8
RDM,8
BSR,8
REN,8
REX,8
GJT,8
FAY,8
GEO,8
LAN,8
NNY,8
BGR,8
SKD,8
UKK,8
GSM,8
AAR,8
KUT,8
YGJ,8
PIR,8
SJP,8
CIY,8
ZAZ,8
MAF,8
UME,8
PSC,8
TDD,8
SOQ,8
TTE,8
BZN,8
PLW,8
CBB,8
TKU,8
SFJ,8
TJA,8
BFJ,8
BTR,8
CGD,8
TAK,8
ACA,8
GYS,8
WUA,8
NDG,8
SPC,8
INN,8
MAG,8
GEA,8
HMA,8
UNK,8
YYY,8
SHV,8
GRB,8
NYM,8
TGZ,8
ELH,8
NBC,7
NVT,7
BRW,7
NYU,7
ASR,7
LVI,7
YRL,7
AKX,7
HEH,7
KTA,7
BBO,7
IMP,7
MGM,7
TWU,7
TGG,7
PDG,7
MMK,7
BTU,7
MKY,7
UDR,7
HTI,7
YEK,7
KAN,7
QRO,7
PBC,7
VXO,7
PKN,7
ASM,7
TMM,7
OAJ,7
ECP,7
MSO,7
DLU,7
DIG,7
SRZ,7
PUQ,7
PGK,7
MKW,7
CGY,7
PIS,7
UGC,7
LSC,7
JJU,7
UMD,7
FEG,7
ZLO,7
BMV,7
ZCL,7
JUL,7
BRC,7
AGS,7
KLU,7
RJK,7
YQQ,7
HRI,7
DIY,7
HGA,7
SLL,7
AZD,7
VFA,7
OXB,7
YGW,7
TAI,7
PMW,7
HRL,7
SHP,7
WEF,7
DGA,7
AKN,7
PLJ,7
TRK,7
GTF,7
PBG,7
SZZ,7
MOL,7
KKN,7
AQG,7
ROS,7
CEE,7
KGF,7
JIQ,7
JGN,7
DNH,7
CAY,7
TJU,7
ZQN,7
VII,7
CXR,7
KSU,7
MUB,7
AKJ,7
TAM,7
YDF,7
TRI,7
XIL,7
HLH,7
JUH,7
WBB,7
YVO,7
GAL,7
SIP,7
IXS,7
TET,7
BEW,7
IQT,7
BOB,7
HFT,7
VDS,7
PCL,6
ULK,6
GIZ,6
ERF,6
PKC,6
HOR,6
YXU,6
YSB,6
YBC,6
CCC,6
AZS,6
SKK,6
RGL,6
HKN,6
GUR,6
TAE,6
MWX,6
JUZ,6
JIU,6
HTN,6
GRK,6
HDG,6
CRW,6
AZO,6
ACX,6
WWK,6
LUM,6
TVS,6
MCG,6
AXA,6
ACK,6
BFL,6
VPE,6
KSC,6
BIS,6
UTH,6
NAO,6
GIB,6
ELM,6
AKU,6
OAX,6
KIR,6
LLA,6
NVI,6
BHK,6
HEA,6
JXA,6
REL,6
NQN,6
CRD,6
GZP,6
MZV,6
NQY,6
KVA,6
LFT,6
PGA,6
LBL,6
ILG,6
AEX,6
BUS,6
YXJ,6
VQS,6
DDC,6
CYS,6
ALS,6
ZBR,6
LRR,6
GBT,6
EZS,6
FYU,6
SRY,6
KSH,6
ABD,6
REG,6
LUZ,6
BRA,6
ZAM,6
GRQ,6
VDC,6
SOW,6
MFE,6
YBL,6
YIC,6
PEI,6
BCD,6
MLU,6
CUK,6
PNK,6
DJB,6
ATZ,6
DOY,6
LRS,6
MMB,6
CJC,6
JIC,6
IQN,6
SLA,6
PAZ,6
SDK,6
HDY,6
CCP,6
TLM,6
EFL,6
AOK,6
JKH,6
NKM,6
GDX,6
HME,6
BJA,6
AZR,6
YTH,6
YCS,6
YCB,6
YBK,6
YZS,6
JDH,6
SKZ,6
MUR,6
TPP,6
MWZ,6
HAD,6
GEV,6
RMF,6
JKL,6
IXL,6
BHO,6
AJL,6
MQL,6
ZGS,6
YNA,6
TUK,6
PEE,6
SRE,6
PQQ,6
LET,6
YVQ,6
SAF,6
DIB,6
SWF,6
STS,6
UIB,6
YKQ,6
NOJ,5
ZQW,5
YPM,5
MJF,5
MEH,5
FRO,5
BNN,5
BJF,5
RGI,5
DLI,5
VXE,5
TOF,5
IXU,5
DED,5
PKZ,5
NER,5
VAN,5
MQM,5
SCC,5
TVC,5
TOL,5
KLV,5
PMR,5
KGI,5
CNJ,5
RKV,5
TAH,5
NUS,5
ELS,5
DIE,5
SBZ,5
PBH,5
YQD,5
KSM,5
KKA,5
JSH,5
MCY,5
BNK,5
AOJ,5
GRJ,5
BQS,5
YXT,5
LXS,5
MLN,5
BHV,5
ENY,5
ARI,5
UAK,5
KUS,5
JAV,5
VOL,5
BVE,5
BCV,5
AGM,5
KUH,5
TKG,5
BKS,5
RFD,5
GES,5
PUF,5
PGF,5
LDE,5
ETZ,5
IAG,5
PZU,5
ELI,5
YTS,5
HAS,5
KUA,5
TUF,5
PEG,5
LDY,5
HYL,5
CGA,5
HOD,5
GXF,5
TBU,5
APW,5
YKA,5
YUY,5
YKL,5
HSL,5
BLZ,5
PGU,5
KDH,5
BUZ,5
ROK,5
EBA,5
CUF,5
KSQ,5
MBS,5
GFK,5
MOT,5
SDL,5
IBR,5
UNG,5
LZY,5
XIC,5
OVS,5
PNP,5
DRO,5
DAB,5
CWA,5
CRP,5
MAS,5
GKA,5
RLK,5
JNZ,5
CEN,5
YXY,5
FNJ,5
DQA,5
DDG,5
HTS,5
FSM,5
EWN,5
BRM,5
SCE,5
SCU,5
PQC,5
TEN,5
GNY,5
HDF,5
SYY,5
LSI,5
ERZ,5
YWL,5
RLG,5
BTT,5
MMY,5
JOI,5
JDO,5
WJR,5
TGM,5
HUY,5
VAA,5
TCZ,5
BGA,5
MYD,5
HLN,5
FCA,5
CDB,5
MLB,5
LMM,5
DGO,5
PNZ,5
PFB,5
TAC,5
BTJ,5
AOR,5
OGX,5
YGT,5
YCO,5
NBS,5
YXN,5
BDQ,5
ETH,5
EBU,5
PYJ,5
MZG,5
MXZ,5
KNH,5
XAP,5
RTW,5
THL,5
TFF,5
RBR,5
YTL,4
BHQ,4
NDB,4
SVD,4
NRL,4
TOB,4
PUU,4
RIA,4
YKU,4
KER,4
TWB,4
NOS,4
WMN,4
BSA,4
DMB,4
ART,4
MVY,4
YIF,4
BGM,4
SFG,4
LSP,4
AZI,4
KZO,4
CTL,4
GLV,4
YUX,4
BLJ,4
BSK,4
IJK,4
YXP,4
YYH,4
KWJ,4
IAN,4
MUN,4
FAE,4
NYK,4
GAM,4
DLH,4
IDA,4
PIX,4
CMI,4
YQZ,4
ZSA,4
SMK,4
SVA,4
KLG,4
HOV,4
YHR,4
YHM,4
YPX,4
STW,4
BUQ,4
MQP,4
DCY,4
FLW,4
CKS,4
SBP,4
NCU,4
UCT,4
YCY,4
YHK,4
BVG,4
TMR,4
GHA,4
RST,4
KTS,4
SSJ,4
GLK,4
YFO,4
YHD,4
AVA,4
VAS,4
CXI,4
MYT,4
JTY,4
KIT,4
DIL,4
MQN,4
SKN,4
SOG,4
BKG,4
IGM,4
VIJ,4
VNX,4
BUA,4
DAU,4
KVG,4
HNS,4
BFN,4
HLA,4
BKC,4
COU,4
PZI,4
TBG,4
FNI,4
OSI,4
OSR,4
PMF,4
VLL,4
UBA,4
KTB,4
EYK,4
ATM,4
CAW,4
ERI,4
GRI,4
HHH,4
NNM,4
LBU,4
URT,4
KCZ,4
AGT,4
AYQ,4
DUD,4
UUA,4
BTK,4
ZYL,4
YIN,4
YQU,4
YYG,4
LBC,4
YSM,4
BYC,4
ORU,4
LYC,4
MHQ,4
VHM,4
MHK,4
PET,4
MEA,4
AUX,4
MZR,4
HPH,4
YMN,4
YNP,4
YSO,4
USH,4
AUQ,4
HUH,4
MOZ,4
NHV,4
HNA,4
ABA,4
KVD,4
FKS,4
SBY,4
MLX,4
BHI,4
LGP,4
MPH,4
DRG,4
KSJ,4
FUJ,4
EGM,4
DPL,4
MXL,4
EMK,4
CFR,4
WAA,4
WMO,4
ITH,4
JGD,4
BBK,4
GTE,4
TAB,4
BIK,4
ENE,4
GTO,4
KDI,4
LBJ,4
RDZ,4
BXU,4
DGT,4
YHO,4
RBY,4
RSH,4
CUC,4
HUI,4
RFP,4
FTE,4
IGR,4
KRF,4
OZC,4
YNG,4
YXC,4
LRD,4
ABL,4
BBA,4
CPO,4
ITO,4
SMR,4
PJM,4
EUN,4
MCX,4
GZO,4
MUA,4
BQN,4
TAL,4
KWK,4
KWN,4
YDP,4
TIM,4
TJQ,4
HLZ,4
LAU,4
LWS,4
YYD,4
SQS,4
GDT,4
JNN,4
OBU,4
ORV,4
PHO,4
YAM,4
YBG,4
YFC,4
KMS,4
MAJ,4
TNO,4
XQP,4
LNY,4
YHU,4
OUL,4
NYA,4
NSN,4
APO,4
ASW,4
ENH,4
HUN,4
ABY,4
STD,4
COQ,4
KQT,4
GHB,4
ABX,4
CFS,4
GLT,4
GOV,4
XBE,4
MSA,4
SCY,4
YFH,3
OCC,3
LAQ,3
WNN,3
LDH,3
DBO,3
LYR,3
YMT,3
ZVK,3
VIG,3
WGA,3
RMA,3
MJN,3
SMS,3
SVB,3
TLE,3
NUL,3
SVJ,3
VAW,3
SPP,3
SZA,3
TMS,3
EWB,3
URA,3
SRP,3
KRN,3
NOV,3
DUT,3
INU,3
PBO,3
ROT,3
TRG,3
NME,3
KWA,3
PNI,3
PMZ,3
TMU,3
VIL,3
MKK,3
OBO,3
ALH,3
BHE,3
LUK,3
YYE,3
CZH,3
YVB,3
YAY,3
YBX,3
YQF,3
JEG,3
JHS,3
JNS,3
AKI,3
CYF,3
EEK,3
KKH,3
OOK,3
EDL,3
YZY,3
PKY,3
BQB,3
EPR,3
GET,3
AIT,3
LEA,3
NLK,3
NPE,3
KIS,3
EAS,3
TSJ,3
JCB,3
LBE,3
VDE,3
TMC,3
TNJ,3
UKA,3
ZCO,3
TML,3
JYV,3
ESU,3
MQT,3
KVX,3
IRA,3
LIF,3
ACV,3
KKI,3
KPN,3
KWT,3
PQS,3
TLT,3
MLG,3
MTR,3
UIH,3
PXU,3
VCA,3
LUV,3
KOK,3
AEB,3
WUZ,3
ZEL,3
LCH,3
LSE,3
JTC,3
YHY,3
YUT,3
KKJ,3
MRE,3
GOM,3
KGA,3
ANV,3
AKP,3
HOF,3
BEJ,3
BMU,3
MKQ,3
CBO,3
TYR,3
YKF,3
YUM,3
OSD,3
AZN,3
KLW,3
IBE,3
CKB,3
PVU,3
DCM,3
SHH,3
SHX,3
OHE,3
MDQ,3
HEK,3
HJJ,3
LLF,3
KSY,3
MNG,3
INH,3
UEL,3
PLQ,3
BUX,3
VST,3
ERS,3
CYO,3
YQG,3
EQS,3
TOH,3
ULB,3
ZGU,3
SIT,3
SNP,3
STG,3
PXM,3
JBQ,3
CCV,3
IPA,3
LNE,3
WTK,3
CXJ,3
FEN,3
BAL,3
MTV,3
SLH,3
URJ,3
DLG,3
MAU,3
GAJ,3
SVK,3
ISC,3
ERC,3
KCM,3
KYA,3
MSR,3
YQX,3
YSJ,3
GPA,3
SKU,3
POR,3
CDV,3
MCP,3
MOC,3
STV,3
VGA,3
RXS,3
SUG,3
TUG,3
CAC,3
DOU,3
OPS,3
CHG,3
PDP,3
TPQ,3
TKX,3
TUB,3
UAH,3
UAP,3
XMH,3
RIG,3
UBJ,3
AKF,3
HUX,3
CME,3
CXB,3
JSR,3
LPP,3
AXD,3
TIZ,3
CMW,3
ABT,3
BHH,3
EAM,3
DNR,3
SFT,3
TRW,3
TVU,3
BZG,3
DLE,3
AET,3
BVB,3
IPN,3
BPX,3
WVB,3
WLS,3
CFB,3
LNV,3
MXH,3
PPP,3
GST,3
HNH,3
SGY,3
BNX,3
CLQ,3
KVL,3
FKQ,3
KNG,3
RAJ,3
RJA,3
WRL,3
SVU,3
MTM,3
JIK,3
TAG,3
USU,3
TZL,3
ANX,3
LWY,3
LKN,3
OSY,3
RVK,3
YGL,3
ATY,3
CDR,3
HON,3
BWT,3
TLN,3
YIO,3
JLR,3
FRS,3
YQK,3
ZAT,3
AGH,3
KLR,3
RNB,3
AOG,3
HZH,3
BRO,3
CLL,3
HSG,3
FSP,3
AIA,3
CAP,3
MOF,3
NBX,3
TLA,3
KOT,3
HVG,3
AKY,3
BGF,3
BQK,3
CSG,3
YKG,3
YPH,3
YPJ,3
YSK,3
UBP,3
JIJ,3
LLI,3
RMI,3
YUD,3
GWD,3
RYK,3
ATC,3
TBI,3
PXO,3
UAS,3
ENA,3
GCC,3
OSM,3
SMA,3
LMP,3
PNL,3
KEJ,3
PHS,3
HCR,3
DHN,3
YTE,3
VLD,3
ZSE,3
YHI,3
RSU,3
USN,3
MEU,3
ANM,3
KAL,3
KGX,3
DIR,3
ENU,3
SDD,3
CPR,3
MQX,3
VAI,3
GAN,3
OMH,3
CUE,3
ESM,3
KSN,3
PLX,3
LNK,3
RKS,3
CAB,3
DMD,3
AAQ,3
BAX,3
MOV,3
MIM,3
ZSJ,3
PPW,3
OUZ,3
PEM,3
MVP,3
PCR,3
PDA,3
PSO,3
SJK,3
YMO,3
YER,3
ADU,3
LFM,3
ONG,3
YGV,3
DRK,3
FON,3
GLF,3
SYM,3
MME,3
NAQ,3
YGR,3
GIU,3
NPL,3
LKE,3
PWQ,3
HIN,3
KPO,3
SDV,3
GTR,3
MGB,2
GFF,2
YFA,2
JCK,2
TRO,2
MRX,2
UPN,2
YNO,2
YWP,2
ZPB,2
ZRJ,2
CJA,2
IPC,2
PIU,2
TCQ,2
SRX,2
BFI,2
DHB,2
FBS,2
PBZ,2
IVL,2
KTT,2
MGZ,2
DYR,2
SVP,2
VHC,2
ACH,2
ALO,2
HYA,2
LEB,2
TCB,2
TUP,2
MXV,2
BIM,2
ARM,2
BDB,2
EMD,2
HVB,2
LRE,2
BVI,2
CMA,2
EDR,2
IRG,2
OWB,2
BDH,2
KWM,2
NTN,2
SGO,2
ULP,2
WEI,2
WNR,2
YPN,2
GOU,2
LWB,2
MCN,2
KOV,2
PPK,2
ISN,2
JAC,2
RHI,2
SGU,2
ZIG,2
CBT,2
MEG,2
LOH,2
LTX,2
KDO,2
AUU,2
BEU,2
BQL,2
BUC,2
GOP,2
XSB,2
BRD,2
COD,2
DIK,2
MLW,2
SZE,2
IFO,2
DRV,2
GKK,2
HAQ,2
KDM,2
NSH,2
RZR,2
GPS,2
DZN,2
KOP,2
NNT,2
NST,2
HOM,2
HPB,2
AXU,2
BJR,2
GDQ,2
GMB,2
JIM,2
BNS,2
MRD,2
VLV,2
BHJ,2
BHU,2
DIU,2
KIM,2
UTN,2
LDS,2
LNJ,2
GXH,2
NLT,2
TCG,2
YWB,2
MJD,2
PZH,2
LGI,2
RSD,2
SML,2
IMT,2
INL,2
AQJ,2
CPV,2
WNH,2
BSD,2
BPT,2
HUS,2
VEE,2
YOP,2
ABI,2
ACT,2
LUG,2
YQC,2
YTQ,2
TST,2
APN,2
NOZ,2
HDS,2
DEA,2
DSK,2
KKC,2
KDV,2
LBS,2
AKV,2
YIK,2
YZG,2
YDQ,2
YOJ,2
KCA,2
KRY,2
HBX,2
KNS,2
CVU,2
CLV,2
ZHY,2
AAT,2
SJZ,2
CEG,2
KSF,2
ONQ,2
AJF,2
AQI,2
DWD,2
NAV,2
UTP,2
CKH,2
CYX,2
IKS,2
MQJ,2
CJL,2
RGA,2
SFN,2
CPE,2
MTT,2
SPD,2
YRB,2
PEU,2
AVN,2
PDV,2
SCT,2
BRL,2
DEC,2
RAE,2
ARU,2
CCM,2
MIS,2
ULH,2
URY,2
WAE,2
MPA,2
KND,2
MDK,2
MJM,2
TSH,2
YQY,2
YYB,2
BSG,2
FLG,2
FLO,2
GCK,2
GGG,2
DBQ,2
ADF,2
AJI,2
BGG,2
IGD,2
EBJ,2
ZUM,2
DNZ,2
MZH,2
XCR,2
IPH,2
KTE,2
ODO,2
UKX,2
AYP,2
HUU,2
SHW,2
FKI,2
WAT,2
WIC,2
HVN,2
CKD,2
HGR,2
LCK,2
KOZ,2
SHG,2
SLQ,2
SJT,2
VAK,2
VDZ,2
WLK,2
NDU,2
PGX,2
AIN,2
ATK,2
CIK,2
BEB,2
LRT,2
BSO,2
CRM,2
PRA,2
IPT,2
JLN,2
VXC,2
TOE,2
LAW,2
FRW,2
BKY,2
BNC,2
KOC,2
TGJ,2
UVE,2
LLK,2
AOO,2
ASE,2
BFD,2
KUK,2
YCL,2
TXK,2
PIZ,2
SMX,2
STC,2
YZT,2
LYH,2
CFN,2
FKL,2
JHW,2
JST,2
KSA,2
NUP,2
PND,2
AGF,2
ITB,2
IZA,2
JPR,2
ORH,2
PSE,2
PWM,2
SVS,2
WBQ,2
BMY,2
JFR,2
JQA,2
JSU,2
JUU,2
KGQ,2
KHQ,2
CNP,2
IKE,2
IOT,2
IUI,2
YCD,2
YCG,2
ATT,2
BKW,2
CEC,2
DUJ,2
WWT,2
BOC,2
ASV,2
QBC,2
SVL,2
TAY,2
BAY,2
BZO,2
OMR,2
LLU,2
NSQ,2
QUW,2
SAE,2
THU,2
YGP,2
YPR,2
LMT,2
MGW,2
ROP,2
TKK,2
YAP,2
TUO,2
WRE,2
TQA,2
UPK,2
ACI,2
ERL,2
TKD,2
SLI,2
MMU,2
TNK,2
WTL,2
CRI,2
IGA,2
MYG,2
NVA,2
ACR,2
AUC,2
BUN,2
CZU,2
FLA,2
GPI,2
LCR,2
PBD,2
PPQ,2
RVT,2
SUJ,2
MLL,2
NRK,2
BJZ,2
PBL,2
GLN,2
OZZ,2
AXM,2
DCN,2
GIS,2
IVC,2
PNA,2
RVN,2
GAE,2
GAF,2
KCT,2
PED,2
AXP,2
TBB,2
VCL,2
VCS,2
VDH,2
SNE,2
PQI,2
LYP,2
SHB,2
WKJ,2
CFC,2
ERM,2
GEL,2
ZAL,2
VUP,2
KAJ,2
KEM,2
KRO,2
MQF,2
SKX,2
ULV,2
KGE,2
NNB,2
RBV,2
BLE,2
ORB,2
YGH,2
YWJ,2
ZFN,2
TMJ,2
OHH,2
EYP,2
XCH,2
AHE,2
FAV,2
HOI,2
MVT,2
KSD,2
KZS,2
MLO,2
SWJ,2
IKI,2
BNY,2
FRE,2
PSG,2
PUW,2
SDP,2
WRG,2
YAK,2
LZC,2
MAM,2
PDS,2
SLW,2
TAP,2
AWD,2
DLY,2
FTA,2
LNB,2
LOD,2
LPM,2
PBJ,2
RNA,2
RNL,2
KTG,2
VKT,2
AAN,2
HFA,2
YPY,2
EGN,2
ELF,2
UYL,2
PAS,2
CIJ,2
POI,2
JUJ,2
TUC,2
UAQ,2
MMH,2
PHB,2
CVM,2
JAL,2
RUR,2
RVV,2
TIH,2
EVG,2
HFS,2
MXX,2
WNP,2
GOQ,2
NGQ,2
NYT,2
YUS,2
ZQZ,2
JHM,2
INB,2
ORZ,2
XBJ,2
ODN,2
YGX,2
BYN,2
MMJ,2
ASJ,2
MSJ,2
TKS,2
RDN,2
YWH,2
AUK,2
BTI,2
MII,2
TIR,2
USK,2
AFA,2
RMT,2
LAO,2
PAG,2
PJA,2
TYF,2
ABB,2
BNI,2
CBQ,2
QOW,2
QRW,2
CRA,2
DEB,2
BBN,2
KUD,2
LGL,2
LKH,2
MKM,2
IXD,2
ELG,2
HRM,2
IAM,2
INZ,2
MUW,2
PGV,2
ROW,2
KYU,2
MOU,2
KBU,2
LUW,2
IOA,2
JNX,2
JSI,2
JSY,2
YVM,2
DJG,2
CSY,2
DAV,2
SOJ,2
YAG,2
YYU,2
XSC,2
SXP,2
FDE,2
HAA,2
RET,2
SDN,2
AGR,2
DHM,2
DMU,2
IPL,2
MKL,2
OTH,2
RCE,2
WSX,2
OZH,2
FTU,2
MOQ,2
NUI,2
YRG,2
ZKG,2
ZLT,2
ZTB,2
YXX,2
KIF,2
DOL,2
SNW,2
TVY,2
YAB,2
YFS,2
ANR,2
YSY,2
KUV,2
LPI,2
FUO,2
AJR,2
HMV,2
JKG,2
KCC,2
ELD,2
HOT,2
HRO,2
SUX,2
BHS,2
SVI,2
TME,2
YAT,2
NDY,2
SOY,2
BOY,2
WRY,2
CYB,2
LYB,2
XKS,2
YAC,2
YAX,2
YHP,2
YLH,2
PLO,2
ZNE,2
MYA,2
NRA,2
PKE,2
YNC,2
YNS,2
ZEM,2
ZKE,2
WIN,2
RVE,2
SJE,2
UKS,2
RBQ,2
PPB,2
SPS,2
WYA,1
LSY,1
OAG,1
BIR,1
BWA,1
YPO,1
MCM,1
NQU,1
PVA,1
SJL,1
RVD,1
ROO,1
POJ,1
VIS,1
SVC,1
SHR,1
RIW,1
PRC,1
MCK,1
BHR,1
BDP,1
GCN,1
EAR,1
CEZ,1
BFF,1
PPV,1
NKI,1
KPB,1
HYG,1
ILI,1
WJU,1
PYY,1
HGN,1
FRD,1
ESD,1
CLM,1
VDB,1
OLA,1
VCT,1
LNS,1
LAM,1
NTX,1
NAH,1
MNA,1
EDA,1
WGP,1
PUM,1
PSJ,1
MYU,1
WMR,1
UDJ,1
LPS,1
KOS,1
SLN,1
PDT,1
AHN,1
WWP,1
PEC,1
ELV,1
BXB,1
BUW,1
AVV,1
SHM,1
IZO,1
RRG,1
TGC,1
LMN,1
LDU,1
LBP,1
BKM,1
MJU,1
KAZ,1
SRV,1
GYA,1
AGN,1
KHD,1
LEQ,1
KYZ,1
WMX,1
MUE,1
HNM,1
KGT,1
ABS,1
ULZ,1
LTI,1
HVD,1
YIE,1
CXH,1
TKE,1
TGH,1
SSR,1
OKL,1
DOB,1
OMO,1
VAO,1
SCZ,1
RUS,1
MWF,1
EAE,1
AUY,1
SXK,1
KKB,1
AOS,1
OER,1
RIB,1
BVV,1
JJA,1
CHY,1
ATD,1
SLM,1
RJL,1
RGS,1
LEN,1
OIM,1
NTQ,1
MBE,1
IWK,1
IWJ,1
HAC,1
WLH,1
VLS,1
LCX,1
PRI,1
GCW,1
BLD,1
PPG,1
RUA,1
GMZ,1
URG,1
SRA,1
GPB,1
TTJ,1
SYO,1
ONJ,1
ILD,1
EKS,1
DEE,1
NLG,1
KVC,1
KQA,1
KPV,1
KLL,1
KFP,1
KCQ,1
KAT,1
IUE,1
HKK,1
IFJ,1
EGS,1
AEY,1
UEO,1
OST,1
YNY,1
WAG,1
TIU,1
LQM,1
LPD,1
LMC,1
IPI,1
BSC,1
KKE,1
MUK,1
MOI,1
MGS,1
AIU,1
WSN,1
UGB,1
PTH,1
PIP,1
CIP,1
PMY,1
BWK,1
KCL,1
KCG,1
IKO,1
IGG,1
EGX,1
AKB,1
BPL,1
KSO,1
XEQ,1
TQI,1
NYI,1
WSZ,1
WHK,1
JUK,1
SVR,1
SRK,1
SGG,1
QUV,1
QOQ,1
QJH,1
QFN,1
QFG,1
OBY,1
NIQ,1
GJA,1
MBL,1
MNS,1
MFU,1
KAA,1
SDY,1
PAF,1
KSE,1
UIP,1
SCK,1
SCM,1
RDV,1
YJT,1
AUR,1
SLX,1
AOQ,1
YGK,1
LAZ,1
GNM,1
IOQ,1
KUZ,1
AAY,1
VBV,1
CHU,1
YYF,1
YXH,1
YQL,1
EDO,1
LAI,1
KLN,1
PSM,1
OGD,1
BLV,1
CZS,1
SYB,1
TBN,1
SLK,1
YLL,1
UIN,1
XGR,1
RTA,1
LKB,1
ICI,1
FUN,1
NAW,1
DBA,1
SUK,1
THS,1
TDX,1
LPT,1
BRQ,1
JBR,1
AXK,1
ASO,1
AMH,1
ZBF,1
YZR,1
YZP,1
SSY,1
MBT,1
JOL,1
CYP,1
RCY,1
PJG,1
KDU,1
GIL,1
AFL,1
AAX,1
UST,1
LGQ,1
ETR,1
YES,1
SDG,1
PFQ,1
FVM,1
WBM,1
MDU,1
CMU,1
BUL,1
MYW,1
MBI,1
BKZ,1
ARK,1
SHC,1
GDE,1
GCH,1
DEF,1
BXR,1
BJB,1
AFZ,1
RKD,1
PVC,1
OLF,1
CUQ,1
ABM,1
TKJ,1
HKB,1
CKX,1
XMS,1
TNW,1
MEC,1
KRP,1
OGS,1
MWA,1
MSS,1
MAZ,1
IRK,1
HVR,1
GGW,1
ACZ,1
NGE,1
MVR,1
SXI,1
XTG,1
KHY,1
IIL,1
HDM,1
HOE,1
ZBL,1
TMW,1
OLP,1
MRZ,1
HID,1
DPO,1
BKQ,1
BCI,1
GLH,1
ULO,1
ULG,1
POG,1
PIB,1
MSL,1
MEI,1
PIH,1
RUT,1
MSZ,1
BDU,1
RNN,1
SZI,1
GDV,1
CPX,1
CGI,1
BHB,1
AUG,1
TVF,1
OSW,1
XKH,1
ODY,1
LXG,1
HIB,1
ESC,1
EKO,1
CNY,1
CIU,1
CDC,1
BTM,1
FJR,1
PWE,1
VGZ,1
NGK,1
LUO,1
CSK,1
VEL,1
TWF,1
PLN,1
UNN,1
SNO,1
ROI,1
PRH,1
MAQ,1
LOE,1
CJM,1
SXX,1
SXO,1
STZ,1
RDC,1
OIA,1
MQH,1
GRP,1
CDJ,1
ZDY,1
BFV,1
THN,1
VUS,1
KVK,1
LLB,1
UTT,1
RCB,1
PZB,1
PTG,1
PHW,1
MTS,1
MSU,1
RGK,1
OGZ,1
BJI,1
ABR,1
GRW,1
GAO,1
TNN,1
TFI,1
CMG,1
PUG,1
PTJ,1
MEB,1
FLS,1
TCR,1
MYQ,1
IXG,1
FUT,1
LMA,1
KBC,1
ARC,1
YRA,1
YLE,1
YFJ,1
LSA,1
CIZ,1
BYO,1
BVH,1
BAZ,1
AQA,1
TLJ,1
TCT,1
NIB,1
EJH,1
GDZ,1
XFW,1
AGB,1
OMD,1
TOG,1
PQM,1
LJA,1
KOO,1
LUD,1
TUI,1
RAH,1
KCK,1
GVR,1
ERN,1
YGZ,1
RJH,1
BZL,1
CTM,1
YSG,1
NAJ,1
KZR,1
KFS,1
KCO,1
IRP,1
GMA,1
BNB,1
ISE,1
CND,1
CKZ,1
AOE,1
TEB,1
VDA,1
LEH,1
DIJ,1
OND,1
CEM,1
SSB,1
SPB,1
TRE,1
ILY,1
DND,1
CAL,1
BRR,1
ZMT,1
YZZ,1
VPY,1
MGT,1
MCV,1
ELC,1
TEQ,1
NOP,1
GNU,1
LKG,1
YLC,1
LEC,1
IRZ,1
LWN,1
GBB,1
TOU,1
MEE,1
KNQ,1
ILP,1
RMP,1
MNT,1
MLY,1
IRC,1
CXF,1
YAA,1
TNC,1
LUR,1
KTL,1
WNA,1
PTU,1
PKA,1
HOB,1
HDN,1
GUC,1
FOE,1
EGE,1
EAU,1
CMX,1
CLD,1
CIC,1
ORI,1
OLH,1
LOK,1
TTQ,1
SYQ,1
SHD,1
RDD,1
PUB,1
PKB,1
PAH,1
MTJ,1
MOD,1
MKG,1
LAR,1
YPW,1
YKT,1
CAJ,1
UTS,1
URS,1
NOB,1
KUO,1
KAO,1
JOE,1
TCO,1
RCH,1
PPN,1
TBW,1
TRR,1
DIW,1
BTC,1
MSW,1
LPY,1
EJA,1
TTU,1
TTA,1
AHU,1
YKM,1
CCK,1
VLY,1
GLO,1
SVZ,1
SOM,1
SNV,1
PYH,1
LFR,1
CZE,1
CUM,1
CBS,1
ADK,1
VDM,1
PEZ,1
PES,1
IAO,1
CYZ,1
CGM,1
LTO,1
EAT,1
SFL,1
MMO,1
VKG,1
THD,1
DIN,1
CAH,1
MZL,1
SDE,1
RSA,1
RHD,1
RES,1
PSS,1
LUQ,1
IRJ,1
FMA,1
CTC,1
MKP,1
KXU,1
KKR,1
KHZ,1
GMR,1
AXR,1
ALW,1
SHL,1
LUH,1
KUU,1
KNU,1
PAV,1
OLC,1
OAL,1
CSH,1
VRC,1
MHG,1
KID,1
TKP,1
RKA,1
CPC,1
NLD,1
PIN,1
ARW,1
TGI,1
JAU,1
ATA,1
ANS,1
YOL,1
SKO,1
QUO,1
KAD,1
JOS,1
ILR,1
IBA,1
GMO,1
VIN,1
URE,1
SJI,1
ELU,1
EBH,1
JGA,1
HJR,1
GWL,1
AGX,1
TID,1
TGR,1
TEE,1
PVE,1
PUE,1
OTD,1
KME,1
PBU,1
KYP,1
KET,1
ESL,1
SIC,1
SAX,1
CFK,1
CBH,1
BMW,1
MGH,1
SKE,1
RRS,1
NVK,1
LKL,1
OGM,1
MPP,1
JQE,1
AKK,1
MZW,1
TBT,1
PYC,1
KAW,1
ZFM,1
YUB,1
KEW,1
YBR,1
SAB,1
EUX,1
ELL,1
GHE,1
CHX,1
BFQ,1
ACU,1
IAR,1
GRV,1
UYU,1
KWF,1
TMI,1
PKR,1
KEP,1
JKR,1
DHI,1
YVZ,1
YPL,1
YOG,1
SUR,1
YPC,1
SGD,1
TTT,1
TUR,1
TMT,1
TCD,1
TGK,1
CED,1
CPD,1
GFN,1
RCM,1
KGP,1
THX,1
TGP,1
IAA,1
APF,1
KAE,1
EXI,1
KHS,1
MCE,1
LBF,1
CNM,1
ANG,1
OLL,1
ZOS,1
TRU,1
TBP,1
MPN,1
MHC,1
CIX,1
QUB,1
LTD,1
GHT,1
EOI,1
OGL,1
KGC,1
TQL,1
