dest_airport,count
ATL,911
ORD,550
PEK,534
LHR,524
CDG,517
LAX,498
FRA,493
DFW,467
JFK,455
AMS,450
PVG,414
SIN,412
BCN,392
DEN,374
ICN,370
MIA,366
IST,361
MUC,360
HKG,355
DXB,354
LGW,352
CAN,336
MAD,331
FCO,331
BKK,330
DME,325
CTU,323
YYZ,317
BRU,315
MAN,311
VIE,308
CLT,299
NRT,289
PHL,287
DUS,285
XIY,280
PMI,277
KMG,272
CKG,270
DEL,263
TPE,263
KUL,257
PHX,257
HGH,254
LAS,252
EWR,252
SFO,250
ZRH,247
IAH,242
MEX,242
MCO,238
AUH,236
SZX,233
XMN,233
CPH,228
BOM,225
LIS,221
ARN,220
DTW,217
BOS,212
MSP,212
TXL,210
DUB,207
ATH,206
SHA,206
AGP,204
ORY,203
SYD,202
SEA,202
SVO,198
GRU,194
MXP,194
MNL,193
DCA,192
IAD,190
FLL,188
DOH,188
TAO,188
CSX,188
WUH,187
YUL,186
LED,184
JED,183
OSL,183
CGK,182
PRG,181
CGO,174
STN,170
NKG,165
GVA,163
JNB,162
HEL,161
HAM,160
TFS,159
LGA,158
HND,158
ALC,157
YVR,157
BOG,155
CUN,154
LPA,154
URC,153
CAI,152
KIX,152
TSN,147
SAW,145
BWI,144
BNE,144
DLC,143
LYS,140
RUH,139
TPA,138
KWE,137
SLC,137
STR,136
SHE,136
TLV,135
TNA,135
NCE,134
FOC,133
MDW,132
MEL,132
BHX,131
CGN,131
HRB,130
MRS,129
NBO,128
AYT,126
MSY,125
CMN,125
VCE,123
WAW,120
SAN,119
KWI,119
CTA,118
EDI,118
AKL,117
ACE,117
PDX,117
LIM,115
OTP,115
HNL,115
NNG,114
MLA,113
YYC,113
AMM,112
TYN,110
HER,109
ADD,109
SYX,109
SGN,109
KWL,107
STL,107
HAK,107
PTY,106
LTN,106
FAO,105
MAA,104
MCT,104
IBZ,103
OPO,102
CMB,102
SJU,102
DPS,101
RIX,101
SVX,101
KBP,100
BRS,100
BSB,99
SHJ,98
BLR,98
BUD,97
EMA,97
LCA,97
CCU,97
GIG,96
GLA,96
FUE,95
BSL,94
GDL,92
NTE,91
CCS,91
OVB,90
PER,90
BLQ,88
TUN,88
ALG,88
HET,87
SKG,87
HAN,87
KHN,86
RHO,86
BAH,86
FUK,85
BEG,85
VKO,85
NGO,85
NGB,84
CRL,84
AUS,84
LHW,84
RDU,84
TLS,83
SXF,82
SJW,82
DMM,82
BNA,82
BGY,81
VLC,81
WNZ,81
NCL,81
CTS,81
PUS,80
CLE,80
LBA,80
NAY,80
NAP,79
SCL,79
TAS,79
MFM,79
HFE,77
MCI,77
HAJ,76
PSA,76
CVG,75
PIT,74
EZE,74
DAC,74
SJO,73
MTY,73
HYD,73
RAK,72
YEG,71
LUX,70
PUJ,70
HOU,70
IND,69
NAS,68
SAT,68
BGO,68
EIN,67
ALA,67
DMK,67
ADB,67
BOD,67
DKR,67
HKT,67
CGQ,67
SOF,66
INC,66
LCY,66
SUB,66
BEY,66
RSW,65
CMH,65
KHH,64
LJG,64
GYD,64
MHD,63
KHI,63
BIO,63
THR,63
AEP,63
PMO,63
SVQ,62
IKA,62
OKA,62
DBV,61
SJC,60
MKE,60
LIN,60
BVA,60
ANC,59
DLM,59
ISB,59
COK,59
MED,59
CJU,59
LOS,59
ZUH,59
LPL,58
SSA,58
VNO,58
VCP,57
KRK,57
OAK,57
YNT,56
SXM,56
UPG,56
LHE,55
CNF,55
MEM,54
DYU,54
CNS,54
GOT,54
MSQ,54
ACC,53
SMF,53
CFU,53
FLR,53
ESB,53
FNC,52
BKI,52
SAL,52
SVG,52
OLB,52
TSE,52
YHZ,52
BDL,52
ABJ,52
ADL,51
POM,50
BRI,50
SJD,50
XNN,50
CIA,50
BRE,50
RGN,50
GDN,50
GRO,49
CEB,48
SDQ,48
SFB,48
SPU,48
NUE,47
DLA,47
KJA,47
CGH,47
BLL,47
CNX,47
HHN,47
WUX,47
KGS,47
TIP,47
KEF,46
AUA,46
CHQ,46
LAD,46
PVR,45
FRU,45
NBE,45
KRR,45
EVN,45
JAX,45
KTM,44
DRW,44
PBI,44
MBJ,44
YOW,44
DWC,44
JJN,44
POA,44
SNA,44
CAG,43
PFO,43
CWB,43
ZAG,43
PEN,42
TRD,42
SDF,42
TRN,42
TRV,42
OGG,42
ITM,42
CPT,42
HAV,42
MRU,41
MLE,41
IKT,41
ABQ,41
ABZ,41
OKC,41
TIJ,41
NAN,40
GUA,40
TSA,40
YWG,40
LIL,40
KRT,40
SSH,39
GMP,39
REP,39
PPT,39
UIO,39
COO,39
HBE,39
LEJ,39
HRG,39
SYZ,39
AJA,39
RIC,38
YKS,38
TLL,38
VRN,38
TSF,38
ORF,38
JER,38
SAH,38
CHC,38
KGL,38
NRN,38
TRF,37
RYG,37
KHV,37
CZX,37
BIA,36
GYE,36
DAL,36
BPN,36
SWA,36
REC,36
TIA,36
DJE,36
MAH,36
PNQ,35
AMD,35
FOR,35
BHM,35
OMA,35
POS,35
CHS,35
BUF,35
GUM,35
TBS,35
SXB,35
SZG,35
DTM,34
MYR,34
KIV,34
ANU,34
BEL,34
ORN,34
BFS,34
TFN,34
SCQ,34
ORK,34
SOU,33
WRO,33
OUA,33
LBD,33
LUN,33
LJU,33
CGB,33
EBB,33
DAD,33
RTM,33
MAO,32
GAU,32
BJV,32
WLG,32
DAR,32
DAY,32
CUR,32
AZA,32
STT,32
PNH,32
PIE,31
CWL,31
SDJ,31
PLS,31
SDU,31
AHO,31
NYO,31
TUS,31
HRE,31
TYS,31
ABV,30
CCJ,30
PEW,30
EBL,30
ROC,30
LXA,30
GSP,29
SNN,29
RNO,29
GOI,29
OSS,29
BAV,29
RMQ,29
JOG,29
YQB,29
YCU,29
ALB,29
LIT,29
PTP,29
SZB,29
KTW,28
PVD,28
DSM,28
BET,28
KIN,28
ROV,28
GRR,28
YZF,28
TPS,28
VLI,28
KZN,28
OOL,28
BZE,28
AGA,28
FIH,28
TUL,28
BKO,27
TNR,27
CLO,27
BTH,27
FAI,27
KUF,27
BMA,27
KBL,26
TOS,26
TXN,26
ZAD,26
MDE,26
GCM,26
WMI,26
BZV,26
KCH,26
AER,26
SYR,26
GSO,26
VVO,26
ONT,26
BEN,25
LPB,25
VTE,25
DSN,25
PSP,25
SUF,25
JHG,24
SKP,24
OME,24
AWZ,24
XNA,24
PDL,24
VVI,24
PAP,24
MYY,24
EXT,24
MPL,24
LBV,24
YIH,24
SAV,23
HMO,23
OTZ,23
FDF,23
FMM,23
BWN,23
BGI,23
HPN,23
YRT,23
MVD,23
ELP,23
SAP,23
HIR,23
UFA,23
TJM,23
DRS,22
CAK,22
KTN,22
IEV,22
YZV,22
MRV,22
BDS,22
GYN,22
FNA,22
XRY,21
DYG,21
LIH,21
MDC,21
PIK,21
BHD,21
SCO,21
PRN,21
ADE,21
GSE,21
AAL,21
MIG,21
PNS,21
RUN,21
LFW,21
FLN,21
JRO,21
NSI,21
POZ,21
CLJ,21
DUR,21
YYT,21
BDO,21
KOA,21
LIR,21
IFN,20
LEX,20
BTS,20
BOI,20
JNU,20
ICT,20
CEK,20
FAT,20
BHY,20
REU,20
GOA,20
MJV,20
CLY,20
ULN,20
FKB,20
XUZ,20
MHT,20
RAO,19
MDT,19
TNG,19
GRZ,19
KUN,19
BOH,19
SDR,19
ODS,19
PMV,19
BND,19
ZHA,19
WDH,19
GOJ,18
VTZ,18
KLO,18
TGU,18
YIW,18
HLD,18
JAN,18
DJJ,18
HSV,18
PNR,18
FEZ,18
JHB,18
DOM,18
PWM,18
LKO,18
USM,18
CID,18
BUR,18
LEI,18
KOJ,18
NTG,18
YTY,18
LYI,18
WIL,18
PKU,18
NDR,18
CKY,18
YFB,18
UVF,18
LGB,18
GCI,18
ASU,18
CAE,17
JIB,17
PGD,17
YNZ,17
OMS,17
OVD,17
EYW,17
UUS,17
CJB,17
NIM,17
BES,17
ZTH,17
KMQ,17
HIJ,17
YQR,17
SRG,17
RAI,17
KIH,17
NGS,17
CGR,17
ADA,17
BOO,17
LGK,17
MPM,17
CUU,17
MSN,17
JAI,17
LWO,17
TGD,16
MDL,16
IXE,16
MIR,16
LOP,16
JDZ,16
TSV,16
KBV,16
CZL,16
CIH,16
CZM,16
CHA,16
VER,16
BVC,16
NUX,16
JZH,16
VIX,16
CGP,16
YXL,16
NAT,16
KIJ,16
IXB,16
LYG,16
SJJ,16
JTR,16
ISP,16
IDR,16
MMX,16
ROB,16
CUL,16
FWA,16
BJX,15
SXR,15
PUY,15
NAG,15
MLI,15
PIA,15
MID,15
BDA,15
YXE,15
YYR,15
SLZ,15
SID,15
CIF,15
FPO,15
WUS,15
KGD,15
TBZ,15
NOC,15
GND,15
YWK,15
GEG,15
MZT,15
ASB,15
YLW,15
DOK,15
ROA,15
ZYI,15
CRW,15
UDI,15
DZA,15
TLH,15
MAR,14
NSK,14
SSG,14
MGA,14
SGC,14
LZH,14
YNJ,14
DVO,14
BTV,14
YTZ,14
YQT,14
COS,14
FAR,14
TLC,14
NJC,14
BGW,14
ECN,14
TTN,14
BJM,14
BIQ,14
FSC,14
MHH,14
MGQ,14
KBR,14
ISG,14
BDJ,14
AMQ,14
HYN,14
UET,14
DNK,14
AHB,14
SGF,14
SEN,14
SEZ,13
ANI,13
POP,13
AES,13
TSR,13
EUG,13
ASP,13
COR,13
ELQ,13
TIF,13
NOU,13
KHG,13
ISA,13
SRQ,13
FDH,13
RTB,13
RAR,13
JMK,13
YYJ,13
BJL,13
VSA,13
FSD,13
ILM,13
PAT,13
MCZ,13
KOW,13
STM,13
YMM,13
ABE,13
OKJ,13
XFN,13
CBR,13
LZO,13
HSN,13
CRK,13
ZNZ,13
PLM,13
RNS,13
CHO,13
LLW,13
LPQ,13
TGO,13
AJU,13
MYJ,12
PLU,12
UKB,12
IGU,12
IXJ,12
TER,12
GNV,12
MLH,12
BRN,12
AVL,12
MUX,12
RAB,12
HGU,12
MBA,12
JUB,12
BME,12
NMA,12
TMP,12
HIA,12
MRA,12
SKT,12
IAS,12
CJS,12
LCG,12
CTG,12
FNT,12
BMI,12
BOJ,12
UYN,12
HAU,12
WXN,12
EIS,12
LDB,12
BIL,12
UNK,12
TRS,11
IXZ,11
UUD,11
ZAH,11
LAE,11
TIV,11
EOH,11
VGO,11
KOE,11
CBB,11
RBA,11
NKC,11
KOI,11
IOM,11
KMI,11
SPR,11
EGC,11
SBN,11
LIG,11
FUG,11
HTA,11
SUV,11
VPS,11
LNZ,11
CIT,11
RZE,11
THE,11
CEI,11
JPA,11
PVK,11
MDZ,11
SON,11
NZH,11
VRA,11
DAT,11
CUZ,11
PAD,11
FMO,11
KRS,11
STI,11
SKB,11
ADZ,11
EGO,11
ANF,11
BLA,11
PZO,11
OUD,10
IQQ,10
BAQ,10
BLI,10
RAS,10
TRC,10
MRY,10
ISU,10
NWI,10
SFA,10
PMC,10
ZQN,10
NDJ,10
AOI,10
IXR,10
RPR,10
YQM,10
MLM,10
ALF,10
ACY,10
LAP,10
AQP,10
YBP,10
TZX,10
YNB,10
VNS,10
GUW,10
BPS,10
VOG,10
MAB,10
HAH,10
KRL,10
HMI,10
JMU,10
ILO,10
MJT,10
KLX,10
INV,10
LXR,10
HKD,10
FBM,10
MDG,10
FSZ,10
PBM,10
SLU,10
VLN,10
LRM,10
NJF,10
AVP,10
SBH,10
YXS,10
CCF,10
SPN,10
RIY,10
MGF,10
NLA,10
JNG,10
LRH,10
APL,9
MOB,9
AMA,9
SCN,9
PVH,9
VAR,9
YRL,9
LBB,9
ZIH,9
GZT,9
PHF,9
HOG,9
BLK,9
SNU,9
TUU,9
MFR,9
AGU,9
PSR,9
ACA,9
SCW,9
ARH,9
YVP,9
HFT,9
EVV,9
LYA,9
FMN,9
MAF,9
IXC,9
HTY,9
ATW,9
IOS,9
CFE,9
IMF,9
TOY,9
ROR,9
PPS,9
HRK,9
OIT,9
HBA,9
MST,9
STX,9
BZR,9
GPT,9
KMJ,9
AAE,9
HMB,9
JGS,9
DAX,9
GBE,9
SBW,9
EVE,9
HEH,9
GRX,9
GEA,9
PLZ,9
DSA,9
SMI,9
JUV,9
ATQ,9
TRZ,9
GOH,9
NEV,9
CJJ,9
CIY,8
ASF,8
LGG,8
PHC,8
SFJ,8
BHO,8
BFJ,8
NNY,8
KNX,8
ASR,8
BBI,8
VOZ,8
INN,8
CCC,8
SLY,8
MAG,8
UKK,8
VVC,8
PSC,8
BZN,8
GSM,8
IXM,8
SOQ,8
PHE,8
BSR,8
GRB,8
BTR,8
SHV,8
PIR,8
SLP,8
ELH,8
GGT,8
LAN,8
YEV,8
TGZ,8
RDM,8
REX,8
FAY,8
TTE,8
AAR,8
PAC,8
YGJ,8
SBA,8
ASM,8
CRD,8
BON,8
HMA,8
YDF,8
NYM,8
SPC,8
TDD,8
TJA,8
UGC,8
YYY,8
RAP,8
AXT,8
BBO,8
QSF,8
NTL,8
POL,8
LST,8
VXO,8
UME,8
HGA,8
GWT,8
IXA,8
VBY,8
TKU,8
BGR,8
HRL,8
ZAZ,8
YYQ,8
TZA,8
SOC,8
KSU,8
SJP,8
GYS,8
GEO,8
GJT,8
KUT,8
TAK,8
CGD,8
MJZ,8
WUA,8
NDG,8
NVT,7
SKD,7
FEG,7
BHK,7
YVO,7
REN,7
IXS,7
SZZ,7
DIG,7
EFL,7
AOK,7
MKW,7
JJU,7
IMP,7
JIQ,7
KGF,7
MOL,7
MSO,7
GTF,7
DLU,7
AZD,7
UDR,7
PMW,7
WEF,7
VDS,7
MMK,7
CEE,7
CJC,7
LSC,7
JUH,7
CGY,7
DNH,7
JGN,7
LVI,7
YEK,7
TAM,7
IQT,7
YTH,7
KAN,7
PGK,7
PIS,7
HLH,7
ECP,7
XIL,7
BRC,7
BEW,7
PDG,7
TET,7
SLL,7
YQQ,7
DIY,7
VXE,7
TRK,7
PKN,7
CAY,7
SRZ,7
VFA,7
KTA,7
AKN,7
PLW,7
ROS,7
GRQ,7
DGA,7
PBC,7
QRO,7
BMV,7
VII,7
SHP,7
GAL,7
SIP,7
OAJ,7
MUB,7
AKJ,7
ZCL,7
TGG,7
AGS,7
ZLO,7
MKY,7
TWU,7
HTI,7
CXR,7
FYU,7
MGM,7
TAI,7
LCE,7
KLU,7
BTU,7
RJK,7
TRI,7
PBG,7
OXB,7
YGW,7
UMD,7
AQG,7
AKX,7
WJR,7
NBC,7
NYU,6
BRW,6
HDG,6
ADQ,6
MMB,6
YCS,6
ZAM,6
PQQ,6
SRE,6
AXA,6
MWZ,6
ACK,6
APW,6
AEX,6
KVA,6
VQS,6
NQY,6
PEE,6
NAO,6
ENY,6
IXL,6
SRY,6
ABD,6
KSH,6
DIB,6
LUM,6
HDY,6
SCU,6
GRK,6
CYS,6
DUD,6
JXA,6
SDK,6
LLA,6
UTH,6
BIS,6
VPE,6
HTN,6
UIB,6
LET,6
GDX,6
JKL,6
LRS,6
BCD,6
AJL,6
PGA,6
PKC,6
TLM,6
YTS,6
KKN,6
TJU,6
AZS,6
YBC,6
NVI,6
YXU,6
BHV,6
TKG,6
DJB,6
BVE,6
EZS,6
MFE,6
HEA,6
MLU,6
YBK,6
ILG,6
SOW,6
CUK,6
RMF,6
GEV,6
GZP,6
YIC,6
YBL,6
PNK,6
RGI,6
SLA,6
JKH,6
HRI,6
BJA,6
BUS,6
ERF,6
GIZ,6
SCC,6
JUL,6
LFT,6
TVS,6
KIR,6
BFL,6
NKM,6
DOY,6
ATZ,6
YCB,6
HME,6
OGX,6
GHB,6
MQL,6
YVQ,6
ALS,6
SAF,6
STS,6
PUQ,6
MUR,6
NQN,6
TAE,6
JUZ,6
ZGS,6
YNA,6
LRR,6
LUZ,6
PLJ,6
ELM,6
GIB,6
OAX,6
TMM,6
AZO,6
YXN,6
ULK,6
PCL,6
TPP,6
HOR,6
JIU,6
MWX,6
ZYL,6
MCG,6
SWF,6
ZBR,6
GBT,6
USH,6
GOV,6
MZV,6
PAZ,6
YKQ,6
REG,6
IQN,6
JIC,6
JDH,6
BRA,6
YXJ,6
VDC,6
ZQW,6
PEI,6
ACX,6
WWK,6
HKN,6
ETH,5
BGA,5
FCA,5
CGA,5
MQN,5
MEH,5
YUY,5
YTL,5
NOJ,5
IXU,5
JAV,5
KUS,5
KUH,5
CCP,5
SDL,5
RTW,5
HUY,5
VAA,5
MAS,5
EWN,5
DAB,5
TEN,5
SYY,5
TOL,5
PGU,5
TAH,5
YUT,5
RGL,5
BLZ,5
KDH,5
DIE,5
TOB,5
YHK,5
SCE,5
FNJ,5
NBS,5
MBS,5
YZS,5
SVD,5
YXY,5
CEN,5
TVC,5
GRJ,5
TAL,5
BUZ,5
EBU,5
RLK,5
ELS,5
MYD,5
IAG,5
RFD,5
PZU,5
SPI,5
GFK,5
YGT,5
CWA,5
WAA,5
PKZ,5
YCO,5
PGF,5
LDE,5
PUF,5
ETZ,5
AOJ,5
VOL,5
ROK,5
LRE,5
GES,5
REL,5
LSI,5
KVD,5
DGO,5
LMM,5
KKA,5
PYJ,5
AZR,5
IBR,5
TAC,5
MMY,5
CDB,5
TAB,5
BOB,5
RFP,5
BRM,5
YWL,5
GNY,5
XQP,5
TUF,5
PEG,5
BCV,5
FSM,5
DRO,5
CRP,5
ERZ,5
NUS,5
OVS,5
BKS,5
BQS,5
GZO,5
MLN,5
JNZ,5
CUF,5
KSQ,5
KGI,5
BDQ,5
CNJ,5
PMR,5
RKV,5
SKZ,5
KQT,5
YSB,5
GKA,5
PNP,5
DQA,5
DDG,5
AKU,5
TOF,5
WBB,5
SKK,5
PBH,5
YFO,5
YQD,5
HAS,5
KUA,5
LDY,5
KWN,5
LXS,5
DLI,5
MOT,5
XIC,5
EBA,5
BTJ,5
AOR,5
PQC,5
HYL,5
RBY,5
YKL,5
MLB,5
HDF,5
LZY,5
AGM,5
UAK,5
JSH,5
DED,5
TCZ,5
TFF,5
TBU,5
RLG,5
HTS,5
GXF,5
MCY,5
BNK,5
YXT,5
YKA,5
KLV,5
KSC,5
PNZ,5
RBR,5
XAP,5
PFB,5
TUK,5
NER,5
MQM,5
VAN,5
MZG,5
MXZ,5
KNH,5
GUR,5
BNN,5
KSM,5
LNV,5
JDO,5
JOI,5
SSJ,5
YHM,4
YHR,4
MJF,4
ANX,4
OUL,4
BHQ,4
NNM,4
SOG,4
HOV,4
FRO,4
SHG,4
MYT,4
SMR,4
CUC,4
XBE,4
DCY,4
PZI,4
MEA,4
KVG,4
BUA,4
DAU,4
TWB,4
MCX,4
IJK,4
AVA,4
OZC,4
MPH,4
RIA,4
KYA,4
VAS,4
ABY,4
SFG,4
HUN,4
TBG,4
YDP,4
YSO,4
YHO,4
YMN,4
YNP,4
YVB,4
YHU,4
MAJ,4
IDA,4
DLH,4
KZO,4
CKS,4
TMS,4
NSN,4
HLZ,4
FUJ,4
COQ,4
YAM,4
UNG,4
LSP,4
GLT,4
ZSA,4
YBG,4
YYG,4
YFC,4
YXC,4
MLX,4
CCV,4
YQU,4
UCT,4
NCU,4
LGP,4
DGT,4
BXU,4
SMK,4
YIF,4
CTL,4
INB,4
DIL,4
SBP,4
ITH,4
ERI,4
ENH,4
AZI,4
FAE,4
MUN,4
PHO,4
IAN,4
KTS,4
GLV,4
GAM,4
SBZ,4
EYK,4
BHI,4
KER,4
NOS,4
WMN,4
ASW,4
BGM,4
RST,4
ART,4
ABL,4
STD,4
CFS,4
ABX,4
GHA,4
BSK,4
BLJ,4
YYH,4
BTK,4
NYK,4
UAS,4
LBL,4
YXP,4
YUX,4
YCY,4
COU,4
MHK,4
MZR,4
LRD,4
TMR,4
YIN,4
STW,4
ELI,4
ORV,4
KWJ,4
GLK,4
BSA,4
DDC,4
IGM,4
BKG,4
GRI,4
WMO,4
SVA,4
KOT,4
PIX,4
BBK,4
SBY,4
CMI,4
CXI,4
MVY,4
NDB,4
FKQ,4
AYQ,4
BTT,4
AKP,4
HHH,4
VHM,4
VIJ,4
HPH,4
AUX,4
AGT,4
KCZ,4
LBC,4
PMF,4
MHQ,4
KRF,4
HAD,4
LYC,4
HOD,4
TNO,4
PJM,4
FNI,4
SQS,4
YYD,4
YQZ,4
MXL,4
URT,4
BKC,4
FLW,4
VNX,4
SCY,4
FKS,4
OSR,4
OSI,4
BUQ,4
MQP,4
LBU,4
IGR,4
FTE,4
UBA,4
JGD,4
GTE,4
BFN,4
SGY,4
YSM,4
RDZ,4
LAU,4
EDL,4
KMS,4
GLF,4
YNG,4
TMU,4
CFR,4
HNA,4
HLA,4
APO,4
GDT,4
DRG,4
RSH,4
KLG,4
AUQ,4
HUH,4
BIK,4
TJQ,4
BYC,4
MUA,4
DPL,4
ENE,4
LBJ,4
TIM,4
KIT,4
JTY,4
JIK,4
KSJ,4
ABA,4
PUU,4
NHV,4
HUI,4
NYA,4
TOE,4
KDI,4
GTO,4
MKK,4
ITO,4
BBA,4
ARI,4
CPO,4
JNN,4
HLN,4
LWS,4
EUN,4
BQN,4
YPX,4
KTB,4
MRE,4
BVG,4
YPH,4
MSA,4
YKU,4
UUA,4
THL,4
MIM,3
ZRJ,3
YAX,3
YFH,3
YKG,3
YMO,3
YMT,3
AKY,3
ZSJ,3
SVJ,3
BJF,3
OSY,3
RVK,3
KKJ,3
CDV,3
ENA,3
LKL,3
SOJ,3
FDE,3
VAW,3
LKN,3
TML,3
MME,3
YGL,3
YSK,3
YUD,3
YPJ,3
SKN,3
TZL,3
YHY,3
HCR,3
SHX,3
KGX,3
EMK,3
YHI,3
IBE,3
MTR,3
AHE,3
RUR,3
XMH,3
UAH,3
UAP,3
MAU,3
MOZ,3
TIH,3
UIH,3
PXU,3
VCA,3
GIU,3
KWA,3
PNI,3
UKA,3
MTM,3
VIL,3
ESU,3
ACV,3
MNG,3
UEL,3
INH,3
LIF,3
KSY,3
ERS,3
ABT,3
BHH,3
EAM,3
BWT,3
SIT,3
WVB,3
WLS,3
AAQ,3
BAX,3
KEJ,3
HSL,3
KAL,3
NUL,3
ANV,3
RMI,3
OSM,3
SMA,3
WGA,3
VIG,3
ZVK,3
TLA,3
SHH,3
DLG,3
SNP,3
STG,3
LDH,3
MOV,3
DBO,3
KVL,3
RMA,3
DMD,3
ONG,3
TBI,3
VAI,3
GAN,3
RYK,3
DEA,3
GWD,3
ATC,3
HJJ,3
LLF,3
OHE,3
HEK,3
CAC,3
PXM,3
TPQ,3
ERC,3
KCM,3
MSR,3
FSP,3
SDV,3
YGV,3
YBX,3
YAY,3
CLQ,3
VGA,3
BAL,3
LUK,3
KVX,3
URJ,3
ALH,3
BQB,3
GET,3
LEA,3
PBO,3
RVT,3
INU,3
SYM,3
ZEL,3
PLQ,3
MDK,3
GOM,3
KGA,3
FKI,3
LBE,3
VDE,3
BHE,3
NPE,3
NPL,3
ROT,3
TRG,3
JCB,3
ERM,3
MTV,3
TSJ,3
JLR,3
IPA,3
LNE,3
SLH,3
TOH,3
ZGU,3
MDQ,3
EQS,3
JBQ,3
AKF,3
SVB,3
MJN,3
TLE,3
SMS,3
ANM,3
LWY,3
STV,3
BPX,3
CHG,3
ORX,3
FRS,3
PEM,3
NDY,3
PPW,3
LAQ,3
YIO,3
YTE,3
OUZ,3
HYA,3
PWQ,3
HIN,3
RSU,3
USN,3
KPO,3
CSG,3
INZ,3
ZSE,3
TLN,3
VLD,3
BGF,3
CYB,3
CAP,3
ELD,3
YQK,3
YAG,3
YHD,3
PPP,3
NBX,3
DHN,3
GTR,3
MXH,3
TIZ,3
BQK,3
YYE,3
GAJ,3
UBJ,3
HNH,3
HNS,3
BNX,3
PND,3
CZH,3
GST,3
LUV,3
ISC,3
MVP,3
PCR,3
PDA,3
PSO,3
HZH,3
CMW,3
CAW,3
VAO,3
EGM,3
IRA,3
AZN,3
KLW,3
EAS,3
OSD,3
PDP,3
BVB,3
JTC,3
FEN,3
CFB,3
SJK,3
PET,3
RXS,3
SUG,3
TUG,3
OPS,3
DOU,3
ZCO,3
LNY,3
OBO,3
TAG,3
YZY,3
DUT,3
ZAT,3
AOG,3
CXJ,3
NAQ,3
JEG,3
AXD,3
JHS,3
RAJ,3
RJA,3
CIJ,3
DCM,3
PKY,3
TNJ,3
MKQ,3
BMU,3
TMC,3
AGH,3
KLR,3
RNB,3
USU,3
AEB,3
WUZ,3
HOF,3
BEJ,3
MLG,3
SKU,3
PVU,3
BOC,3
DRK,3
FON,3
PMZ,3
KKH,3
GPA,3
OCC,3
KWK,3
AKI,3
CYF,3
PHS,3
UBP,3
RKS,3
KKI,3
LPP,3
BZG,3
DNR,3
SFT,3
DLE,3
PQS,3
OOK,3
TNK,3
MOC,3
LNK,3
GCC,3
CPR,3
VST,3
VLL,3
TLT,3
EEK,3
KPN,3
KWT,3
BRO,3
CLL,3
SVU,3
TRW,3
TVU,3
POR,3
MCP,3
SZA,3
IPN,3
KOK,3
TYR,3
HUX,3
LCH,3
ATY,3
HON,3
PXO,3
LMP,3
PNL,3
CDR,3
WRL,3
AIA,3
YQF,3
NOV,3
SDD,3
SPP,3
DMB,3
ATM,3
JIJ,3
MQX,3
LLI,3
LSE,3
MQT,3
YKF,3
CME,3
DIR,3
ENU,3
ADU,3
OMH,3
YSJ,3
KSN,3
PLX,3
URA,3
SRP,3
KRN,3
ESM,3
CUE,3
JSR,3
YUM,3
LFM,3
YGR,3
CBO,3
CXB,3
YQG,3
LYR,3
YQX,3
KEM,3
KAJ,2
YER,2
JYV,2
UPN,2
YAC,2
YNS,2
ZKE,2
YTQ,2
YPM,2
MXV,2
YYB,2
UKS,2
RBQ,2
ZEM,2
YVZ,2
YHP,2
YWP,2
YNO,2
YLH,2
KIF,2
ZPB,2
WNN,2
ZKG,2
YRG,2
ZLT,2
ZTB,2
SDN,2
ORI,2
ZHY,2
GXH,2
YGP,2
ZBF,2
YAT,2
YFA,2
YNC,2
HVG,2
HAA,2
XKS,2
TVY,2
TRO,2
NRA,2
PKE,2
MGB,2
TAY,2
SVL,2
RVN,2
NRK,2
YRB,2
YPR,2
YCG,2
YCD,2
BKQ,2
CRM,2
BSO,2
RZR,2
BDH,2
FLG,2
IPT,2
HVN,2
VDZ,2
HOM,2
ATK,2
YXX,2
SAB,2
DEB,2
TGM,2
CRA,2
RET,2
YQC,2
YZG,2
AKV,2
BZO,2
OMR,2
BAY,2
PQI,2
AXM,2
PIZ,2
LTX,2
LOH,2
GPS,2
SUX,2
PPK,2
YQY,2
NUI,2
VAK,2
HPB,2
SXP,2
AIN,2
YFS,2
PJA,2
TYF,2
MXX,2
GDQ,2
SPS,2
SJT,2
POJ,2
KOV,2
DZN,2
VHC,2
SVP,2
NSH,2
AXU,2
ASO,2
AMH,2
MLW,2
MMH,2
MTT,2
CPE,2
BPT,2
ACT,2
ABI,2
DBQ,2
ALO,2
SZE,2
VUP,2
NVA,2
EYP,2
SUJ,2
MVT,2
FAV,2
TXK,2
AJR,2
IZA,2
CPV,2
JPR,2
MEG,2
CBT,2
ROW,2
LUG,2
QRW,2
QOW,2
CBQ,2
BNI,2
ABB,2
SNE,2
VCS,2
LBS,2
KDV,2
PGV,2
SVS,2
KKC,2
LAW,2
JLN,2
GGG,2
GCK,2
HFS,2
EVG,2
TUB,2
TKX,2
RVV,2
RMT,2
VDH,2
VCL,2
TBB,2
XCH,2
SCT,2
OLH,2
KOZ,2
HMV,2
MLL,2
ATT,2
SGU,2
PBL,2
BJZ,2
WWT,2
COD,2
ISN,2
IMT,2
CIK,2
LYH,2
AAY,2
IGA,2
MYG,2
AXP,2
CRI,2
PED,2
KCT,2
GAE,2
LMT,2
YIK,2
UAQ,2
TUC,2
PDV,2
FLO,2
WTL,2
NME,2
NUP,2
APN,2
KUK,2
WBQ,2
KSD,2
JKG,2
AOO,2
YAP,2
TKK,2
ROP,2
CEC,2
LLK,2
UVE,2
NST,2
JAC,2
KTE,2
IPH,2
BOY,2
DIK,2
CAB,2
XCR,2
KSA,2
OZZ,2
GLN,2
ORH,2
KOC,2
VXC,2
LCK,2
SMX,2
STC,2
POI,2
KZS,2
PAS,2
INL,2
TST,2
ASE,2
FKL,2
DUJ,2
BFD,2
MGW,2
SHD,2
JHW,2
JST,2
IGD,2
BGG,2
MLO,2
KOP,2
TCG,2
NLT,2
LOK,2
CKB,2
AJI,2
ADF,2
TGJ,2
NDU,2
MPA,2
ULH,2
WAE,2
URY,2
SHW,2
RAE,2
AUK,2
SLQ,2
MGZ,2
SNW,2
KIS,2
ORU,2
PBD,2
GOP,2
JFR,2
HGR,2
LRT,2
AGF,2
YSY,2
DWD,2
AQI,2
AJF,2
PGX,2
YAK,2
ONQ,2
CEG,2
KSF,2
IOA,2
IUI,2
IOT,2
QUW,2
LLU,2
KRY,2
BRD,2
RHI,2
PAG,2
IKE,2
THU,2
JSY,2
JSI,2
JNX,2
SJZ,2
CVU,2
FLS,2
KNS,2
KYU,2
SCM,2
PSE,2
PUW,2
WRG,2
PSG,2
OIA,2
HBX,2
MII,2
ARU,2
PHB,2
KCA,2
AAT,2
WNH,2
LNJ,2
JNS,2
JQA,2
TQA,2
JUU,2
SAE,2
JSU,2
UTN,2
KIM,2
HDS,2
AQJ,2
XSB,2
ERL,2
ACI,2
CNP,2
UPK,2
NSQ,2
KHQ,2
KGQ,2
DYR,2
OBU,2
WTK,2
BTI,2
NOZ,2
SDP,2
MRD,2
AIU,2
BSD,2
LDS,2
NNT,2
MOU,2
BDB,2
PLO,2
DAV,2
WLK,2
BEB,2
WIC,2
CFN,2
WAT,2
GOU,2
YPN,2
CMA,2
BUC,2
AIT,2
DIU,2
BHU,2
BHJ,2
ZFN,2
BNS,2
WNP,2
LAO,2
VLV,2
ULP,2
WEI,2
NTN,2
ARM,2
ZNE,2
HVB,2
EMD,2
IRG,2
YGH,2
BLE,2
ORB,2
ZAL,2
EDR,2
AUU,2
BVI,2
BQL,2
CUQ,2
GKK,2
DRV,2
KDO,2
KWM,2
CSY,2
KDM,2
HAQ,2
OHH,2
TMJ,2
YWJ,2
RNA,2
USK,2
IFO,2
SGO,2
WNR,2
BEU,2
SLW,2
PDS,2
MAM,2
FRW,2
CHY,2
RBV,2
RNL,2
GPI,2
LYP,2
LGI,2
DSK,2
MJD,2
CJL,2
PZH,2
MQJ,2
IKS,2
CYX,2
CKH,2
UTP,2
TME,2
SJE,2
RVE,2
KTG,2
NNB,2
KGE,2
BNY,2
NAV,2
MZH,2
SML,2
RSD,2
AFA,2
TAP,2
LUQ,2
JUJ,2
ZUM,2
YCL,2
ULV,2
SKX,2
MMU,2
SLI,2
HFA,2
AAN,2
XBJ,2
ACR,2
AUC,2
ITB,2
DNZ,2
YWB,2
ACH,2
EBJ,2
DEC,2
BRL,2
LZC,2
JAL,2
CVM,2
TKD,2
YWH,2
RDN,2
YDQ,2
YOP,2
YOJ,2
TKS,2
UYL,2
ELF,2
EGN,2
YPY,2
EPR,2
DCN,2
MQF,2
KRO,2
VKT,2
KND,2
TUP,2
YZT,2
CZU,2
BUN,2
MOF,2
PPB,2
MIS,2
AVN,2
PEU,2
SVI,2
LCR,2
OWB,2
KBU,2
MSJ,2
ASJ,2
MMJ,2
FLA,2
IVC,2
NLK,2
WRE,2
TUO,2
GIS,2
BKY,2
TSH,2
MJM,2
BNC,2
GEL,2
CFC,2
KNG,2
OTH,2
HRO,2
BIM,2
DOL,2
CLV,2
CCM,2
IKI,2
PPQ,2
BSG,2
CYO,2
IXD,2
WKJ,2
SHB,2
PBJ,2
SWJ,2
ULB,2
LNB,2
FTA,2
HSG,2
EDA,2
LYB,2
TCB,2
XSC,2
LUW,2
MCN,2
LWB,2
DHM,2
DMU,2
RGA,2
SVK,2
ORZ,2
JHM,2
FUO,2
LPI,2
KUV,2
HOT,2
IPL,2
MKL,2
YUS,2
GOQ,2
ZQZ,2
NYT,2
SFN,2
PRA,2
LPM,2
LOD,2
DLY,2
AWD,2
BYN,2
YGX,2
EWB,2
HRM,2
TFI,2
ODN,2
LKH,2
LGL,2
BBN,2
TIR,2
ANR,2
KTT,2
MKM,2
KUD,2
MOQ,2
FTU,2
NGQ,2
OZH,2
MEU,2
TCQ,2
PIU,2
CJA,2
WRY,2
SOY,2
LEB,2
AGR,2
ELG,2
IAM,2
TID,2
SRX,2
AET,2
VEE,2
HUS,2
YVM,2
NRL,2
EOI,2
HUU,2
AYP,2
UKX,2
ODO,2
DHB,2
FBS,2
LKE,2
WSX,2
RCE,2
BFI,2
IPC,2
BHS,2
GFF,2
MYA,2
WIN,2
JCK,2
MRX,2
YAB,2
CEZ,1
TGK,1
MCK,1
RIW,1
SHR,1
MCE,1
PRC,1
BDP,1
BHR,1
BIR,1
BWA,1
DHI,1
JKR,1
SYB,1
KZB,1
ULO,1
ULG,1
POG,1
BDU,1
YZR,1
YGK,1
SVC,1
UYU,1
BFF,1
YOG,1
SUR,1
RRS,1
KYK,1
LAZ,1
VDB,1
OLA,1
VCT,1
LNS,1
LAM,1
CNM,1
KBC,1
MGH,1
ELL,1
PBZ,1
UDJ,1
OGL,1
FRD,1
ESD,1
CLM,1
ANG,1
TRU,1
TBP,1
QUB,1
LTD,1
GHT,1
RUT,1
RKD,1
PVC,1
BHB,1
AUG,1
TGC,1
HJR,1
CBH,1
CFK,1
BMW,1
TGR,1
YSG,1
YRA,1
YLE,1
YFJ,1
TEE,1
LDU,1
WMR,1
ARC,1
LMA,1
KGT,1
ABS,1
ULZ,1
MTE,1
BVS,1
LPS,1
BKM,1
RRG,1
SDY,1
OLF,1
HVR,1
GGW,1
GDV,1
OGS,1
MSS,1
KCK,1
TVF,1
ELU,1
EBH,1
DJG,1
JGA,1
LMN,1
LBP,1
SHL,1
MUE,1
HNM,1
ILI,1
WJU,1
PYY,1
HGN,1
KOS,1
PDT,1
CIX,1
AHN,1
NKI,1
KPB,1
HVD,1
DLZ,1
LTI,1
KCC,1
HYG,1
PPV,1
WWP,1
GLH,1
MZW,1
MUW,1
YYU,1
PUM,1
PSJ,1
MJU,1
MEI,1
LUH,1
KUU,1
KNU,1
AGX,1
OIM,1
NTQ,1
MBE,1
IWK,1
KKE,1
GWL,1
HAC,1
VLS,1
TGH,1
EAE,1
AUY,1
WLH,1
SSR,1
MWF,1
IWJ,1
MSL,1
URG,1
SRA,1
RIG,1
GPB,1
BUW,1
BXB,1
NAH,1
MNA,1
KAZ,1
WGP,1
SLN,1
UIN,1
TBN,1
TTJ,1
SYO,1
ONJ,1
QBC,1
YAA,1
HKK,1
WHK,1
WAG,1
KAT,1
IFJ,1
EGS,1
AEY,1
UEO,1
GMZ,1
YKT,1
ZMT,1
BNB,1
IRP,1
BUX,1
LSA,1
PVA,1
SLX,1
YIE,1
CXH,1
MWA,1
IRK,1
CGI,1
MAZ,1
CPX,1
SLK,1
NTX,1
AVV,1
IZO,1
IPI,1
YPW,1
ELV,1
PEC,1
YLL,1
SHM,1
AGN,1
TKE,1
TIU,1
LUR,1
TNC,1
AKK,1
IAR,1
KOO,1
PIB,1
YZZ,1
TTT,1
RVD,1
KHD,1
LEQ,1
KYZ,1
NQU,1
BSC,1
ERN,1
TMT,1
PAV,1
LEC,1
TNN,1
JBR,1
CIP,1
PMY,1
BWK,1
NYI,1
WSZ,1
EDO,1
CTC,1
CPC,1
GMA,1
FMI,1
YJT,1
UII,1
GJA,1
PEZ,1
PES,1
GRV,1
SUK,1
MBL,1
MNS,1
MFU,1
KAA,1
DBA,1
PJG,1
KDU,1
GIL,1
THS,1
BUL,1
LLB,1
DOB,1
WMX,1
OKL,1
SXK,1
JJA,1
FRE,1
ATD,1
TDX,1
LPT,1
MBT,1
CYP,1
NLD,1
XGR,1
VGZ,1
BYO,1
AQA,1
SJL,1
OLC,1
IRZ,1
RJL,1
PNA,1
SLM,1
RGS,1
LEN,1
RCY,1
BKZ,1
EKS,1
DEE,1
BVV,1
OMO,1
SCZ,1
RUS,1
AAX,1
TBT,1
CIZ,1
LMC,1
LQM,1
MYW,1
MBI,1
ARK,1
JOL,1
SIC,1
MPP,1
JQE,1
OLP,1
NGE,1
CKX,1
HKB,1
TKJ,1
FVM,1
ESL,1
GHE,1
ACU,1
CZJ,1
WBM,1
MDU,1
CMU,1
OTD,1
TCD,1
LPD,1
OST,1
LCX,1
YNY,1
PRI,1
ILD,1
GCW,1
PPG,1
RUA,1
MUK,1
MOI,1
ABM,1
XTG,1
BFQ,1
MVR,1
SXI,1
MGS,1
CSH,1
GAO,1
GVR,1
VRC,1
SJI,1
CYZ,1
DPO,1
HID,1
ZBL,1
SAX,1
PYC,1
PVE,1
PUE,1
XKH,1
ODY,1
LXG,1
HOE,1
TMW,1
MRZ,1
BSS,1
MQH,1
BCI,1
OGM,1
CHX,1
MYU,1
ILY,1
CAL,1
BRR,1
SPB,1
VDM,1
IRJ,1
FMA,1
TOG,1
EGX,1
PTH,1
UGB,1
IGG,1
KPV,1
KCQ,1
KCL,1
BLD,1
MAQ,1
AKB,1
NLG,1
OSW,1
PWE,1
KVC,1
KFP,1
WSN,1
PIP,1
KLL,1
KCG,1
BPL,1
KZI,1
KQA,1
NGK,1
SRV,1
RGK,1
OGZ,1
GRP,1
ADK,1
CDJ,1
RDC,1
FUT,1
IKO,1
BAZ,1
TUR,1
UTT,1
RCB,1
PZB,1
PTG,1
PHW,1
MTS,1
MSU,1
CMP,1
ZDY,1
FJR,1
MEB,1
PUG,1
TCR,1
MYQ,1
IXG,1
XFW,1
AGB,1
SDE,1
RSA,1
RHD,1
RES,1
PSS,1
SSB,1
ALW,1
LTO,1
SXO,1
QJH,1
QFG,1
PIN,1
IAO,1
KSO,1
QUV,1
NIQ,1
JUK,1
SVR,1
QFN,1
QOQ,1
SRK,1
SGG,1
KUZ,1
IOQ,1
GRW,1
GYA,1
OBY,1
TQI,1
LAI,1
AUR,1
UIP,1
ZFM,1
YUB,1
GDZ,1
DIJ,1
LUD,1
DND,1
TRE,1
AOQ,1
QFX,1
XEQ,1
MEE,1
KNQ,1
ILP,1
OMD,1
OND,1
TUI,1
RAH,1
EJH,1
NAJ,1
KZR,1
KFS,1
ISE,1
RDV,1
CKD,1
CGM,1
RIB,1
KCO,1
CKZ,1
LOE,1
CJM,1
BFV,1
THN,1
KVK,1
VUS,1
SYQ,1
TTQ,1
NOB,1
BLV,1
AOE,1
TEB,1
LEH,1
TOU,1
VPY,1
MGT,1
ELC,1
MCV,1
SCK,1
OGD,1
CZS,1
PSM,1
UNN,1
SNO,1
ROI,1
PRH,1
NOP,1
PKB,1
CND,1
TEQ,1
GBB,1
BMY,1
PIH,1
PTU,1
PAF,1
KSE,1
BRQ,1
HIB,1
BJI,1
ABR,1
CLD,1
AHU,1
TTA,1
TTU,1
YKM,1
EAT,1
LKG,1
HOB,1
BKW,1
WNA,1
PLN,1
ESC,1
CIU,1
MNT,1
OER,1
PUB,1
MTJ,1
LAR,1
HDN,1
GUC,1
EGE,1
LWN,1
UTS,1
DIW,1
CAH,1
TRR,1
BTC,1
GAF,1
LPY,1
RDD,1
MOD,1
CIC,1
PAH,1
MKG,1
FOE,1
EAU,1
CMX,1
SOM,1
PYH,1
LFR,1
CZE,1
CUM,1
CBS,1
AXK,1
PKA,1
EKO,1
CNY,1
CDC,1
BTM,1
CEM,1
IRC,1
CXF,1
URS,1
TBW,1
AOS,1
GNU,1
ZIG,1
VEL,1
TWF,1
AFL,1
VBV,1
GLO,1
VLY,1
SNV,1
CAJ,1
SVZ,1
KXU,1
MKP,1
GMR,1
KKR,1
THD,1
LKB,1
ICI,1
FUN,1
RTA,1
RMP,1
MLY,1
UST,1
KID,1
TKP,1
KHZ,1
RKA,1
DIN,1
CCK,1
KLN,1
KKB,1
SKO,1
CMG,1
ROO,1
OAL,1
BVH,1
CSK,1
LUO,1
YQL,1
ILR,1
IBA,1
GMO,1
MHG,1
VIN,1
SFL,1
MMO,1
VKG,1
SSY,1
PQM,1
CTM,1
NAW,1
SHC,1
GDE,1
JIM,1
TCO,1
RCH,1
PPN,1
MZL,1
EJA,1
ASV,1
HOI,1
AXR,1
YOL,1
LGQ,1
ETR,1
KRP,1
RNN,1
SZI,1
YES,1
KAD,1
JOS,1
YLC,1
KME,1
URE,1
QUO,1
YPC,1
GMB,1
MSZ,1
BJR,1
CHU,1
YBR,1
EUX,1
KET,1
KYP,1
PBU,1
ARW,1
TGI,1
JAU,1
ATA,1
ANS,1
SGD,1
TNW,1
XMS,1
TUA,1
MEC,1
YXH,1
BZL,1
KPR,1
SDG,1
PFQ,1
KHY,1
IIL,1
GCH,1
DEF,1
BXR,1
BJB,1
AFZ,1
TLJ,1
TCT,1
NVK,1
SKE,1
GNM,1
HDM,1
ACZ,1
GCN,1
MCM,1
KAO,1
KAW,1
WYA,1
KUO,1
KTL,1
NIB,1
YGZ,1
RJH,1
SPD,1
YZP,1
YYF,1
KEP,1
OAG,1
KWF,1
EAR,1
JOE,1
IVL,1
IAA,1
APF,1
KAE,1
EXI,1
KHS,1
KEW,1
YPL,1
VIS,1
KGC,1
CPD,1
OLL,1
ZOS,1
MPN,1
MHC,1
LSY,1
GFN,1
RCM,1
LBF,1
CED,1
YPO,1
KGP,1
TQL,1
THX,1
TGP,1
TMI,1
PKR,1
